Date;Promedio (mm)
01/01/1981 6:00;0.009
02/01/1981 6:00;0
03/01/1981 6:00;0.001
04/01/1981 6:00;0.9195
05/01/1981 6:00;0.0005
06/01/1981 6:00;0.004
07/01/1981 6:00;0
08/01/1981 6:00;0
09/01/1981 6:00;0.766
10/01/1981 6:00;4.027
11/01/1981 6:00;3.4485
12/01/1981 6:00;6.1595
13/01/1981 6:00;2.0865
14/01/1981 6:00;2.454
15/01/1981 6:00;7.592
16/01/1981 6:00;5.1275
17/01/1981 6:00;0.276
18/01/1981 6:00;3.6805
19/01/1981 6:00;1.351
20/01/1981 6:00;0.563
21/01/1981 6:00;0.004
22/01/1981 6:00;0
23/01/1981 6:00;0
24/01/1981 6:00;0
25/01/1981 6:00;0
26/01/1981 6:00;0
27/01/1981 6:00;0.007
28/01/1981 6:00;0.005
29/01/1981 6:00;0
30/01/1981 6:00;0
31/01/1981 6:00;0.003
01/02/1981 6:00;0
02/02/1981 6:00;0
03/02/1981 6:00;9.528
04/02/1981 6:00;3.018
05/02/1981 6:00;0.636
06/02/1981 6:00;0.3235
07/02/1981 6:00;0.0185
08/02/1981 6:00;0.3065
09/02/1981 6:00;6.667
10/02/1981 6:00;0.0075
11/02/1981 6:00;0.0085
12/02/1981 6:00;0.0075
13/02/1981 6:00;0
14/02/1981 6:00;0
15/02/1981 6:00;0
16/02/1981 6:00;0
17/02/1981 6:00;0
18/02/1981 6:00;13.6245
19/02/1981 6:00;6.351
20/02/1981 6:00;2.5195
21/02/1981 6:00;3.8205
22/02/1981 6:00;0.7705
23/02/1981 6:00;1.0675
24/02/1981 6:00;0.002
25/02/1981 6:00;3.045
26/02/1981 6:00;29.3075
27/02/1981 6:00;27.111
28/02/1981 6:00;5.798
01/03/1981 6:00;1.239
02/03/1981 6:00;7.4575
03/03/1981 6:00;3.281
04/03/1981 6:00;4.38
05/03/1981 6:00;14.4745
06/03/1981 6:00;1.6655
07/03/1981 6:00;3.1795
08/03/1981 6:00;0.6895
09/03/1981 6:00;0.481
10/03/1981 6:00;9.0855
11/03/1981 6:00;11.491
12/03/1981 6:00;4.935
13/03/1981 6:00;10.1135
14/03/1981 6:00;1.625
15/03/1981 6:00;0.304
16/03/1981 6:00;1.433
17/03/1981 6:00;0.028
18/03/1981 6:00;0.122
19/03/1981 6:00;0.4655
20/03/1981 6:00;2.7505
21/03/1981 6:00;12.2955
22/03/1981 6:00;7.493
23/03/1981 6:00;27.24
24/03/1981 6:00;1.313
25/03/1981 6:00;2.3405
26/03/1981 6:00;2.7065
27/03/1981 6:00;0.822
28/03/1981 6:00;10.236
29/03/1981 6:00;38.105
30/03/1981 6:00;2.743
31/03/1981 6:00;0.172
01/04/1981 6:00;0.4485
02/04/1981 6:00;0.254
03/04/1981 6:00;0.0745
04/04/1981 6:00;1.517
05/04/1981 6:00;2.7495
06/04/1981 6:00;2.5685
07/04/1981 6:00;1.366
08/04/1981 6:00;0.034
09/04/1981 6:00;2.849
10/04/1981 6:00;3.901
11/04/1981 6:00;3.2105
12/04/1981 6:00;5.8005
13/04/1981 6:00;8.359
14/04/1981 6:00;6.2875
15/04/1981 6:00;1.4785
16/04/1981 6:00;0.004
17/04/1981 6:00;0.004
18/04/1981 6:00;0.004
19/04/1981 6:00;1.5465
20/04/1981 6:00;1.689
21/04/1981 6:00;2.334
22/04/1981 6:00;2.748
23/04/1981 6:00;3.6855
24/04/1981 6:00;8.5715
25/04/1981 6:00;10.3215
26/04/1981 6:00;7.8205
27/04/1981 6:00;7.132
28/04/1981 6:00;3.409
29/04/1981 6:00;1.708
30/04/1981 6:00;0.3875
01/05/1981 6:00;2.1825
02/05/1981 6:00;3.935
03/05/1981 6:00;3.5025
04/05/1981 6:00;1.986
05/05/1981 6:00;2.009
06/05/1981 6:00;2.8635
07/05/1981 6:00;4.947
08/05/1981 6:00;5.43
09/05/1981 6:00;8.737
10/05/1981 6:00;8.074
11/05/1981 6:00;6.9565
12/05/1981 6:00;4.2755
13/05/1981 6:00;3.301
14/05/1981 6:00;9.1065
15/05/1981 6:00;10.523
16/05/1981 6:00;9.464
17/05/1981 6:00;15.527
18/05/1981 6:00;18.746
19/05/1981 6:00;8.938
20/05/1981 6:00;7.4715
21/05/1981 6:00;1.9605
22/05/1981 6:00;0.4335
23/05/1981 6:00;1.728
24/05/1981 6:00;8.85
25/05/1981 6:00;6.4825
26/05/1981 6:00;8.1035
27/05/1981 6:00;2.676
28/05/1981 6:00;2.9815
29/05/1981 6:00;2.0085
30/05/1981 6:00;0.107
31/05/1981 6:00;0.6945
01/06/1981 6:00;6.5455
02/06/1981 6:00;4.415
03/06/1981 6:00;1.5855
04/06/1981 6:00;2.501
05/06/1981 6:00;0.522
06/06/1981 6:00;0.339
07/06/1981 6:00;2.512
08/06/1981 6:00;0.66
09/06/1981 6:00;0.0045
10/06/1981 6:00;0
11/06/1981 6:00;0.017
12/06/1981 6:00;0
13/06/1981 6:00;0.007
14/06/1981 6:00;0
15/06/1981 6:00;0
16/06/1981 6:00;0
17/06/1981 6:00;0
18/06/1981 6:00;0
19/06/1981 6:00;0
20/06/1981 6:00;0
21/06/1981 6:00;0
22/06/1981 6:00;0
23/06/1981 6:00;0
24/06/1981 6:00;0.7515
25/06/1981 6:00;0.9665
26/06/1981 6:00;3.052
27/06/1981 6:00;0.0195
28/06/1981 6:00;0.639
29/06/1981 6:00;0.003
30/06/1981 6:00;0.002
01/07/1981 6:00;0.0595
02/07/1981 6:00;0.04
03/07/1981 6:00;0.0485
04/07/1981 6:00;0.8605
05/07/1981 6:00;1.6685
06/07/1981 6:00;2.497
07/07/1981 6:00;0.004
08/07/1981 6:00;1.477
09/07/1981 6:00;6.515
10/07/1981 6:00;0.0155
11/07/1981 6:00;0.0005
12/07/1981 6:00;0
13/07/1981 6:00;0
14/07/1981 6:00;0
15/07/1981 6:00;0
16/07/1981 6:00;0.0075
17/07/1981 6:00;0.0245
18/07/1981 6:00;0
19/07/1981 6:00;0
20/07/1981 6:00;0
21/07/1981 6:00;0.0005
22/07/1981 6:00;0.2475
23/07/1981 6:00;0.079
24/07/1981 6:00;0.012
25/07/1981 6:00;0
26/07/1981 6:00;0
27/07/1981 6:00;0
28/07/1981 6:00;0
29/07/1981 6:00;0
30/07/1981 6:00;0.036
31/07/1981 6:00;0.011
01/08/1981 6:00;0.5285
02/08/1981 6:00;0.0015
03/08/1981 6:00;0.003
04/08/1981 6:00;0
05/08/1981 6:00;0.096
06/08/1981 6:00;0.1695
07/08/1981 6:00;0.0165
08/08/1981 6:00;0.014
09/08/1981 6:00;0
10/08/1981 6:00;0
11/08/1981 6:00;0
12/08/1981 6:00;0
13/08/1981 6:00;0
14/08/1981 6:00;0
15/08/1981 6:00;0.0005
16/08/1981 6:00;0
17/08/1981 6:00;0
18/08/1981 6:00;0.0455
19/08/1981 6:00;0.0645
20/08/1981 6:00;0.5515
21/08/1981 6:00;0.044
22/08/1981 6:00;0
23/08/1981 6:00;0.002
24/08/1981 6:00;0
25/08/1981 6:00;0
26/08/1981 6:00;0
27/08/1981 6:00;0
28/08/1981 6:00;0
29/08/1981 6:00;0.3695
30/08/1981 6:00;0.765
31/08/1981 6:00;0
01/09/1981 6:00;0
02/09/1981 6:00;0
03/09/1981 6:00;0
04/09/1981 6:00;0
05/09/1981 6:00;0
06/09/1981 6:00;0.013
07/09/1981 6:00;0
08/09/1981 6:00;0.064
09/09/1981 6:00;0.0975
10/09/1981 6:00;13.6305
11/09/1981 6:00;2.062
12/09/1981 6:00;2.9275
13/09/1981 6:00;3.8825
14/09/1981 6:00;4.827
15/09/1981 6:00;1.942
16/09/1981 6:00;3.9785
17/09/1981 6:00;5.1145
18/09/1981 6:00;0.3185
19/09/1981 6:00;5.5905
20/09/1981 6:00;19.3685
21/09/1981 6:00;4.877
22/09/1981 6:00;0.169
23/09/1981 6:00;0.006
24/09/1981 6:00;8.855
25/09/1981 6:00;32.3165
26/09/1981 6:00;20.475
27/09/1981 6:00;4.0065
28/09/1981 6:00;4.145
29/09/1981 6:00;1.951
30/09/1981 6:00;17.651
01/10/1981 6:00;7.4655
02/10/1981 6:00;15.721
03/10/1981 6:00;0.302
04/10/1981 6:00;3.7725
05/10/1981 6:00;6.9715
06/10/1981 6:00;3.1625
07/10/1981 6:00;0.041
08/10/1981 6:00;2.0555
09/10/1981 6:00;0.093
10/10/1981 6:00;1.2265
11/10/1981 6:00;2.3205
12/10/1981 6:00;3.159
13/10/1981 6:00;2.1965
14/10/1981 6:00;4.7865
15/10/1981 6:00;4.7535
16/10/1981 6:00;6.4155
17/10/1981 6:00;1.4425
18/10/1981 6:00;0.0135
19/10/1981 6:00;0.405
20/10/1981 6:00;2.334
21/10/1981 6:00;2.2295
22/10/1981 6:00;3.9595
23/10/1981 6:00;0.0115
24/10/1981 6:00;0.062
25/10/1981 6:00;3.3235
26/10/1981 6:00;0.9035
27/10/1981 6:00;1.616
28/10/1981 6:00;0.0405
29/10/1981 6:00;0.0845
30/10/1981 6:00;0.108
31/10/1981 6:00;0.005
01/11/1981 6:00;0.159
02/11/1981 6:00;0.0085
03/11/1981 6:00;0.0025
04/11/1981 6:00;0.009
05/11/1981 6:00;0
06/11/1981 6:00;0
07/11/1981 6:00;0.006
08/11/1981 6:00;0
09/11/1981 6:00;0.0025
10/11/1981 6:00;0
11/11/1981 6:00;0.008
12/11/1981 6:00;0.0045
13/11/1981 6:00;0.0105
14/11/1981 6:00;0
15/11/1981 6:00;0
16/11/1981 6:00;1.026
17/11/1981 6:00;0.011
18/11/1981 6:00;0.033
19/11/1981 6:00;0
20/11/1981 6:00;0
21/11/1981 6:00;0.0005
22/11/1981 6:00;0
23/11/1981 6:00;0.287
24/11/1981 6:00;0.3515
25/11/1981 6:00;0.0085
26/11/1981 6:00;0
27/11/1981 6:00;0.0175
28/11/1981 6:00;0.0795
29/11/1981 6:00;0
30/11/1981 6:00;0.0205
01/12/1981 6:00;2.602
02/12/1981 6:00;0.0205
03/12/1981 6:00;0
04/12/1981 6:00;0.031
05/12/1981 6:00;3.355
06/12/1981 6:00;4.846
07/12/1981 6:00;5.6155
08/12/1981 6:00;6.3465
09/12/1981 6:00;2.8065
10/12/1981 6:00;12.4795
11/12/1981 6:00;7.3845
12/12/1981 6:00;13.1285
13/12/1981 6:00;15.1245
14/12/1981 6:00;0.968
15/12/1981 6:00;17.152
16/12/1981 6:00;4.9215
17/12/1981 6:00;11.2215
18/12/1981 6:00;13.2615
19/12/1981 6:00;21.589
20/12/1981 6:00;15.612
21/12/1981 6:00;4.656
22/12/1981 6:00;9.946
23/12/1981 6:00;4.3865
24/12/1981 6:00;4.33
25/12/1981 6:00;5.459
26/12/1981 6:00;9.9985
27/12/1981 6:00;12.4195
28/12/1981 6:00;7.8475
29/12/1981 6:00;12.105
30/12/1981 6:00;16.6245
31/12/1981 6:00;10.7135
01/01/1982 6:00;0.162
02/01/1982 6:00;0.1595
03/01/1982 6:00;12.2535
04/01/1982 6:00;1.073
05/01/1982 6:00;3.088
06/01/1982 6:00;9.1675
07/01/1982 6:00;2.2825
08/01/1982 6:00;4.88
09/01/1982 6:00;3.326
10/01/1982 6:00;8.948
11/01/1982 6:00;4.302
12/01/1982 6:00;2.0285
13/01/1982 6:00;2.5905
14/01/1982 6:00;1.7175
15/01/1982 6:00;6.2545
16/01/1982 6:00;4.472
17/01/1982 6:00;0.9665
18/01/1982 6:00;3.79
19/01/1982 6:00;4.8265
20/01/1982 6:00;1.7485
21/01/1982 6:00;0
22/01/1982 6:00;0.0155
23/01/1982 6:00;3.4225
24/01/1982 6:00;1.756
25/01/1982 6:00;1.3235
26/01/1982 6:00;2.872
27/01/1982 6:00;0.099
28/01/1982 6:00;0
29/01/1982 6:00;0
30/01/1982 6:00;1.718
31/01/1982 6:00;0
01/02/1982 6:00;0.0095
02/02/1982 6:00;5.4905
03/02/1982 6:00;2.003
04/02/1982 6:00;3.1265
05/02/1982 6:00;0.82
06/02/1982 6:00;0
07/02/1982 6:00;0
08/02/1982 6:00;3.3205
09/02/1982 6:00;2.171
10/02/1982 6:00;3.313
11/02/1982 6:00;5.7025
12/02/1982 6:00;16.641
13/02/1982 6:00;2.681
14/02/1982 6:00;12.171
15/02/1982 6:00;2.3135
16/02/1982 6:00;0.0305
17/02/1982 6:00;1.6135
18/02/1982 6:00;0.8605
19/02/1982 6:00;2.7715
20/02/1982 6:00;7.829
21/02/1982 6:00;6.6155
22/02/1982 6:00;7.2355
23/02/1982 6:00;6.04
24/02/1982 6:00;10.318
25/02/1982 6:00;9.0505
26/02/1982 6:00;6.2325
27/02/1982 6:00;5.738
28/02/1982 6:00;2.6095
01/03/1982 6:00;1.131
02/03/1982 6:00;0.125
03/03/1982 6:00;8.5525
04/03/1982 6:00;2.084
05/03/1982 6:00;0.883
06/03/1982 6:00;1.288
07/03/1982 6:00;3.198
08/03/1982 6:00;1.719
09/03/1982 6:00;0.5475
10/03/1982 6:00;1.1335
11/03/1982 6:00;0.0645
12/03/1982 6:00;0.849
13/03/1982 6:00;0.01
14/03/1982 6:00;0.001
15/03/1982 6:00;3.5675
16/03/1982 6:00;4.4945
17/03/1982 6:00;1.6405
18/03/1982 6:00;1.422
19/03/1982 6:00;2.657
20/03/1982 6:00;1.8775
21/03/1982 6:00;2.2755
22/03/1982 6:00;0.544
23/03/1982 6:00;0
24/03/1982 6:00;0
25/03/1982 6:00;0
26/03/1982 6:00;0.004
27/03/1982 6:00;0
28/03/1982 6:00;0
29/03/1982 6:00;0.002
30/03/1982 6:00;0.0195
31/03/1982 6:00;0.123
01/04/1982 6:00;0.1845
02/04/1982 6:00;0.549
03/04/1982 6:00;9.691
04/04/1982 6:00;5.079
05/04/1982 6:00;1.3305
06/04/1982 6:00;0.0425
07/04/1982 6:00;0
08/04/1982 6:00;0.007
09/04/1982 6:00;0
10/04/1982 6:00;0.021
11/04/1982 6:00;3.0445
12/04/1982 6:00;0.01
13/04/1982 6:00;0
14/04/1982 6:00;0
15/04/1982 6:00;0
16/04/1982 6:00;0.0135
17/04/1982 6:00;0.0165
18/04/1982 6:00;0.0325
19/04/1982 6:00;0.0055
20/04/1982 6:00;0
21/04/1982 6:00;0
22/04/1982 6:00;0
23/04/1982 6:00;0
24/04/1982 6:00;0
25/04/1982 6:00;0
26/04/1982 6:00;0
27/04/1982 6:00;0
28/04/1982 6:00;0
29/04/1982 6:00;0
30/04/1982 6:00;0
01/05/1982 6:00;0
02/05/1982 6:00;0
03/05/1982 6:00;1.022
04/05/1982 6:00;4.33
05/05/1982 6:00;5.2995
06/05/1982 6:00;0.9095
07/05/1982 6:00;0.004
08/05/1982 6:00;0.0515
09/05/1982 6:00;0.0075
10/05/1982 6:00;4.7625
11/05/1982 6:00;13.0135
12/05/1982 6:00;10.5045
13/05/1982 6:00;1.5565
14/05/1982 6:00;0.84
15/05/1982 6:00;2.321
16/05/1982 6:00;4.561
17/05/1982 6:00;6.658
18/05/1982 6:00;3.3595
19/05/1982 6:00;0.0145
20/05/1982 6:00;0.0205
21/05/1982 6:00;0.027
22/05/1982 6:00;1.3395
23/05/1982 6:00;2.291
24/05/1982 6:00;0.037
25/05/1982 6:00;0.1715
26/05/1982 6:00;2.2395
27/05/1982 6:00;0.0835
28/05/1982 6:00;0.2765
29/05/1982 6:00;0.0085
30/05/1982 6:00;0.0835
31/05/1982 6:00;0.5245
01/06/1982 6:00;0.293
02/06/1982 6:00;7.46
03/06/1982 6:00;1.192
04/06/1982 6:00;0.126
05/06/1982 6:00;9.6205
06/06/1982 6:00;1.5625
07/06/1982 6:00;0.007
08/06/1982 6:00;0.002
09/06/1982 6:00;2.247
10/06/1982 6:00;3.6355
11/06/1982 6:00;2.113
12/06/1982 6:00;5.123
13/06/1982 6:00;1.1875
14/06/1982 6:00;2.206
15/06/1982 6:00;0
16/06/1982 6:00;0.968
17/06/1982 6:00;4.969
18/06/1982 6:00;0.038
19/06/1982 6:00;0.085
20/06/1982 6:00;6.1335
21/06/1982 6:00;9.314
22/06/1982 6:00;2.524
23/06/1982 6:00;0.13
24/06/1982 6:00;9.7955
25/06/1982 6:00;3.6175
26/06/1982 6:00;1.226
27/06/1982 6:00;0
28/06/1982 6:00;0.035
29/06/1982 6:00;0
30/06/1982 6:00;0
01/07/1982 6:00;0.018
02/07/1982 6:00;2.02
03/07/1982 6:00;0.83
04/07/1982 6:00;0.747
05/07/1982 6:00;1.5065
06/07/1982 6:00;0.003
07/07/1982 6:00;0.0715
08/07/1982 6:00;0.3525
09/07/1982 6:00;0.002
10/07/1982 6:00;0.122
11/07/1982 6:00;1.528
12/07/1982 6:00;10.116
13/07/1982 6:00;4.25
14/07/1982 6:00;4.174
15/07/1982 6:00;1.4285
16/07/1982 6:00;0.0085
17/07/1982 6:00;0.007
18/07/1982 6:00;0.3845
19/07/1982 6:00;11.7525
20/07/1982 6:00;6.605
21/07/1982 6:00;0.0345
22/07/1982 6:00;0.023
23/07/1982 6:00;0.0025
24/07/1982 6:00;0.0165
25/07/1982 6:00;0.009
26/07/1982 6:00;0.0025
27/07/1982 6:00;0
28/07/1982 6:00;0.022
29/07/1982 6:00;0.0015
30/07/1982 6:00;0.003
31/07/1982 6:00;0.239
01/08/1982 6:00;0.2685
02/08/1982 6:00;1.1915
03/08/1982 6:00;0.007
04/08/1982 6:00;1.0355
05/08/1982 6:00;1.752
06/08/1982 6:00;0.024
07/08/1982 6:00;0.0055
08/08/1982 6:00;0.0025
09/08/1982 6:00;0
10/08/1982 6:00;0
11/08/1982 6:00;0.0105
12/08/1982 6:00;0.019
13/08/1982 6:00;0.013
14/08/1982 6:00;0.016
15/08/1982 6:00;0.304
16/08/1982 6:00;0.2325
17/08/1982 6:00;0.039
18/08/1982 6:00;2.2655
19/08/1982 6:00;3.5765
20/08/1982 6:00;0.0085
21/08/1982 6:00;0.0005
22/08/1982 6:00;0.0055
23/08/1982 6:00;0.0055
24/08/1982 6:00;0.002
25/08/1982 6:00;0.5795
26/08/1982 6:00;3.368
27/08/1982 6:00;8.943
28/08/1982 6:00;0.1165
29/08/1982 6:00;0.015
30/08/1982 6:00;0
31/08/1982 6:00;0.0055
01/09/1982 6:00;0
02/09/1982 6:00;0
03/09/1982 6:00;0
04/09/1982 6:00;0
05/09/1982 6:00;0.008
06/09/1982 6:00;0.004
07/09/1982 6:00;0
08/09/1982 6:00;2.5605
09/09/1982 6:00;3.071
10/09/1982 6:00;1.366
11/09/1982 6:00;0.8605
12/09/1982 6:00;2.0565
13/09/1982 6:00;0.002
14/09/1982 6:00;0
15/09/1982 6:00;0.0415
16/09/1982 6:00;1.3845
17/09/1982 6:00;22.736
18/09/1982 6:00;14.3525
19/09/1982 6:00;0.182
20/09/1982 6:00;0.5305
21/09/1982 6:00;4.678
22/09/1982 6:00;0.6245
23/09/1982 6:00;1.9995
24/09/1982 6:00;14.0385
25/09/1982 6:00;19.418
26/09/1982 6:00;12.4815
27/09/1982 6:00;0.8205
28/09/1982 6:00;2.685
29/09/1982 6:00;2.963
30/09/1982 6:00;0.012
01/10/1982 6:00;20.8015
02/10/1982 6:00;0.953
03/10/1982 6:00;1.9025
04/10/1982 6:00;5.7435
05/10/1982 6:00;6.2875
06/10/1982 6:00;10.391
07/10/1982 6:00;3.1355
08/10/1982 6:00;14.1975
09/10/1982 6:00;3.665
10/10/1982 6:00;0.89
11/10/1982 6:00;11.1285
12/10/1982 6:00;22.538
13/10/1982 6:00;19.9015
14/10/1982 6:00;8.812
15/10/1982 6:00;1.927
16/10/1982 6:00;10.8625
17/10/1982 6:00;9.3965
18/10/1982 6:00;4.8525
19/10/1982 6:00;1.3635
20/10/1982 6:00;0.0055
21/10/1982 6:00;7.8875
22/10/1982 6:00;4.8185
23/10/1982 6:00;1.307
24/10/1982 6:00;1.4175
25/10/1982 6:00;3.2685
26/10/1982 6:00;0.041
27/10/1982 6:00;0
28/10/1982 6:00;0
29/10/1982 6:00;0
30/10/1982 6:00;0
31/10/1982 6:00;0
01/11/1982 6:00;0.02
02/11/1982 6:00;1.01
03/11/1982 6:00;1.272
04/11/1982 6:00;0.0895
05/11/1982 6:00;7.6205
06/11/1982 6:00;18.202
07/11/1982 6:00;13.0305
08/11/1982 6:00;9.9105
09/11/1982 6:00;0.837
10/11/1982 6:00;0.6155
11/11/1982 6:00;23.6725
12/11/1982 6:00;19.278
13/11/1982 6:00;9.9745
14/11/1982 6:00;11.625
15/11/1982 6:00;2.4405
16/11/1982 6:00;5.0835
17/11/1982 6:00;0.3485
18/11/1982 6:00;0.98
19/11/1982 6:00;3.195
20/11/1982 6:00;3.57
21/11/1982 6:00;18.628
22/11/1982 6:00;20.8605
23/11/1982 6:00;17.386
24/11/1982 6:00;18.0155
25/11/1982 6:00;7.1965
26/11/1982 6:00;4.257
27/11/1982 6:00;6.04
28/11/1982 6:00;11.095
29/11/1982 6:00;0.0175
30/11/1982 6:00;0.4215
01/12/1982 6:00;0.0005
02/12/1982 6:00;0.1255
03/12/1982 6:00;0.999
04/12/1982 6:00;2.984
05/12/1982 6:00;7.133
06/12/1982 6:00;5.369
07/12/1982 6:00;11.358
08/12/1982 6:00;16.3145
09/12/1982 6:00;15.899
10/12/1982 6:00;7.8735
11/12/1982 6:00;10.319
12/12/1982 6:00;12.574
13/12/1982 6:00;8.8065
14/12/1982 6:00;6.116
15/12/1982 6:00;1.07
16/12/1982 6:00;19.343
17/12/1982 6:00;9.206
18/12/1982 6:00;10.858
19/12/1982 6:00;11.4545
20/12/1982 6:00;24.1825
21/12/1982 6:00;9.8225
22/12/1982 6:00;4.42
23/12/1982 6:00;4.505
24/12/1982 6:00;5.825
25/12/1982 6:00;0.5455
26/12/1982 6:00;0.0045
27/12/1982 6:00;0
28/12/1982 6:00;0.0515
29/12/1982 6:00;0
30/12/1982 6:00;0.0035
31/12/1982 6:00;0.0125
01/01/1983 6:00;0.2905
02/01/1983 6:00;0.064
03/01/1983 6:00;0.0185
04/01/1983 6:00;0.0225
05/01/1983 6:00;1.2085
06/01/1983 6:00;8.624
07/01/1983 6:00;0.0165
08/01/1983 6:00;0.019
09/01/1983 6:00;0.0005
10/01/1983 6:00;0.009
11/01/1983 6:00;0.0065
12/01/1983 6:00;26.106
13/01/1983 6:00;2.595
14/01/1983 6:00;2.588
15/01/1983 6:00;0.706
16/01/1983 6:00;0.007
17/01/1983 6:00;0.14
18/01/1983 6:00;0.017
19/01/1983 6:00;0
20/01/1983 6:00;0.0035
21/01/1983 6:00;0.0005
22/01/1983 6:00;0.0005
23/01/1983 6:00;0.015
24/01/1983 6:00;0.0105
25/01/1983 6:00;0
26/01/1983 6:00;0
27/01/1983 6:00;0
28/01/1983 6:00;0.001
29/01/1983 6:00;0.9445
30/01/1983 6:00;0.49
31/01/1983 6:00;0.0925
01/02/1983 6:00;5.698
02/02/1983 6:00;1.1695
03/02/1983 6:00;0.4935
04/02/1983 6:00;6.299
05/02/1983 6:00;4.442
06/02/1983 6:00;3.412
07/02/1983 6:00;8.489
08/02/1983 6:00;8.6015
09/02/1983 6:00;11.3765
10/02/1983 6:00;12.708
11/02/1983 6:00;7.6425
12/02/1983 6:00;5.8015
13/02/1983 6:00;6.1375
14/02/1983 6:00;3.1315
15/02/1983 6:00;0.41
16/02/1983 6:00;0.0915
17/02/1983 6:00;1.1645
18/02/1983 6:00;0.593
19/02/1983 6:00;0.95
20/02/1983 6:00;1.031
21/02/1983 6:00;13.8635
22/02/1983 6:00;7.381
23/02/1983 6:00;5.041
24/02/1983 6:00;7.82
25/02/1983 6:00;7.5325
26/02/1983 6:00;2.192
27/02/1983 6:00;2.131
28/02/1983 6:00;0.518
01/03/1983 6:00;0.002
02/03/1983 6:00;0
03/03/1983 6:00;0.0095
04/03/1983 6:00;0
05/03/1983 6:00;0.651
06/03/1983 6:00;0.0195
07/03/1983 6:00;0.017
08/03/1983 6:00;0.0015
09/03/1983 6:00;0.1055
10/03/1983 6:00;1.2285
11/03/1983 6:00;0.8085
12/03/1983 6:00;3.135
13/03/1983 6:00;3.3685
14/03/1983 6:00;8.176
15/03/1983 6:00;3.4035
16/03/1983 6:00;0.299
17/03/1983 6:00;0.067
18/03/1983 6:00;0
19/03/1983 6:00;0
20/03/1983 6:00;1.465
21/03/1983 6:00;1.104
22/03/1983 6:00;0.5975
23/03/1983 6:00;4.182
24/03/1983 6:00;3.428
25/03/1983 6:00;2.927
26/03/1983 6:00;4.204
27/03/1983 6:00;6.8445
28/03/1983 6:00;2.7305
29/03/1983 6:00;0.4045
30/03/1983 6:00;1.682
31/03/1983 6:00;5.593
01/04/1983 6:00;4.1585
02/04/1983 6:00;2.692
03/04/1983 6:00;4.4645
04/04/1983 6:00;2.176
05/04/1983 6:00;1.1905
06/04/1983 6:00;8.4715
07/04/1983 6:00;13.6535
08/04/1983 6:00;5.2
09/04/1983 6:00;6.015
10/04/1983 6:00;14.2225
11/04/1983 6:00;0.994
12/04/1983 6:00;0.015
13/04/1983 6:00;0
14/04/1983 6:00;0.001
15/04/1983 6:00;0
16/04/1983 6:00;3.4575
17/04/1983 6:00;17.2255
18/04/1983 6:00;6.5155
19/04/1983 6:00;9.719
20/04/1983 6:00;9.998
21/04/1983 6:00;27.395
22/04/1983 6:00;10.7415
23/04/1983 6:00;12.2795
24/04/1983 6:00;5.6495
25/04/1983 6:00;7.9035
26/04/1983 6:00;5.755
27/04/1983 6:00;5.1595
28/04/1983 6:00;6.969
29/04/1983 6:00;11.2325
30/04/1983 6:00;8.8745
01/05/1983 6:00;3.7185
02/05/1983 6:00;3.935
03/05/1983 6:00;8.1965
04/05/1983 6:00;2.73
05/05/1983 6:00;5.2865
06/05/1983 6:00;1.564
07/05/1983 6:00;1.4595
08/05/1983 6:00;3.9625
09/05/1983 6:00;2.1865
10/05/1983 6:00;6.002
11/05/1983 6:00;17.8095
12/05/1983 6:00;8.6435
13/05/1983 6:00;6.835
14/05/1983 6:00;7.6275
15/05/1983 6:00;21.858
16/05/1983 6:00;10.3525
17/05/1983 6:00;8.2955
18/05/1983 6:00;4.0275
19/05/1983 6:00;6.3165
20/05/1983 6:00;7.503
21/05/1983 6:00;4.3045
22/05/1983 6:00;2.9855
23/05/1983 6:00;0.206
24/05/1983 6:00;1.3655
25/05/1983 6:00;1.8585
26/05/1983 6:00;0.04
27/05/1983 6:00;0.085
28/05/1983 6:00;0.0265
29/05/1983 6:00;1.694
30/05/1983 6:00;1.156
31/05/1983 6:00;5.444
01/06/1983 6:00;0.0105
02/06/1983 6:00;0.0095
03/06/1983 6:00;0.0725
04/06/1983 6:00;0.476
05/06/1983 6:00;16.307
06/06/1983 6:00;1.68
07/06/1983 6:00;0.671
08/06/1983 6:00;0.0785
09/06/1983 6:00;0.0145
10/06/1983 6:00;0
11/06/1983 6:00;0.0235
12/06/1983 6:00;0.0145
13/06/1983 6:00;0.0115
14/06/1983 6:00;0.023
15/06/1983 6:00;0.0245
16/06/1983 6:00;0.0115
17/06/1983 6:00;0
18/06/1983 6:00;0
19/06/1983 6:00;0
20/06/1983 6:00;0
21/06/1983 6:00;0
22/06/1983 6:00;1.069
23/06/1983 6:00;1.5685
24/06/1983 6:00;0.786
25/06/1983 6:00;0.734
26/06/1983 6:00;0.117
27/06/1983 6:00;0.003
28/06/1983 6:00;0.0105
29/06/1983 6:00;0
30/06/1983 6:00;0.008
01/07/1983 6:00;0.0265
02/07/1983 6:00;2.062
03/07/1983 6:00;2.1135
04/07/1983 6:00;1.973
05/07/1983 6:00;1.719
06/07/1983 6:00;0.676
07/07/1983 6:00;3.6535
08/07/1983 6:00;6.636
09/07/1983 6:00;6.2115
10/07/1983 6:00;3.0225
11/07/1983 6:00;1.2105
12/07/1983 6:00;0.005
13/07/1983 6:00;0.0665
14/07/1983 6:00;0.0235
15/07/1983 6:00;0.842
16/07/1983 6:00;0.432
17/07/1983 6:00;0.745
18/07/1983 6:00;6.3025
19/07/1983 6:00;6.4465
20/07/1983 6:00;1.2985
21/07/1983 6:00;6.6565
22/07/1983 6:00;0.298
23/07/1983 6:00;0.1305
24/07/1983 6:00;1.782
25/07/1983 6:00;7.3915
26/07/1983 6:00;10.009
27/07/1983 6:00;4.6085
28/07/1983 6:00;3.8255
29/07/1983 6:00;0.0575
30/07/1983 6:00;0.124
31/07/1983 6:00;2.268
01/08/1983 6:00;0.3965
02/08/1983 6:00;0
03/08/1983 6:00;0
04/08/1983 6:00;0
05/08/1983 6:00;0.1065
06/08/1983 6:00;8.981
07/08/1983 6:00;12.99
08/08/1983 6:00;2.3915
09/08/1983 6:00;2.617
10/08/1983 6:00;0.1645
11/08/1983 6:00;0.8865
12/08/1983 6:00;0.002
13/08/1983 6:00;0
14/08/1983 6:00;3.544
15/08/1983 6:00;1.8555
16/08/1983 6:00;0.012
17/08/1983 6:00;5.459
18/08/1983 6:00;4.871
19/08/1983 6:00;2.995
20/08/1983 6:00;9.562
21/08/1983 6:00;10.7975
22/08/1983 6:00;1.14
23/08/1983 6:00;1.988
24/08/1983 6:00;7.764
25/08/1983 6:00;0.504
26/08/1983 6:00;0.009
27/08/1983 6:00;1.34
28/08/1983 6:00;0.0085
29/08/1983 6:00;0.0205
30/08/1983 6:00;0.039
31/08/1983 6:00;0.8615
01/09/1983 6:00;1.3265
02/09/1983 6:00;0.1785
03/09/1983 6:00;0.012
04/09/1983 6:00;0.0085
05/09/1983 6:00;0.0025
06/09/1983 6:00;0.0085
07/09/1983 6:00;0.0005
08/09/1983 6:00;1.708
09/09/1983 6:00;9.639
10/09/1983 6:00;0.3825
11/09/1983 6:00;0.048
12/09/1983 6:00;0
13/09/1983 6:00;0.0155
14/09/1983 6:00;4.002
15/09/1983 6:00;3.427
16/09/1983 6:00;5.943
17/09/1983 6:00;0.194
18/09/1983 6:00;2.7535
19/09/1983 6:00;2.814
20/09/1983 6:00;0.1145
21/09/1983 6:00;3.8245
22/09/1983 6:00;0.3255
23/09/1983 6:00;0
24/09/1983 6:00;0
25/09/1983 6:00;0
26/09/1983 6:00;0
27/09/1983 6:00;0.004
28/09/1983 6:00;0.006
29/09/1983 6:00;0.7165
30/09/1983 6:00;0
01/10/1983 6:00;0
02/10/1983 6:00;0
03/10/1983 6:00;0
04/10/1983 6:00;0.009
05/10/1983 6:00;0.0165
06/10/1983 6:00;0.0155
07/10/1983 6:00;0.008
08/10/1983 6:00;0
09/10/1983 6:00;0.055
10/10/1983 6:00;0.396
11/10/1983 6:00;0.0155
12/10/1983 6:00;14.0435
13/10/1983 6:00;18.748
14/10/1983 6:00;16.131
15/10/1983 6:00;8.3035
16/10/1983 6:00;9.8545
17/10/1983 6:00;5.9045
18/10/1983 6:00;0
19/10/1983 6:00;0.0025
20/10/1983 6:00;0
21/10/1983 6:00;0.0095
22/10/1983 6:00;0.0045
23/10/1983 6:00;0.1145
24/10/1983 6:00;0.0255
25/10/1983 6:00;0.0045
26/10/1983 6:00;0.018
27/10/1983 6:00;1.9415
28/10/1983 6:00;0.9675
29/10/1983 6:00;0
30/10/1983 6:00;0
31/10/1983 6:00;0
01/11/1983 6:00;0.052
02/11/1983 6:00;0.764
03/11/1983 6:00;4.2345
04/11/1983 6:00;1.486
05/11/1983 6:00;1.52
06/11/1983 6:00;0.0705
07/11/1983 6:00;3.2105
08/11/1983 6:00;6.4595
09/11/1983 6:00;6.974
10/11/1983 6:00;6.378
11/11/1983 6:00;6.8205
12/11/1983 6:00;5.357
13/11/1983 6:00;0.9155
14/11/1983 6:00;7.1065
15/11/1983 6:00;5.631
16/11/1983 6:00;5.336
17/11/1983 6:00;1.243
18/11/1983 6:00;2.2235
19/11/1983 6:00;19.9435
20/11/1983 6:00;16.6125
21/11/1983 6:00;17.1525
22/11/1983 6:00;1.407
23/11/1983 6:00;5.5815
24/11/1983 6:00;2.598
25/11/1983 6:00;5.8415
26/11/1983 6:00;9.5525
27/11/1983 6:00;2.73
28/11/1983 6:00;0.0075
29/11/1983 6:00;0.021
30/11/1983 6:00;0
01/12/1983 6:00;0
02/12/1983 6:00;0
03/12/1983 6:00;0
04/12/1983 6:00;0
05/12/1983 6:00;0.0095
06/12/1983 6:00;0.0105
07/12/1983 6:00;0.0345
08/12/1983 6:00;1.8885
09/12/1983 6:00;14.5155
10/12/1983 6:00;5.3555
11/12/1983 6:00;9.361
12/12/1983 6:00;0.7565
13/12/1983 6:00;4.6135
14/12/1983 6:00;20.888
15/12/1983 6:00;39.966
16/12/1983 6:00;25.7525
17/12/1983 6:00;25.121
18/12/1983 6:00;22.3765
19/12/1983 6:00;19.8815
20/12/1983 6:00;15.686
21/12/1983 6:00;26.0845
22/12/1983 6:00;25.772
23/12/1983 6:00;15.8535
24/12/1983 6:00;0.034
25/12/1983 6:00;0.039
26/12/1983 6:00;0.0325
27/12/1983 6:00;0.015
28/12/1983 6:00;0.0015
29/12/1983 6:00;0
30/12/1983 6:00;0
31/12/1983 6:00;0.004
01/01/1984 6:00;0
02/01/1984 6:00;0.698
03/01/1984 6:00;6.5125
04/01/1984 6:00;5.4555
05/01/1984 6:00;24.6195
06/01/1984 6:00;18.2715
07/01/1984 6:00;20.106
08/01/1984 6:00;4.4465
09/01/1984 6:00;3.982
10/01/1984 6:00;1.7715
11/01/1984 6:00;4.933
12/01/1984 6:00;1.942
13/01/1984 6:00;3.204
14/01/1984 6:00;5.783
15/01/1984 6:00;4.262
16/01/1984 6:00;8.426
17/01/1984 6:00;4.2155
18/01/1984 6:00;12.3785
19/01/1984 6:00;8.5275
20/01/1984 6:00;10.853
21/01/1984 6:00;19.8515
22/01/1984 6:00;4.863
23/01/1984 6:00;7.5595
24/01/1984 6:00;2.4425
25/01/1984 6:00;14.335
26/01/1984 6:00;14.248
27/01/1984 6:00;7.0505
28/01/1984 6:00;6.3325
29/01/1984 6:00;9.607
30/01/1984 6:00;23.7575
31/01/1984 6:00;6.649
01/02/1984 6:00;9.831
02/02/1984 6:00;6.545
03/02/1984 6:00;2.0245
04/02/1984 6:00;3.2385
05/02/1984 6:00;3.189
06/02/1984 6:00;2.5575
07/02/1984 6:00;4.984
08/02/1984 6:00;3.8475
09/02/1984 6:00;2.0605
10/02/1984 6:00;0
11/02/1984 6:00;0
12/02/1984 6:00;0
13/02/1984 6:00;0
14/02/1984 6:00;0.0005
15/02/1984 6:00;0.0005
16/02/1984 6:00;0.005
17/02/1984 6:00;0.735
18/02/1984 6:00;1.9225
19/02/1984 6:00;0.751
20/02/1984 6:00;8.7305
21/02/1984 6:00;12.281
22/02/1984 6:00;27.2605
23/02/1984 6:00;3.5485
24/02/1984 6:00;2.078
25/02/1984 6:00;1.0115
26/02/1984 6:00;1.695
27/02/1984 6:00;2.0985
28/02/1984 6:00;4.8135
29/02/1984 6:00;0.625
01/03/1984 6:00;1.7235
02/03/1984 6:00;0.007
03/03/1984 6:00;0.0265
04/03/1984 6:00;0
05/03/1984 6:00;0
06/03/1984 6:00;0
07/03/1984 6:00;0.0085
08/03/1984 6:00;0.0005
09/03/1984 6:00;0
10/03/1984 6:00;0.0475
11/03/1984 6:00;0.7445
12/03/1984 6:00;9.2175
13/03/1984 6:00;8.1685
14/03/1984 6:00;5.608
15/03/1984 6:00;7.931
16/03/1984 6:00;1.563
17/03/1984 6:00;0.379
18/03/1984 6:00;0.1065
19/03/1984 6:00;0.0625
20/03/1984 6:00;4.027
21/03/1984 6:00;3.786
22/03/1984 6:00;6.443
23/03/1984 6:00;23.5695
24/03/1984 6:00;17.503
25/03/1984 6:00;19.0515
26/03/1984 6:00;13.658
27/03/1984 6:00;10.174
28/03/1984 6:00;15.2995
29/03/1984 6:00;10.2235
30/03/1984 6:00;13.316
31/03/1984 6:00;28.3
01/04/1984 6:00;13.9635
02/04/1984 6:00;15.616
03/04/1984 6:00;2.0725
04/04/1984 6:00;2.9195
05/04/1984 6:00;0.3385
06/04/1984 6:00;0.0685
07/04/1984 6:00;0
08/04/1984 6:00;0.0085
09/04/1984 6:00;0.194
10/04/1984 6:00;0.0005
11/04/1984 6:00;0.053
12/04/1984 6:00;1.3545
13/04/1984 6:00;2.04
14/04/1984 6:00;1.2265
15/04/1984 6:00;0.02
16/04/1984 6:00;0.005
17/04/1984 6:00;0.027
18/04/1984 6:00;0.0145
19/04/1984 6:00;0
20/04/1984 6:00;0
21/04/1984 6:00;0.0195
22/04/1984 6:00;0.0095
23/04/1984 6:00;5.926
24/04/1984 6:00;1.988
25/04/1984 6:00;1.3715
26/04/1984 6:00;6.2425
27/04/1984 6:00;1.5265
28/04/1984 6:00;6.1695
29/04/1984 6:00;3.9955
30/04/1984 6:00;8.699
01/05/1984 6:00;9.977
02/05/1984 6:00;5.8275
03/05/1984 6:00;2.6555
04/05/1984 6:00;8.8805
05/05/1984 6:00;7.798
06/05/1984 6:00;1.3045
07/05/1984 6:00;2.0955
08/05/1984 6:00;0.861
09/05/1984 6:00;1.1775
10/05/1984 6:00;0.0985
11/05/1984 6:00;0
12/05/1984 6:00;0.619
13/05/1984 6:00;1.1795
14/05/1984 6:00;11.0875
15/05/1984 6:00;12.5595
16/05/1984 6:00;3.918
17/05/1984 6:00;7.5115
18/05/1984 6:00;29.8975
19/05/1984 6:00;9.3025
20/05/1984 6:00;8.8745
21/05/1984 6:00;6.9255
22/05/1984 6:00;7.986
23/05/1984 6:00;30.23
24/05/1984 6:00;3.476
25/05/1984 6:00;2.0855
26/05/1984 6:00;2.757
27/05/1984 6:00;1.3215
28/05/1984 6:00;4.003
29/05/1984 6:00;0.8625
30/05/1984 6:00;2.0225
31/05/1984 6:00;3.9785
01/06/1984 6:00;14.3315
02/06/1984 6:00;10.5405
03/06/1984 6:00;10.225
04/06/1984 6:00;4.2105
05/06/1984 6:00;5.486
06/06/1984 6:00;3.016
07/06/1984 6:00;2.09
08/06/1984 6:00;0.7085
09/06/1984 6:00;0.005
10/06/1984 6:00;0.0105
11/06/1984 6:00;0
12/06/1984 6:00;0.0005
13/06/1984 6:00;0.0045
14/06/1984 6:00;0.0015
15/06/1984 6:00;0.0015
16/06/1984 6:00;0.0015
17/06/1984 6:00;0.004
18/06/1984 6:00;0.0145
19/06/1984 6:00;1.64
20/06/1984 6:00;5.269
21/06/1984 6:00;0.9975
22/06/1984 6:00;0
23/06/1984 6:00;0.008
24/06/1984 6:00;0.024
25/06/1984 6:00;0.002
26/06/1984 6:00;0.028
27/06/1984 6:00;0.1305
28/06/1984 6:00;0.008
29/06/1984 6:00;0.002
30/06/1984 6:00;4.391
01/07/1984 6:00;4.707
02/07/1984 6:00;0.026
03/07/1984 6:00;0.01
04/07/1984 6:00;0
05/07/1984 6:00;0
06/07/1984 6:00;0.0165
07/07/1984 6:00;0.0075
08/07/1984 6:00;0.7105
09/07/1984 6:00;0.1215
10/07/1984 6:00;1.217
11/07/1984 6:00;0.741
12/07/1984 6:00;0.287
13/07/1984 6:00;0
14/07/1984 6:00;0.0045
15/07/1984 6:00;0.0185
16/07/1984 6:00;0.001
17/07/1984 6:00;0
18/07/1984 6:00;0.028
19/07/1984 6:00;0
20/07/1984 6:00;0.019
21/07/1984 6:00;0
22/07/1984 6:00;0
23/07/1984 6:00;0
24/07/1984 6:00;0.0005
25/07/1984 6:00;0.0285
26/07/1984 6:00;0.0495
27/07/1984 6:00;0
28/07/1984 6:00;0
29/07/1984 6:00;0
30/07/1984 6:00;0.305
31/07/1984 6:00;0.0845
01/08/1984 6:00;0.0145
02/08/1984 6:00;0.017
03/08/1984 6:00;0.8175
04/08/1984 6:00;0.0375
05/08/1984 6:00;0
06/08/1984 6:00;0.007
07/08/1984 6:00;0
08/08/1984 6:00;0
09/08/1984 6:00;0
10/08/1984 6:00;0
11/08/1984 6:00;0
12/08/1984 6:00;0
13/08/1984 6:00;0
14/08/1984 6:00;0
15/08/1984 6:00;0
16/08/1984 6:00;0
17/08/1984 6:00;0
18/08/1984 6:00;0.007
19/08/1984 6:00;0.001
20/08/1984 6:00;1.9925
21/08/1984 6:00;15.833
22/08/1984 6:00;7.5935
23/08/1984 6:00;3.807
24/08/1984 6:00;2.709
25/08/1984 6:00;2.012
26/08/1984 6:00;0.047
27/08/1984 6:00;0.0425
28/08/1984 6:00;0.0115
29/08/1984 6:00;0
30/08/1984 6:00;0.0005
31/08/1984 6:00;0
01/09/1984 6:00;0.016
02/09/1984 6:00;0.0115
03/09/1984 6:00;0.645
04/09/1984 6:00;2.034
05/09/1984 6:00;0.2525
06/09/1984 6:00;0.0035
07/09/1984 6:00;0.0005
08/09/1984 6:00;0
09/09/1984 6:00;0.7345
10/09/1984 6:00;2.9325
11/09/1984 6:00;0
12/09/1984 6:00;0
13/09/1984 6:00;0
14/09/1984 6:00;0.019
15/09/1984 6:00;0
16/09/1984 6:00;0
17/09/1984 6:00;0.4725
18/09/1984 6:00;1.272
19/09/1984 6:00;0.5955
20/09/1984 6:00;1.6895
21/09/1984 6:00;1.636
22/09/1984 6:00;5.8865
23/09/1984 6:00;0.013
24/09/1984 6:00;0.0515
25/09/1984 6:00;0.0125
26/09/1984 6:00;0
27/09/1984 6:00;10.23
28/09/1984 6:00;6.296
29/09/1984 6:00;3.6675
30/09/1984 6:00;43.0235
01/10/1984 6:00;24.728
02/10/1984 6:00;21.8545
03/10/1984 6:00;26.4335
04/10/1984 6:00;12.6705
05/10/1984 6:00;9.8035
06/10/1984 6:00;1.1295
07/10/1984 6:00;0.5805
08/10/1984 6:00;0.1375
09/10/1984 6:00;0
10/10/1984 6:00;0
11/10/1984 6:00;2.6755
12/10/1984 6:00;0.912
13/10/1984 6:00;1.6735
14/10/1984 6:00;0.646
15/10/1984 6:00;2.9835
16/10/1984 6:00;0.6395
17/10/1984 6:00;3.329
18/10/1984 6:00;5.2955
19/10/1984 6:00;1.578
20/10/1984 6:00;2.121
21/10/1984 6:00;1.218
22/10/1984 6:00;3.071
23/10/1984 6:00;3.322
24/10/1984 6:00;5.304
25/10/1984 6:00;1.608
26/10/1984 6:00;1.271
27/10/1984 6:00;0.585
28/10/1984 6:00;0
29/10/1984 6:00;1.728
30/10/1984 6:00;1.766
31/10/1984 6:00;0.1525
01/11/1984 6:00;6.7175
02/11/1984 6:00;1.921
03/11/1984 6:00;4.7495
04/11/1984 6:00;5.704
05/11/1984 6:00;6.7305
06/11/1984 6:00;6.276
07/11/1984 6:00;4.2805
08/11/1984 6:00;0.0665
09/11/1984 6:00;0
10/11/1984 6:00;1.5605
11/11/1984 6:00;11.3375
12/11/1984 6:00;9.8435
13/11/1984 6:00;8.523
14/11/1984 6:00;10.606
15/11/1984 6:00;22.9035
16/11/1984 6:00;9.6995
17/11/1984 6:00;8.15
18/11/1984 6:00;12.245
19/11/1984 6:00;1.7105
20/11/1984 6:00;13.1965
21/11/1984 6:00;5.1435
22/11/1984 6:00;12.98
23/11/1984 6:00;14.6485
24/11/1984 6:00;8.541
25/11/1984 6:00;7.628
26/11/1984 6:00;3.965
27/11/1984 6:00;3.406
28/11/1984 6:00;10.828
29/11/1984 6:00;16.6695
30/11/1984 6:00;23.571
01/12/1984 6:00;5.5455
02/12/1984 6:00;1.671
03/12/1984 6:00;1.0075
04/12/1984 6:00;2.4515
05/12/1984 6:00;27.575
06/12/1984 6:00;0.5955
07/12/1984 6:00;0.014
08/12/1984 6:00;0.8705
09/12/1984 6:00;0.7675
10/12/1984 6:00;1.2275
11/12/1984 6:00;1.6255
12/12/1984 6:00;11
13/12/1984 6:00;2.9515
14/12/1984 6:00;3.8505
15/12/1984 6:00;26.0295
16/12/1984 6:00;4.8755
17/12/1984 6:00;18.4475
18/12/1984 6:00;1.0055
19/12/1984 6:00;0.152
20/12/1984 6:00;4.4875
21/12/1984 6:00;2.32
22/12/1984 6:00;0.1015
23/12/1984 6:00;2.0615
24/12/1984 6:00;0.478
25/12/1984 6:00;10.223
26/12/1984 6:00;11.625
27/12/1984 6:00;10.042
28/12/1984 6:00;9.736
29/12/1984 6:00;0.0865
30/12/1984 6:00;0.039
31/12/1984 6:00;0.0325
01/01/1985 6:00;0.0335
02/01/1985 6:00;0.4035
03/01/1985 6:00;0.573
04/01/1985 6:00;3.994
05/01/1985 6:00;2.8945
06/01/1985 6:00;0.0015
07/01/1985 6:00;0.014
08/01/1985 6:00;0.0465
09/01/1985 6:00;0.664
10/01/1985 6:00;10.3705
11/01/1985 6:00;0.028
12/01/1985 6:00;0.042
13/01/1985 6:00;4.25
14/01/1985 6:00;2.225
15/01/1985 6:00;4.5855
16/01/1985 6:00;24.9555
17/01/1985 6:00;22.801
18/01/1985 6:00;0.092
19/01/1985 6:00;6.135
20/01/1985 6:00;17.3505
21/01/1985 6:00;20.046
22/01/1985 6:00;15.296
23/01/1985 6:00;3.8065
24/01/1985 6:00;7.6905
25/01/1985 6:00;14.1545
26/01/1985 6:00;4.989
27/01/1985 6:00;7.3745
28/01/1985 6:00;1.555
29/01/1985 6:00;0.7175
30/01/1985 6:00;0.6825
31/01/1985 6:00;0.005
01/02/1985 6:00;0.006
02/02/1985 6:00;0
03/02/1985 6:00;0.0145
04/02/1985 6:00;8.912
05/02/1985 6:00;2.899
06/02/1985 6:00;13.69
07/02/1985 6:00;17.1145
08/02/1985 6:00;31.0385
09/02/1985 6:00;17.439
10/02/1985 6:00;12.718
11/02/1985 6:00;10.334
12/02/1985 6:00;2.6455
13/02/1985 6:00;26.244
14/02/1985 6:00;12.0565
15/02/1985 6:00;8.5005
16/02/1985 6:00;4.141
17/02/1985 6:00;2.3835
18/02/1985 6:00;0.028
19/02/1985 6:00;0
20/02/1985 6:00;0.0025
21/02/1985 6:00;0.0235
22/02/1985 6:00;0
23/02/1985 6:00;0
24/02/1985 6:00;0.004
25/02/1985 6:00;0.324
26/02/1985 6:00;0.4725
27/02/1985 6:00;1.624
28/02/1985 6:00;9.042
01/03/1985 6:00;4.4085
02/03/1985 6:00;6.6515
03/03/1985 6:00;15.1935
04/03/1985 6:00;4.043
05/03/1985 6:00;1.172
06/03/1985 6:00;0.7875
07/03/1985 6:00;1.479
08/03/1985 6:00;0.005
09/03/1985 6:00;0
10/03/1985 6:00;0
11/03/1985 6:00;0
12/03/1985 6:00;0
13/03/1985 6:00;0.013
14/03/1985 6:00;0.0445
15/03/1985 6:00;2.2285
16/03/1985 6:00;4.674
17/03/1985 6:00;5.758
18/03/1985 6:00;17.486
19/03/1985 6:00;17.4025
20/03/1985 6:00;8.0215
21/03/1985 6:00;9.018
22/03/1985 6:00;6.4945
23/03/1985 6:00;6.109
24/03/1985 6:00;7.1025
25/03/1985 6:00;13.1825
26/03/1985 6:00;8.027
27/03/1985 6:00;3.7475
28/03/1985 6:00;0.4915
29/03/1985 6:00;4.08
30/03/1985 6:00;13.4425
31/03/1985 6:00;4.1225
01/04/1985 6:00;0.6
02/04/1985 6:00;0.1935
03/04/1985 6:00;9.206
04/04/1985 6:00;7.486
05/04/1985 6:00;9.419
06/04/1985 6:00;15.7925
07/04/1985 6:00;13.3535
08/04/1985 6:00;31.1745
09/04/1985 6:00;9.229
10/04/1985 6:00;6.394
11/04/1985 6:00;2.593
12/04/1985 6:00;0.3025
13/04/1985 6:00;0.0575
14/04/1985 6:00;0
15/04/1985 6:00;0.0005
16/04/1985 6:00;0.014
17/04/1985 6:00;0.0035
18/04/1985 6:00;0
19/04/1985 6:00;0.0125
20/04/1985 6:00;0.0655
21/04/1985 6:00;4.955
22/04/1985 6:00;0.73
23/04/1985 6:00;15.253
24/04/1985 6:00;4.1685
25/04/1985 6:00;0.2075
26/04/1985 6:00;0.003
27/04/1985 6:00;0.0005
28/04/1985 6:00;0.038
29/04/1985 6:00;0.0145
30/04/1985 6:00;0.01
01/05/1985 6:00;0.0285
02/05/1985 6:00;0.5375
03/05/1985 6:00;2.1075
04/05/1985 6:00;3.2635
05/05/1985 6:00;15.349
06/05/1985 6:00;4.6945
07/05/1985 6:00;1.293
08/05/1985 6:00;2.458
09/05/1985 6:00;0.329
10/05/1985 6:00;1.094
11/05/1985 6:00;2.588
12/05/1985 6:00;0.0985
13/05/1985 6:00;0.7475
14/05/1985 6:00;8.227
15/05/1985 6:00;4.4065
16/05/1985 6:00;0.1645
17/05/1985 6:00;0.0085
18/05/1985 6:00;0.009
19/05/1985 6:00;0.039
20/05/1985 6:00;0.0285
21/05/1985 6:00;0.025
22/05/1985 6:00;0.0295
23/05/1985 6:00;0.044
24/05/1985 6:00;0.2815
25/05/1985 6:00;12.288
26/05/1985 6:00;12.843
27/05/1985 6:00;8.659
28/05/1985 6:00;0.128
29/05/1985 6:00;8.11
30/05/1985 6:00;4.342
31/05/1985 6:00;3.7995
01/06/1985 6:00;6.4805
02/06/1985 6:00;8.052
03/06/1985 6:00;2.754
04/06/1985 6:00;6.061
05/06/1985 6:00;7.6265
06/06/1985 6:00;7.1825
07/06/1985 6:00;2.2365
08/06/1985 6:00;0.0675
09/06/1985 6:00;0.0115
10/06/1985 6:00;0.1335
11/06/1985 6:00;0.0305
12/06/1985 6:00;0.0055
13/06/1985 6:00;0.0135
14/06/1985 6:00;0.0255
15/06/1985 6:00;0.625
16/06/1985 6:00;0.0785
17/06/1985 6:00;0.0045
18/06/1985 6:00;0.0015
19/06/1985 6:00;0.0075
20/06/1985 6:00;2.85
21/06/1985 6:00;0.2215
22/06/1985 6:00;0.016
23/06/1985 6:00;0.411
24/06/1985 6:00;0.109
25/06/1985 6:00;0
26/06/1985 6:00;0.009
27/06/1985 6:00;0
28/06/1985 6:00;0
29/06/1985 6:00;0
30/06/1985 6:00;0
01/07/1985 6:00;8.37
02/07/1985 6:00;5.49
03/07/1985 6:00;0.428
04/07/1985 6:00;0.126
05/07/1985 6:00;0.0005
06/07/1985 6:00;0.026
07/07/1985 6:00;0.0625
08/07/1985 6:00;5.4965
09/07/1985 6:00;0.218
10/07/1985 6:00;0
11/07/1985 6:00;0
12/07/1985 6:00;0.098
13/07/1985 6:00;0.0045
14/07/1985 6:00;0.0105
15/07/1985 6:00;0.0215
16/07/1985 6:00;0
17/07/1985 6:00;0
18/07/1985 6:00;0.3815
19/07/1985 6:00;0.1015
20/07/1985 6:00;0.0055
21/07/1985 6:00;0
22/07/1985 6:00;0
23/07/1985 6:00;0
24/07/1985 6:00;0.001
25/07/1985 6:00;0.178
26/07/1985 6:00;0.093
27/07/1985 6:00;1.795
28/07/1985 6:00;6.0945
29/07/1985 6:00;2.284
30/07/1985 6:00;0.133
31/07/1985 6:00;0.91
01/08/1985 6:00;0.208
02/08/1985 6:00;0.055
03/08/1985 6:00;0.2175
04/08/1985 6:00;0.944
05/08/1985 6:00;1.351
06/08/1985 6:00;0.721
07/08/1985 6:00;0
08/08/1985 6:00;0.233
09/08/1985 6:00;3.0435
10/08/1985 6:00;4.588
11/08/1985 6:00;2.9145
12/08/1985 6:00;0.0795
13/08/1985 6:00;11.782
14/08/1985 6:00;0.008
15/08/1985 6:00;0.0185
16/08/1985 6:00;0.0075
17/08/1985 6:00;0.004
18/08/1985 6:00;0.3405
19/08/1985 6:00;0.0795
20/08/1985 6:00;0.0075
21/08/1985 6:00;0
22/08/1985 6:00;0.782
23/08/1985 6:00;4.0215
24/08/1985 6:00;6.785
25/08/1985 6:00;1.293
26/08/1985 6:00;0.3145
27/08/1985 6:00;0.007
28/08/1985 6:00;0.014
29/08/1985 6:00;0
30/08/1985 6:00;0.0145
31/08/1985 6:00;0.117
01/09/1985 6:00;0.0155
02/09/1985 6:00;1.378
03/09/1985 6:00;0.7685
04/09/1985 6:00;0.194
05/09/1985 6:00;0.0075
06/09/1985 6:00;0.378
07/09/1985 6:00;0.0105
08/09/1985 6:00;0.015
09/09/1985 6:00;0.496
10/09/1985 6:00;0.0035
11/09/1985 6:00;0.296
12/09/1985 6:00;0.5015
13/09/1985 6:00;0.0835
14/09/1985 6:00;0.006
15/09/1985 6:00;0.0385
16/09/1985 6:00;0.0035
17/09/1985 6:00;0.009
18/09/1985 6:00;0.009
19/09/1985 6:00;0.012
20/09/1985 6:00;0.0045
21/09/1985 6:00;0.009
22/09/1985 6:00;0.0075
23/09/1985 6:00;0.0055
24/09/1985 6:00;0.014
25/09/1985 6:00;0.009
26/09/1985 6:00;0.045
27/09/1985 6:00;0.475
28/09/1985 6:00;0.014
29/09/1985 6:00;0.076
30/09/1985 6:00;8.741
01/10/1985 6:00;0.433
02/10/1985 6:00;5.6875
03/10/1985 6:00;22.1095
04/10/1985 6:00;5.168
05/10/1985 6:00;1.745
06/10/1985 6:00;2.202
07/10/1985 6:00;1.0035
08/10/1985 6:00;0.222
09/10/1985 6:00;0.3535
10/10/1985 6:00;0.009
11/10/1985 6:00;0.0055
12/10/1985 6:00;0.0055
13/10/1985 6:00;0.009
14/10/1985 6:00;0.0055
15/10/1985 6:00;0.0065
16/10/1985 6:00;0.0055
17/10/1985 6:00;0.0055
18/10/1985 6:00;0.01
19/10/1985 6:00;0.009
20/10/1985 6:00;0.0085
21/10/1985 6:00;0.009
22/10/1985 6:00;0.015
23/10/1985 6:00;0.012
24/10/1985 6:00;0.069
25/10/1985 6:00;0.0085
26/10/1985 6:00;0.0045
27/10/1985 6:00;0.0035
28/10/1985 6:00;0.0065
29/10/1985 6:00;0.0055
30/10/1985 6:00;0.004
31/10/1985 6:00;0.0105
01/11/1985 6:00;1.5645
02/11/1985 6:00;5.0795
03/11/1985 6:00;6.168
04/11/1985 6:00;9.7545
05/11/1985 6:00;31.6555
06/11/1985 6:00;19.5885
07/11/1985 6:00;5.4735
08/11/1985 6:00;26.271
09/11/1985 6:00;9.1875
10/11/1985 6:00;3.019
11/11/1985 6:00;0.446
12/11/1985 6:00;1.3095
13/11/1985 6:00;0.076
14/11/1985 6:00;0.1105
15/11/1985 6:00;0.006
16/11/1985 6:00;0.009
17/11/1985 6:00;0.006
18/11/1985 6:00;0.0055
19/11/1985 6:00;0.0325
20/11/1985 6:00;0.0035
21/11/1985 6:00;0.0155
22/11/1985 6:00;0.0065
23/11/1985 6:00;0
24/11/1985 6:00;0.0115
25/11/1985 6:00;0.0275
26/11/1985 6:00;0.0025
27/11/1985 6:00;0.007
28/11/1985 6:00;3.215
29/11/1985 6:00;13.399
30/11/1985 6:00;3.816
01/12/1985 6:00;3.561
02/12/1985 6:00;31.2505
03/12/1985 6:00;21.272
04/12/1985 6:00;22.5825
05/12/1985 6:00;3.4585
06/12/1985 6:00;22.44
07/12/1985 6:00;18.3925
08/12/1985 6:00;8.2405
09/12/1985 6:00;2.162
10/12/1985 6:00;2.1545
11/12/1985 6:00;0.4845
12/12/1985 6:00;0.019
13/12/1985 6:00;0.0075
14/12/1985 6:00;0.0085
15/12/1985 6:00;0.0125
16/12/1985 6:00;0.009
17/12/1985 6:00;0.176
18/12/1985 6:00;0.291
19/12/1985 6:00;0.2125
20/12/1985 6:00;2.9255
21/12/1985 6:00;23.2795
22/12/1985 6:00;10.1945
23/12/1985 6:00;22.357
24/12/1985 6:00;12.9605
25/12/1985 6:00;11.652
26/12/1985 6:00;8.2555
27/12/1985 6:00;3.1935
28/12/1985 6:00;3.754
29/12/1985 6:00;0.823
30/12/1985 6:00;3.885
31/12/1985 6:00;9.7675
01/01/1986 6:00;15.3835
02/01/1986 6:00;15.5445
03/01/1986 6:00;6.439
04/01/1986 6:00;5.6185
05/01/1986 6:00;8.5595
06/01/1986 6:00;31.9635
07/01/1986 6:00;13.331
08/01/1986 6:00;2.2895
09/01/1986 6:00;0.687
10/01/1986 6:00;1.434
11/01/1986 6:00;3.591
12/01/1986 6:00;0.175
13/01/1986 6:00;1.462
14/01/1986 6:00;6.63
15/01/1986 6:00;14.147
16/01/1986 6:00;4.3885
17/01/1986 6:00;2.0535
18/01/1986 6:00;0.874
19/01/1986 6:00;7.149
20/01/1986 6:00;0.632
21/01/1986 6:00;7.578
22/01/1986 6:00;9.6255
23/01/1986 6:00;6.1485
24/01/1986 6:00;0.645
25/01/1986 6:00;0.241
26/01/1986 6:00;0.1225
27/01/1986 6:00;12.5885
28/01/1986 6:00;15.0965
29/01/1986 6:00;14.339
30/01/1986 6:00;16.895
31/01/1986 6:00;15.2585
01/02/1986 6:00;8.1665
02/02/1986 6:00;11.6925
03/02/1986 6:00;15.501
04/02/1986 6:00;12.1305
05/02/1986 6:00;8.423
06/02/1986 6:00;7.7785
07/02/1986 6:00;4.5955
08/02/1986 6:00;0.432
09/02/1986 6:00;0.5025
10/02/1986 6:00;4.131
11/02/1986 6:00;2.804
12/02/1986 6:00;14.952
13/02/1986 6:00;10.3175
14/02/1986 6:00;7.938
15/02/1986 6:00;15.506
16/02/1986 6:00;35.158
17/02/1986 6:00;12.089
18/02/1986 6:00;2.8585
19/02/1986 6:00;0.3465
20/02/1986 6:00;15.9815
21/02/1986 6:00;2.226
22/02/1986 6:00;19.6745
23/02/1986 6:00;7.5135
24/02/1986 6:00;7.585
25/02/1986 6:00;6.331
26/02/1986 6:00;0.1085
27/02/1986 6:00;12.843
28/02/1986 6:00;26.2985
01/03/1986 6:00;10.5015
02/03/1986 6:00;2.296
03/03/1986 6:00;0.1705
04/03/1986 6:00;0.003
05/03/1986 6:00;3.159
06/03/1986 6:00;0.2025
07/03/1986 6:00;0.1075
08/03/1986 6:00;0.309
09/03/1986 6:00;1.984
10/03/1986 6:00;0.303
11/03/1986 6:00;1.749
12/03/1986 6:00;13.04
13/03/1986 6:00;1.7095
14/03/1986 6:00;0.002
15/03/1986 6:00;2.569
16/03/1986 6:00;0.889
17/03/1986 6:00;3.286
18/03/1986 6:00;0.87
19/03/1986 6:00;1.229
20/03/1986 6:00;1.7195
21/03/1986 6:00;0.5215
22/03/1986 6:00;2.2305
23/03/1986 6:00;1.7725
24/03/1986 6:00;7.102
25/03/1986 6:00;3.403
26/03/1986 6:00;3.24
27/03/1986 6:00;5.8525
28/03/1986 6:00;4.9265
29/03/1986 6:00;1.464
30/03/1986 6:00;1.2275
31/03/1986 6:00;8.622
01/04/1986 6:00;1.5275
02/04/1986 6:00;0.439
03/04/1986 6:00;0.2775
04/04/1986 6:00;0.069
05/04/1986 6:00;0.015
06/04/1986 6:00;1.3765
07/04/1986 6:00;8.2025
08/04/1986 6:00;1.2685
09/04/1986 6:00;0.734
10/04/1986 6:00;0.3105
11/04/1986 6:00;2.0365
12/04/1986 6:00;0.4945
13/04/1986 6:00;0.0145
14/04/1986 6:00;6.184
15/04/1986 6:00;6.1895
16/04/1986 6:00;15.108
17/04/1986 6:00;5.918
18/04/1986 6:00;7.4975
19/04/1986 6:00;1.0815
20/04/1986 6:00;9.064
21/04/1986 6:00;4.155
22/04/1986 6:00;10.3705
23/04/1986 6:00;5.7785
24/04/1986 6:00;3.8445
25/04/1986 6:00;4.0695
26/04/1986 6:00;0.7965
27/04/1986 6:00;1.0115
28/04/1986 6:00;0.097
29/04/1986 6:00;0.1855
30/04/1986 6:00;0.0295
01/05/1986 6:00;5.583
02/05/1986 6:00;5.5525
03/05/1986 6:00;5.082
04/05/1986 6:00;2.973
05/05/1986 6:00;3.0045
06/05/1986 6:00;8.559
07/05/1986 6:00;0.4025
08/05/1986 6:00;0.0475
09/05/1986 6:00;0.026
10/05/1986 6:00;0.1565
11/05/1986 6:00;0.976
12/05/1986 6:00;0.8765
13/05/1986 6:00;0.0235
14/05/1986 6:00;1.2365
15/05/1986 6:00;24.152
16/05/1986 6:00;2.5045
17/05/1986 6:00;1.674
18/05/1986 6:00;0.064
19/05/1986 6:00;2.954
20/05/1986 6:00;0.701
21/05/1986 6:00;0.0225
22/05/1986 6:00;0.009
23/05/1986 6:00;0.122
24/05/1986 6:00;0.004
25/05/1986 6:00;0.5065
26/05/1986 6:00;0.0135
27/05/1986 6:00;1.2165
28/05/1986 6:00;0.0095
29/05/1986 6:00;0
30/05/1986 6:00;0
31/05/1986 6:00;0.9765
01/06/1986 6:00;0.0435
02/06/1986 6:00;0.0895
03/06/1986 6:00;0.0005
04/06/1986 6:00;0.019
05/06/1986 6:00;1.932
06/06/1986 6:00;0.43
07/06/1986 6:00;0.003
08/06/1986 6:00;0.0165
09/06/1986 6:00;1.182
10/06/1986 6:00;0.0115
11/06/1986 6:00;0.6545
12/06/1986 6:00;0.0395
13/06/1986 6:00;0
14/06/1986 6:00;0
15/06/1986 6:00;0.1205
16/06/1986 6:00;2.6625
17/06/1986 6:00;0.6125
18/06/1986 6:00;0.0125
19/06/1986 6:00;1.27
20/06/1986 6:00;7.073
21/06/1986 6:00;5.323
22/06/1986 6:00;16.1455
23/06/1986 6:00;0.516
24/06/1986 6:00;0.0005
25/06/1986 6:00;0
26/06/1986 6:00;1.3815
27/06/1986 6:00;0.0065
28/06/1986 6:00;0.0095
29/06/1986 6:00;0
30/06/1986 6:00;0
01/07/1986 6:00;0.005
02/07/1986 6:00;0.0135
03/07/1986 6:00;0
04/07/1986 6:00;0.007
05/07/1986 6:00;0.9815
06/07/1986 6:00;0.636
07/07/1986 6:00;0.012
08/07/1986 6:00;0
09/07/1986 6:00;0.01
10/07/1986 6:00;0.006
11/07/1986 6:00;0.017
12/07/1986 6:00;0.0145
13/07/1986 6:00;0.0055
14/07/1986 6:00;0.0055
15/07/1986 6:00;0.0065
16/07/1986 6:00;1.4445
17/07/1986 6:00;0.0205
18/07/1986 6:00;0
19/07/1986 6:00;0
20/07/1986 6:00;0.012
21/07/1986 6:00;0.0125
22/07/1986 6:00;2.216
23/07/1986 6:00;0.2155
24/07/1986 6:00;0.0095
25/07/1986 6:00;0.3355
26/07/1986 6:00;0.0545
27/07/1986 6:00;0.1185
28/07/1986 6:00;0.2405
29/07/1986 6:00;0.073
30/07/1986 6:00;0.0955
31/07/1986 6:00;0.0015
01/08/1986 6:00;2.786
02/08/1986 6:00;0.964
03/08/1986 6:00;2.8965
04/08/1986 6:00;1.005
05/08/1986 6:00;0.253
06/08/1986 6:00;0.841
07/08/1986 6:00;1.391
08/08/1986 6:00;0.8825
09/08/1986 6:00;1.3625
10/08/1986 6:00;0.3735
11/08/1986 6:00;0.0085
12/08/1986 6:00;0.0415
13/08/1986 6:00;0.0475
14/08/1986 6:00;0.0075
15/08/1986 6:00;0.009
16/08/1986 6:00;0.5895
17/08/1986 6:00;10.144
18/08/1986 6:00;10.138
19/08/1986 6:00;1.102
20/08/1986 6:00;0.0085
21/08/1986 6:00;11.89
22/08/1986 6:00;10.2975
23/08/1986 6:00;0.109
24/08/1986 6:00;0.09
25/08/1986 6:00;4.506
26/08/1986 6:00;0.4395
27/08/1986 6:00;0.958
28/08/1986 6:00;0.065
29/08/1986 6:00;0.0055
30/08/1986 6:00;0.0315
31/08/1986 6:00;0.025
01/09/1986 6:00;0.0025
02/09/1986 6:00;0.003
03/09/1986 6:00;0
04/09/1986 6:00;0.0065
05/09/1986 6:00;0.0075
06/09/1986 6:00;0.0075
07/09/1986 6:00;0.007
08/09/1986 6:00;1.194
09/09/1986 6:00;0.493
10/09/1986 6:00;8.4215
11/09/1986 6:00;18.866
12/09/1986 6:00;9.61
13/09/1986 6:00;21.889
14/09/1986 6:00;23.637
15/09/1986 6:00;4.743
16/09/1986 6:00;9.497
17/09/1986 6:00;0.6305
18/09/1986 6:00;0.1195
19/09/1986 6:00;0.0935
20/09/1986 6:00;0.327
21/09/1986 6:00;0.1855
22/09/1986 6:00;1.028
23/09/1986 6:00;0.741
24/09/1986 6:00;0.374
25/09/1986 6:00;0.0565
26/09/1986 6:00;0.006
27/09/1986 6:00;0.011
28/09/1986 6:00;0.018
29/09/1986 6:00;0
30/09/1986 6:00;0
01/10/1986 6:00;0.0325
02/10/1986 6:00;0.014
03/10/1986 6:00;0.0445
04/10/1986 6:00;0.0255
05/10/1986 6:00;0.0265
06/10/1986 6:00;0.019
07/10/1986 6:00;0.0105
08/10/1986 6:00;0.021
09/10/1986 6:00;0.0925
10/10/1986 6:00;17.6755
11/10/1986 6:00;2.712
12/10/1986 6:00;1.432
13/10/1986 6:00;1.205
14/10/1986 6:00;1.0665
15/10/1986 6:00;0.0735
16/10/1986 6:00;1.8
17/10/1986 6:00;0.349
18/10/1986 6:00;3.547
19/10/1986 6:00;5.0745
20/10/1986 6:00;1.6275
21/10/1986 6:00;0.045
22/10/1986 6:00;30.1225
23/10/1986 6:00;0.8085
24/10/1986 6:00;6.378
25/10/1986 6:00;0.4335
26/10/1986 6:00;0.0155
27/10/1986 6:00;0.2125
28/10/1986 6:00;4.1165
29/10/1986 6:00;0.006
30/10/1986 6:00;2.249
31/10/1986 6:00;1.9535
01/11/1986 6:00;1.2835
02/11/1986 6:00;0.039
03/11/1986 6:00;0.0455
04/11/1986 6:00;0.014
05/11/1986 6:00;0.014
06/11/1986 6:00;0.009
07/11/1986 6:00;7.3675
08/11/1986 6:00;1.533
09/11/1986 6:00;4.0485
10/11/1986 6:00;30.072
11/11/1986 6:00;9.189
12/11/1986 6:00;14.325
13/11/1986 6:00;20.006
14/11/1986 6:00;10.0055
15/11/1986 6:00;3.555
16/11/1986 6:00;3.0655
17/11/1986 6:00;0.2865
18/11/1986 6:00;0.146
19/11/1986 6:00;6.8015
20/11/1986 6:00;0.9155
21/11/1986 6:00;2.852
22/11/1986 6:00;5.0075
23/11/1986 6:00;2.815
24/11/1986 6:00;0.82
25/11/1986 6:00;3.7505
26/11/1986 6:00;0.0125
27/11/1986 6:00;0.015
28/11/1986 6:00;0
29/11/1986 6:00;0
30/11/1986 6:00;0
01/12/1986 6:00;0.0045
02/12/1986 6:00;0.0985
03/12/1986 6:00;0.001
04/12/1986 6:00;0.0005
05/12/1986 6:00;19.709
06/12/1986 6:00;31.2905
07/12/1986 6:00;24.1505
08/12/1986 6:00;9.6075
09/12/1986 6:00;0.2305
10/12/1986 6:00;3.8945
11/12/1986 6:00;2.1325
12/12/1986 6:00;10.1005
13/12/1986 6:00;2.172
14/12/1986 6:00;1.524
15/12/1986 6:00;6.036
16/12/1986 6:00;1.4555
17/12/1986 6:00;0.0915
18/12/1986 6:00;5.2965
19/12/1986 6:00;1.539
20/12/1986 6:00;3.326
21/12/1986 6:00;6.931
22/12/1986 6:00;0.142
23/12/1986 6:00;0.026
24/12/1986 6:00;1.279
25/12/1986 6:00;1.6325
26/12/1986 6:00;2.8835
27/12/1986 6:00;0.166
28/12/1986 6:00;0.01
29/12/1986 6:00;4.0205
30/12/1986 6:00;10.4805
31/12/1986 6:00;3.621
01/01/1987 6:00;7.6805
02/01/1987 6:00;0.0535
03/01/1987 6:00;0.1275
04/01/1987 6:00;0.006
05/01/1987 6:00;0.0185
06/01/1987 6:00;0.0035
07/01/1987 6:00;3.793
08/01/1987 6:00;4.846
09/01/1987 6:00;5.1245
10/01/1987 6:00;2.306
11/01/1987 6:00;8.029
12/01/1987 6:00;11.317
13/01/1987 6:00;6.564
14/01/1987 6:00;11.915
15/01/1987 6:00;1.6225
16/01/1987 6:00;0.6845
17/01/1987 6:00;0.0375
18/01/1987 6:00;0.01
19/01/1987 6:00;0.0295
20/01/1987 6:00;0.0045
21/01/1987 6:00;0
22/01/1987 6:00;0.0015
23/01/1987 6:00;0.0155
24/01/1987 6:00;0.2195
25/01/1987 6:00;5.086
26/01/1987 6:00;6.646
27/01/1987 6:00;6.2045
28/01/1987 6:00;5.7015
29/01/1987 6:00;0.093
30/01/1987 6:00;0.4885
31/01/1987 6:00;0.5025
01/02/1987 6:00;8.577
02/02/1987 6:00;1.3
03/02/1987 6:00;0.076
04/02/1987 6:00;0.0195
05/02/1987 6:00;0.032
06/02/1987 6:00;0.0095
07/02/1987 6:00;0.0115
08/02/1987 6:00;1.1075
09/02/1987 6:00;8.9505
10/02/1987 6:00;16.1065
11/02/1987 6:00;15.717
12/02/1987 6:00;10.5865
13/02/1987 6:00;0.569
14/02/1987 6:00;0.896
15/02/1987 6:00;9.154
16/02/1987 6:00;18.3925
17/02/1987 6:00;5.031
18/02/1987 6:00;3.592
19/02/1987 6:00;1.406
20/02/1987 6:00;0.0545
21/02/1987 6:00;0.014
22/02/1987 6:00;0.2165
23/02/1987 6:00;0.33
24/02/1987 6:00;12.6585
25/02/1987 6:00;2.1305
26/02/1987 6:00;8.031
27/02/1987 6:00;2.486
28/02/1987 6:00;0.061
01/03/1987 6:00;0.011
02/03/1987 6:00;0.325
03/03/1987 6:00;0.0045
04/03/1987 6:00;0.207
05/03/1987 6:00;0.4085
06/03/1987 6:00;0.4275
07/03/1987 6:00;1.6345
08/03/1987 6:00;2.016
09/03/1987 6:00;0.826
10/03/1987 6:00;0
11/03/1987 6:00;0.0185
12/03/1987 6:00;0.341
13/03/1987 6:00;0.528
14/03/1987 6:00;0.0165
15/03/1987 6:00;0.015
16/03/1987 6:00;0.1155
17/03/1987 6:00;0.1255
18/03/1987 6:00;0.9795
19/03/1987 6:00;1.716
20/03/1987 6:00;4.973
21/03/1987 6:00;3.8675
22/03/1987 6:00;2.214
23/03/1987 6:00;22.975
24/03/1987 6:00;26.1625
25/03/1987 6:00;3.684
26/03/1987 6:00;5.125
27/03/1987 6:00;15.8385
28/03/1987 6:00;8.5525
29/03/1987 6:00;3.9395
30/03/1987 6:00;1.0945
31/03/1987 6:00;1.684
01/04/1987 6:00;6.6135
02/04/1987 6:00;28.741
03/04/1987 6:00;12.1635
04/04/1987 6:00;19.3625
05/04/1987 6:00;11.0725
06/04/1987 6:00;7.223
07/04/1987 6:00;3.527
08/04/1987 6:00;3.5615
09/04/1987 6:00;3.026
10/04/1987 6:00;3.945
11/04/1987 6:00;2.039
12/04/1987 6:00;3.7255
13/04/1987 6:00;0.161
14/04/1987 6:00;0
15/04/1987 6:00;0.1075
16/04/1987 6:00;1.39
17/04/1987 6:00;0.95
18/04/1987 6:00;1.1195
19/04/1987 6:00;0.6015
20/04/1987 6:00;0.0225
21/04/1987 6:00;0.1915
22/04/1987 6:00;0.409
23/04/1987 6:00;16.9475
24/04/1987 6:00;6.955
25/04/1987 6:00;0.002
26/04/1987 6:00;1.758
27/04/1987 6:00;3.759
28/04/1987 6:00;16.17
29/04/1987 6:00;2.4125
30/04/1987 6:00;0.011
01/05/1987 6:00;0.008
02/05/1987 6:00;0.0345
03/05/1987 6:00;0.0665
04/05/1987 6:00;0.0045
05/05/1987 6:00;0.047
06/05/1987 6:00;0.0925
07/05/1987 6:00;0.0075
08/05/1987 6:00;0.01
09/05/1987 6:00;4.136
10/05/1987 6:00;5.657
11/05/1987 6:00;0.308
12/05/1987 6:00;1.5115
13/05/1987 6:00;0.086
14/05/1987 6:00;0.0565
15/05/1987 6:00;0.388
16/05/1987 6:00;0.016
17/05/1987 6:00;0.0055
18/05/1987 6:00;0.009
19/05/1987 6:00;0.01
20/05/1987 6:00;0.005
21/05/1987 6:00;0
22/05/1987 6:00;0.006
23/05/1987 6:00;0.939
24/05/1987 6:00;0.46
25/05/1987 6:00;5.4015
26/05/1987 6:00;1.7755
27/05/1987 6:00;0.027
28/05/1987 6:00;0.0035
29/05/1987 6:00;0.004
30/05/1987 6:00;0.2005
31/05/1987 6:00;0.053
01/06/1987 6:00;0.004
02/06/1987 6:00;5.2945
03/06/1987 6:00;1.9625
04/06/1987 6:00;1.055
05/06/1987 6:00;1.0095
06/06/1987 6:00;3.542
07/06/1987 6:00;5.6035
08/06/1987 6:00;4.0615
09/06/1987 6:00;19.2695
10/06/1987 6:00;6.77
11/06/1987 6:00;6.765
12/06/1987 6:00;6.9445
13/06/1987 6:00;3.5495
14/06/1987 6:00;4.036
15/06/1987 6:00;1.6675
16/06/1987 6:00;0.433
17/06/1987 6:00;0.001
18/06/1987 6:00;4.265
19/06/1987 6:00;7.502
20/06/1987 6:00;0.071
21/06/1987 6:00;0.064
22/06/1987 6:00;0.013
23/06/1987 6:00;0.004
24/06/1987 6:00;0.0035
25/06/1987 6:00;0.0035
26/06/1987 6:00;0.001
27/06/1987 6:00;0.0055
28/06/1987 6:00;0.001
29/06/1987 6:00;0.006
30/06/1987 6:00;0.0065
01/07/1987 6:00;0.007
02/07/1987 6:00;0.005
03/07/1987 6:00;0.008
04/07/1987 6:00;0.005
05/07/1987 6:00;0.036
06/07/1987 6:00;0.031
07/07/1987 6:00;0.032
08/07/1987 6:00;0.0085
09/07/1987 6:00;0
10/07/1987 6:00;0.0135
11/07/1987 6:00;0.0475
12/07/1987 6:00;0.003
13/07/1987 6:00;0.4205
14/07/1987 6:00;0.095
15/07/1987 6:00;11.392
16/07/1987 6:00;7.4595
17/07/1987 6:00;3.0885
18/07/1987 6:00;0.9745
19/07/1987 6:00;0.558
20/07/1987 6:00;0.0235
21/07/1987 6:00;0.003
22/07/1987 6:00;0.003
23/07/1987 6:00;0.0045
24/07/1987 6:00;0.0145
25/07/1987 6:00;0.0095
26/07/1987 6:00;0.0075
27/07/1987 6:00;0.0025
28/07/1987 6:00;0.006
29/07/1987 6:00;0.111
30/07/1987 6:00;0.025
31/07/1987 6:00;0.003
01/08/1987 6:00;0.0075
02/08/1987 6:00;0.011
03/08/1987 6:00;0.008
04/08/1987 6:00;0.0185
05/08/1987 6:00;0.3845
06/08/1987 6:00;2.2135
07/08/1987 6:00;0.8485
08/08/1987 6:00;0.0055
09/08/1987 6:00;0.0075
10/08/1987 6:00;0.0065
11/08/1987 6:00;0.0045
12/08/1987 6:00;0.0115
13/08/1987 6:00;0.004
14/08/1987 6:00;0.008
15/08/1987 6:00;0.117
16/08/1987 6:00;1.794
17/08/1987 6:00;0.018
18/08/1987 6:00;0.0305
19/08/1987 6:00;0.004
20/08/1987 6:00;0.009
21/08/1987 6:00;0.8125
22/08/1987 6:00;1.5765
23/08/1987 6:00;3.422
24/08/1987 6:00;0.2415
25/08/1987 6:00;0.005
26/08/1987 6:00;0.0095
27/08/1987 6:00;0.004
28/08/1987 6:00;0.0055
29/08/1987 6:00;0.426
30/08/1987 6:00;2.3035
31/08/1987 6:00;10.8055
01/09/1987 6:00;1.521
02/09/1987 6:00;0.103
03/09/1987 6:00;1.2855
04/09/1987 6:00;0.2545
05/09/1987 6:00;2.226
06/09/1987 6:00;0.008
07/09/1987 6:00;0.003
08/09/1987 6:00;0.007
09/09/1987 6:00;0.0065
10/09/1987 6:00;0.006
11/09/1987 6:00;0.003
12/09/1987 6:00;0.0015
13/09/1987 6:00;0
14/09/1987 6:00;0.0085
15/09/1987 6:00;0.0105
16/09/1987 6:00;0.0065
17/09/1987 6:00;0
18/09/1987 6:00;0
19/09/1987 6:00;0.0055
20/09/1987 6:00;0.0675
21/09/1987 6:00;12.977
22/09/1987 6:00;2.6335
23/09/1987 6:00;0.7965
24/09/1987 6:00;21.637
25/09/1987 6:00;5.725
26/09/1987 6:00;3.2575
27/09/1987 6:00;0.046
28/09/1987 6:00;0.029
29/09/1987 6:00;0.3195
30/09/1987 6:00;0.1755
01/10/1987 6:00;13.226
02/10/1987 6:00;5.267
03/10/1987 6:00;21.2345
04/10/1987 6:00;3.517
05/10/1987 6:00;9.5135
06/10/1987 6:00;3.412
07/10/1987 6:00;7.012
08/10/1987 6:00;1.851
09/10/1987 6:00;48.9895
10/10/1987 6:00;14.0805
11/10/1987 6:00;2.7275
12/10/1987 6:00;2.1665
13/10/1987 6:00;35.8205
14/10/1987 6:00;63.8505
15/10/1987 6:00;37.6295
16/10/1987 6:00;12.2725
17/10/1987 6:00;2.6405
18/10/1987 6:00;10.058
19/10/1987 6:00;14.4535
20/10/1987 6:00;4.295
21/10/1987 6:00;0.9
22/10/1987 6:00;2.483
23/10/1987 6:00;2.292
24/10/1987 6:00;1.8075
25/10/1987 6:00;0.855
26/10/1987 6:00;29.5815
27/10/1987 6:00;7.342
28/10/1987 6:00;0.6545
29/10/1987 6:00;19.065
30/10/1987 6:00;5.975
31/10/1987 6:00;0.1095
01/11/1987 6:00;0.037
02/11/1987 6:00;0.5345
03/11/1987 6:00;0.015
04/11/1987 6:00;0.004
05/11/1987 6:00;0.006
06/11/1987 6:00;0.5325
07/11/1987 6:00;9.8775
08/11/1987 6:00;5.4495
09/11/1987 6:00;5.104
10/11/1987 6:00;3.3035
11/11/1987 6:00;2.5625
12/11/1987 6:00;16.653
13/11/1987 6:00;13.017
14/11/1987 6:00;0.9145
15/11/1987 6:00;4.2285
16/11/1987 6:00;0
17/11/1987 6:00;0.1095
18/11/1987 6:00;0.082
19/11/1987 6:00;0.03
20/11/1987 6:00;0.0055
21/11/1987 6:00;0.9855
22/11/1987 6:00;9.7665
23/11/1987 6:00;10.7015
24/11/1987 6:00;29.2205
25/11/1987 6:00;16.8145
26/11/1987 6:00;5.6795
27/11/1987 6:00;0.193
28/11/1987 6:00;0.0415
29/11/1987 6:00;0.081
30/11/1987 6:00;0.005
01/12/1987 6:00;0.0095
02/12/1987 6:00;8.7925
03/12/1987 6:00;5.553
04/12/1987 6:00;27.599
05/12/1987 6:00;17.9075
06/12/1987 6:00;7.9705
07/12/1987 6:00;0.5075
08/12/1987 6:00;0.0505
09/12/1987 6:00;13.584
10/12/1987 6:00;14.6095
11/12/1987 6:00;1.6
12/12/1987 6:00;2.6035
13/12/1987 6:00;4.3495
14/12/1987 6:00;4.196
15/12/1987 6:00;7.937
16/12/1987 6:00;5.021
17/12/1987 6:00;0.643
18/12/1987 6:00;0.76
19/12/1987 6:00;0.0185
20/12/1987 6:00;0.395
21/12/1987 6:00;0.1
22/12/1987 6:00;0.121
23/12/1987 6:00;0.167
24/12/1987 6:00;2.8475
25/12/1987 6:00;1.0315
26/12/1987 6:00;0.0145
27/12/1987 6:00;0.4585
28/12/1987 6:00;0.407
29/12/1987 6:00;0.6565
30/12/1987 6:00;19.1435
31/12/1987 6:00;8.5775
01/01/1988 6:00;5.218
02/01/1988 6:00;14.2935
03/01/1988 6:00;3.404
04/01/1988 6:00;25.5465
05/01/1988 6:00;57.3965
06/01/1988 6:00;16.095
07/01/1988 6:00;0.9065
08/01/1988 6:00;1.7535
09/01/1988 6:00;14.3085
10/01/1988 6:00;3.797
11/01/1988 6:00;0.069
12/01/1988 6:00;21.9605
13/01/1988 6:00;11.192
14/01/1988 6:00;9.674
15/01/1988 6:00;0.2065
16/01/1988 6:00;0
17/01/1988 6:00;0.1785
18/01/1988 6:00;9.659
19/01/1988 6:00;4.377
20/01/1988 6:00;3.8535
21/01/1988 6:00;4.1735
22/01/1988 6:00;2.956
23/01/1988 6:00;15.7305
24/01/1988 6:00;28.353
25/01/1988 6:00;6.642
26/01/1988 6:00;12.6095
27/01/1988 6:00;8.217
28/01/1988 6:00;19.162
29/01/1988 6:00;13.3825
30/01/1988 6:00;12.112
31/01/1988 6:00;17.3355
01/02/1988 6:00;5.926
02/02/1988 6:00;4.4785
03/02/1988 6:00;11.7175
04/02/1988 6:00;13.9855
05/02/1988 6:00;18.1185
06/02/1988 6:00;8.454
07/02/1988 6:00;7.661
08/02/1988 6:00;3.5175
09/02/1988 6:00;6.3385
10/02/1988 6:00;2.741
11/02/1988 6:00;6.718
12/02/1988 6:00;0.0375
13/02/1988 6:00;0
14/02/1988 6:00;0
15/02/1988 6:00;0.0065
16/02/1988 6:00;0.01
17/02/1988 6:00;0.0185
18/02/1988 6:00;0.011
19/02/1988 6:00;0
20/02/1988 6:00;0.0005
21/02/1988 6:00;0.003
22/02/1988 6:00;1.605
23/02/1988 6:00;0.732
24/02/1988 6:00;4.8245
25/02/1988 6:00;1.3315
26/02/1988 6:00;0.3755
27/02/1988 6:00;0.009
28/02/1988 6:00;2.191
29/02/1988 6:00;5.4005
01/03/1988 6:00;0.5115
02/03/1988 6:00;0.0055
03/03/1988 6:00;0.1035
04/03/1988 6:00;3.2615
05/03/1988 6:00;6.618
06/03/1988 6:00;1.172
07/03/1988 6:00;0.3605
08/03/1988 6:00;0.004
09/03/1988 6:00;0.004
10/03/1988 6:00;0.004
11/03/1988 6:00;0.011
12/03/1988 6:00;0.006
13/03/1988 6:00;0.0055
14/03/1988 6:00;0.052
15/03/1988 6:00;0.4425
16/03/1988 6:00;1.129
17/03/1988 6:00;1.447
18/03/1988 6:00;0.06
19/03/1988 6:00;4.0285
20/03/1988 6:00;37.599
21/03/1988 6:00;0.919
22/03/1988 6:00;3.041
23/03/1988 6:00;0.0115
24/03/1988 6:00;0.208
25/03/1988 6:00;0.5345
26/03/1988 6:00;1.234
27/03/1988 6:00;0.0025
28/03/1988 6:00;0.0055
29/03/1988 6:00;8.491
30/03/1988 6:00;5.393
31/03/1988 6:00;1.8335
01/04/1988 6:00;11.4905
02/04/1988 6:00;9.216
03/04/1988 6:00;1.8085
04/04/1988 6:00;5.5895
05/04/1988 6:00;8.0415
06/04/1988 6:00;0.443
07/04/1988 6:00;1.5895
08/04/1988 6:00;1.8655
09/04/1988 6:00;3.076
10/04/1988 6:00;0.612
11/04/1988 6:00;1.109
12/04/1988 6:00;6.357
13/04/1988 6:00;8.6195
14/04/1988 6:00;0.442
15/04/1988 6:00;0.057
16/04/1988 6:00;3.9845
17/04/1988 6:00;17.246
18/04/1988 6:00;7.498
19/04/1988 6:00;1.0385
20/04/1988 6:00;1.2165
21/04/1988 6:00;2.691
22/04/1988 6:00;1.351
23/04/1988 6:00;3.885
24/04/1988 6:00;8.144
25/04/1988 6:00;5.5095
26/04/1988 6:00;1.537
27/04/1988 6:00;1.167
28/04/1988 6:00;3.2635
29/04/1988 6:00;2.2165
30/04/1988 6:00;13.191
01/05/1988 6:00;16.32
02/05/1988 6:00;17.562
03/05/1988 6:00;9.4335
04/05/1988 6:00;16.527
05/05/1988 6:00;2.469
06/05/1988 6:00;0.9205
07/05/1988 6:00;2.996
08/05/1988 6:00;0.977
09/05/1988 6:00;1.8325
10/05/1988 6:00;0.6715
11/05/1988 6:00;0.005
12/05/1988 6:00;1.188
13/05/1988 6:00;0.2135
14/05/1988 6:00;0.0205
15/05/1988 6:00;0.0615
16/05/1988 6:00;1.5555
17/05/1988 6:00;13.0695
18/05/1988 6:00;2.262
19/05/1988 6:00;0.659
20/05/1988 6:00;0.0895
21/05/1988 6:00;1.8895
22/05/1988 6:00;2.5805
23/05/1988 6:00;2.938
24/05/1988 6:00;0.8925
25/05/1988 6:00;2.638
26/05/1988 6:00;13.9225
27/05/1988 6:00;1.2565
28/05/1988 6:00;12.474
29/05/1988 6:00;6.604
30/05/1988 6:00;0.7635
31/05/1988 6:00;1.8895
01/06/1988 6:00;0.0595
02/06/1988 6:00;0.0065
03/06/1988 6:00;0.0055
04/06/1988 6:00;0.017
05/06/1988 6:00;0.3625
06/06/1988 6:00;0.48
07/06/1988 6:00;6.523
08/06/1988 6:00;14.51
09/06/1988 6:00;10.027
10/06/1988 6:00;7.371
11/06/1988 6:00;0.518
12/06/1988 6:00;1.8655
13/06/1988 6:00;0.7295
14/06/1988 6:00;11.0555
15/06/1988 6:00;12.906
16/06/1988 6:00;1.758
17/06/1988 6:00;0.017
18/06/1988 6:00;0.0065
19/06/1988 6:00;0.0135
20/06/1988 6:00;0.0065
21/06/1988 6:00;0.0145
22/06/1988 6:00;0.007
23/06/1988 6:00;0.117
24/06/1988 6:00;0.0055
25/06/1988 6:00;0.0085
26/06/1988 6:00;0.013
27/06/1988 6:00;2.2035
28/06/1988 6:00;3.814
29/06/1988 6:00;3.9165
30/06/1988 6:00;7.3205
01/07/1988 6:00;8.487
02/07/1988 6:00;6.791
03/07/1988 6:00;1.8035
04/07/1988 6:00;5.6355
05/07/1988 6:00;3.2785
06/07/1988 6:00;2.2565
07/07/1988 6:00;1.6945
08/07/1988 6:00;0.948
09/07/1988 6:00;0
10/07/1988 6:00;0
11/07/1988 6:00;0.0175
12/07/1988 6:00;0.1495
13/07/1988 6:00;1.135
14/07/1988 6:00;0.0255
15/07/1988 6:00;0.0005
16/07/1988 6:00;0.0075
17/07/1988 6:00;0.3395
18/07/1988 6:00;0.989
19/07/1988 6:00;0.2115
20/07/1988 6:00;0.003
21/07/1988 6:00;0.019
22/07/1988 6:00;4.324
23/07/1988 6:00;12.838
24/07/1988 6:00;0.3525
25/07/1988 6:00;1.049
26/07/1988 6:00;0.299
27/07/1988 6:00;0.0045
28/07/1988 6:00;1.3745
29/07/1988 6:00;0.508
30/07/1988 6:00;0.182
31/07/1988 6:00;0.0135
01/08/1988 6:00;0.025
02/08/1988 6:00;1.82
03/08/1988 6:00;0.0035
04/08/1988 6:00;0.007
05/08/1988 6:00;0.0095
06/08/1988 6:00;0.009
07/08/1988 6:00;0.112
08/08/1988 6:00;0.5515
09/08/1988 6:00;0.6765
10/08/1988 6:00;0.381
11/08/1988 6:00;0.267
12/08/1988 6:00;0.037
13/08/1988 6:00;0.001
14/08/1988 6:00;0.291
15/08/1988 6:00;0.102
16/08/1988 6:00;0.0105
17/08/1988 6:00;0
18/08/1988 6:00;1.3595
19/08/1988 6:00;0.047
20/08/1988 6:00;0.016
21/08/1988 6:00;0.0345
22/08/1988 6:00;0.736
23/08/1988 6:00;0.327
24/08/1988 6:00;0.806
25/08/1988 6:00;0.009
26/08/1988 6:00;0.0375
27/08/1988 6:00;0.9765
28/08/1988 6:00;2.7245
29/08/1988 6:00;0.041
30/08/1988 6:00;0.0245
31/08/1988 6:00;3.602
01/09/1988 6:00;7.6545
02/09/1988 6:00;0.627
03/09/1988 6:00;0.0145
04/09/1988 6:00;0.0035
05/09/1988 6:00;0
06/09/1988 6:00;0.072
07/09/1988 6:00;0.029
08/09/1988 6:00;0.01
09/09/1988 6:00;0
10/09/1988 6:00;0
11/09/1988 6:00;0
12/09/1988 6:00;0
13/09/1988 6:00;0
14/09/1988 6:00;0
15/09/1988 6:00;0
16/09/1988 6:00;0.002
17/09/1988 6:00;0
18/09/1988 6:00;0.004
19/09/1988 6:00;0
20/09/1988 6:00;0
21/09/1988 6:00;0.1505
22/09/1988 6:00;0.3975
23/09/1988 6:00;0.9595
24/09/1988 6:00;0.0005
25/09/1988 6:00;0.02
26/09/1988 6:00;0.002
27/09/1988 6:00;0
28/09/1988 6:00;2.0275
29/09/1988 6:00;0.7855
30/09/1988 6:00;0.0125
01/10/1988 6:00;0.0075
02/10/1988 6:00;0.004
03/10/1988 6:00;0
04/10/1988 6:00;1.527
05/10/1988 6:00;0.1515
06/10/1988 6:00;4.11
07/10/1988 6:00;0.4665
08/10/1988 6:00;0.3915
09/10/1988 6:00;7.51
10/10/1988 6:00;3.0375
11/10/1988 6:00;7.208
12/10/1988 6:00;4.7065
13/10/1988 6:00;17.4605
14/10/1988 6:00;20.3705
15/10/1988 6:00;0.598
16/10/1988 6:00;0.5825
17/10/1988 6:00;0.451
18/10/1988 6:00;19.722
19/10/1988 6:00;4.3135
20/10/1988 6:00;2.462
21/10/1988 6:00;17.0895
22/10/1988 6:00;6.3315
23/10/1988 6:00;2.6075
24/10/1988 6:00;0.012
25/10/1988 6:00;0.1455
26/10/1988 6:00;6.319
27/10/1988 6:00;0.4595
28/10/1988 6:00;8.497
29/10/1988 6:00;0.1485
30/10/1988 6:00;4.454
31/10/1988 6:00;0.52
01/11/1988 6:00;0.05
02/11/1988 6:00;2.5565
03/11/1988 6:00;1.272
04/11/1988 6:00;0.016
05/11/1988 6:00;0.015
06/11/1988 6:00;0.124
07/11/1988 6:00;34.2165
08/11/1988 6:00;8.132
09/11/1988 6:00;7.051
10/11/1988 6:00;1.171
11/11/1988 6:00;0.0205
12/11/1988 6:00;0.0015
13/11/1988 6:00;0.008
14/11/1988 6:00;0.023
15/11/1988 6:00;0.002
16/11/1988 6:00;0.042
17/11/1988 6:00;0.3175
18/11/1988 6:00;0.1125
19/11/1988 6:00;0.012
20/11/1988 6:00;0.009
21/11/1988 6:00;0.028
22/11/1988 6:00;0.04
23/11/1988 6:00;0.033
24/11/1988 6:00;0
25/11/1988 6:00;0.97
26/11/1988 6:00;0.1575
27/11/1988 6:00;0.2255
28/11/1988 6:00;0.45
29/11/1988 6:00;11.0265
30/11/1988 6:00;14.372
01/12/1988 6:00;9.9095
02/12/1988 6:00;6.8165
03/12/1988 6:00;6.6375
04/12/1988 6:00;3.098
05/12/1988 6:00;4.008
06/12/1988 6:00;0.8135
07/12/1988 6:00;0.051
08/12/1988 6:00;0.0135
09/12/1988 6:00;0.0165
10/12/1988 6:00;0.0165
11/12/1988 6:00;0
12/12/1988 6:00;0.0015
13/12/1988 6:00;0.001
14/12/1988 6:00;0
15/12/1988 6:00;0
16/12/1988 6:00;0.0035
17/12/1988 6:00;0.005
18/12/1988 6:00;0.0045
19/12/1988 6:00;0.004
20/12/1988 6:00;2.194
21/12/1988 6:00;0.297
22/12/1988 6:00;0.0585
23/12/1988 6:00;0.1065
24/12/1988 6:00;0.029
25/12/1988 6:00;0.0275
26/12/1988 6:00;0.0055
27/12/1988 6:00;0.005
28/12/1988 6:00;0
29/12/1988 6:00;0
30/12/1988 6:00;0
31/12/1988 6:00;0
01/01/1989 6:00;0.0045
02/01/1989 6:00;0.0045
03/01/1989 6:00;1.344
04/01/1989 6:00;1.469
05/01/1989 6:00;7.497
06/01/1989 6:00;8.8905
07/01/1989 6:00;3.9075
08/01/1989 6:00;0.316
09/01/1989 6:00;9.0415
10/01/1989 6:00;1.953
11/01/1989 6:00;0.5575
12/01/1989 6:00;0.0245
13/01/1989 6:00;0.99
14/01/1989 6:00;6.787
15/01/1989 6:00;0.002
16/01/1989 6:00;0.0115
17/01/1989 6:00;0.002
18/01/1989 6:00;0.003
19/01/1989 6:00;0.006
20/01/1989 6:00;2.0365
21/01/1989 6:00;3.221
22/01/1989 6:00;0.007
23/01/1989 6:00;0.004
24/01/1989 6:00;0.005
25/01/1989 6:00;5.695
26/01/1989 6:00;0
27/01/1989 6:00;0.011
28/01/1989 6:00;0.426
29/01/1989 6:00;0.0095
30/01/1989 6:00;0.0015
31/01/1989 6:00;0.0025
01/02/1989 6:00;0.1095
02/02/1989 6:00;0.007
03/02/1989 6:00;0.2725
04/02/1989 6:00;0.195
05/02/1989 6:00;0.5725
06/02/1989 6:00;1.403
07/02/1989 6:00;0.0275
08/02/1989 6:00;1.1605
09/02/1989 6:00;10.427
10/02/1989 6:00;2.306
11/02/1989 6:00;0.121
12/02/1989 6:00;0.03
13/02/1989 6:00;0.342
14/02/1989 6:00;0.181
15/02/1989 6:00;0.003
16/02/1989 6:00;0
17/02/1989 6:00;0.001
18/02/1989 6:00;0.006
19/02/1989 6:00;3.168
20/02/1989 6:00;13.3035
21/02/1989 6:00;4.5625
22/02/1989 6:00;23.4975
23/02/1989 6:00;23.67
24/02/1989 6:00;10.1695
25/02/1989 6:00;12.711
26/02/1989 6:00;9.5095
27/02/1989 6:00;6.6485
28/02/1989 6:00;14.4275
01/03/1989 6:00;4.5255
02/03/1989 6:00;9.459
03/03/1989 6:00;2.739
04/03/1989 6:00;0.3195
05/03/1989 6:00;2.453
06/03/1989 6:00;19.5195
07/03/1989 6:00;1.7015
08/03/1989 6:00;0.569
09/03/1989 6:00;0
10/03/1989 6:00;0.001
11/03/1989 6:00;0
12/03/1989 6:00;8.184
13/03/1989 6:00;0.9335
14/03/1989 6:00;0.466
15/03/1989 6:00;3.093
16/03/1989 6:00;4.413
17/03/1989 6:00;2.9855
18/03/1989 6:00;0.681
19/03/1989 6:00;2.419
20/03/1989 6:00;4.213
21/03/1989 6:00;1.3505
22/03/1989 6:00;0.257
23/03/1989 6:00;0.8685
24/03/1989 6:00;0.4895
25/03/1989 6:00;0.03
26/03/1989 6:00;0.613
27/03/1989 6:00;16.74
28/03/1989 6:00;6.651
29/03/1989 6:00;0.6225
30/03/1989 6:00;0.0395
31/03/1989 6:00;0.1705
01/04/1989 6:00;7.652
02/04/1989 6:00;13.9545
03/04/1989 6:00;13.7605
04/04/1989 6:00;6.494
05/04/1989 6:00;8.8555
06/04/1989 6:00;4.6755
07/04/1989 6:00;0.1855
08/04/1989 6:00;8.8035
09/04/1989 6:00;5.56
10/04/1989 6:00;0.9885
11/04/1989 6:00;9.882
12/04/1989 6:00;17.1955
13/04/1989 6:00;3.741
14/04/1989 6:00;1.4055
15/04/1989 6:00;5.0185
16/04/1989 6:00;4.401
17/04/1989 6:00;2.6105
18/04/1989 6:00;0.1475
19/04/1989 6:00;0.0975
20/04/1989 6:00;0.046
21/04/1989 6:00;0.6815
22/04/1989 6:00;2.31
23/04/1989 6:00;2.912
24/04/1989 6:00;4.746
25/04/1989 6:00;3.2025
26/04/1989 6:00;2.604
27/04/1989 6:00;4.8145
28/04/1989 6:00;2.277
29/04/1989 6:00;1.9055
30/04/1989 6:00;0.2165
01/05/1989 6:00;0.003
02/05/1989 6:00;0.021
03/05/1989 6:00;0.003
04/05/1989 6:00;0
05/05/1989 6:00;0.007
06/05/1989 6:00;0.004
07/05/1989 6:00;0
08/05/1989 6:00;0.232
09/05/1989 6:00;4.488
10/05/1989 6:00;2.2485
11/05/1989 6:00;4.0645
12/05/1989 6:00;0.0265
13/05/1989 6:00;0
14/05/1989 6:00;0.006
15/05/1989 6:00;0.0095
16/05/1989 6:00;0.0085
17/05/1989 6:00;0.0065
18/05/1989 6:00;0.4705
19/05/1989 6:00;0.0215
20/05/1989 6:00;0
21/05/1989 6:00;0.015
22/05/1989 6:00;0.141
23/05/1989 6:00;0.0015
24/05/1989 6:00;0.553
25/05/1989 6:00;1.307
26/05/1989 6:00;10.146
27/05/1989 6:00;2.517
28/05/1989 6:00;6.631
29/05/1989 6:00;11.4225
30/05/1989 6:00;1.904
31/05/1989 6:00;0.4005
01/06/1989 6:00;1.1995
02/06/1989 6:00;0.048
03/06/1989 6:00;1.561
04/06/1989 6:00;3.148
05/06/1989 6:00;0.298
06/06/1989 6:00;0.274
07/06/1989 6:00;0.634
08/06/1989 6:00;0.384
09/06/1989 6:00;10.93
10/06/1989 6:00;4.181
11/06/1989 6:00;0.3905
12/06/1989 6:00;0.35
13/06/1989 6:00;0.8675
14/06/1989 6:00;0.262
15/06/1989 6:00;1.9065
16/06/1989 6:00;0.102
17/06/1989 6:00;0
18/06/1989 6:00;0.012
19/06/1989 6:00;0.018
20/06/1989 6:00;0.03
21/06/1989 6:00;0
22/06/1989 6:00;0.0005
23/06/1989 6:00;0.003
24/06/1989 6:00;0
25/06/1989 6:00;0.0065
26/06/1989 6:00;0
27/06/1989 6:00;0.1755
28/06/1989 6:00;0.001
29/06/1989 6:00;0
30/06/1989 6:00;0.0065
01/07/1989 6:00;0.008
02/07/1989 6:00;0.004
03/07/1989 6:00;0.001
04/07/1989 6:00;0.004
05/07/1989 6:00;1.7185
06/07/1989 6:00;0.527
07/07/1989 6:00;0.082
08/07/1989 6:00;0.074
09/07/1989 6:00;0.393
10/07/1989 6:00;0
11/07/1989 6:00;0.0005
12/07/1989 6:00;0.0005
13/07/1989 6:00;0
14/07/1989 6:00;0
15/07/1989 6:00;0.0025
16/07/1989 6:00;0.01
17/07/1989 6:00;0.006
18/07/1989 6:00;0.014
19/07/1989 6:00;0.0055
20/07/1989 6:00;0.007
21/07/1989 6:00;0.0095
22/07/1989 6:00;3.9665
23/07/1989 6:00;0.4505
24/07/1989 6:00;0.0065
25/07/1989 6:00;0
26/07/1989 6:00;0
27/07/1989 6:00;0
28/07/1989 6:00;0.0005
29/07/1989 6:00;0.008
30/07/1989 6:00;0.0125
31/07/1989 6:00;0.006
01/08/1989 6:00;0.0715
02/08/1989 6:00;0.0085
03/08/1989 6:00;3.3885
04/08/1989 6:00;1.8595
05/08/1989 6:00;0.416
06/08/1989 6:00;2.1295
07/08/1989 6:00;0.004
08/08/1989 6:00;0.0245
09/08/1989 6:00;0.0115
10/08/1989 6:00;0.0155
11/08/1989 6:00;0.6245
12/08/1989 6:00;0.307
13/08/1989 6:00;2.293
14/08/1989 6:00;3.405
15/08/1989 6:00;10.2975
16/08/1989 6:00;3.269
17/08/1989 6:00;0.003
18/08/1989 6:00;0.005
19/08/1989 6:00;0.009
20/08/1989 6:00;0
21/08/1989 6:00;0.0045
22/08/1989 6:00;0
23/08/1989 6:00;0
24/08/1989 6:00;0.0005
25/08/1989 6:00;0.0025
26/08/1989 6:00;0
27/08/1989 6:00;0.0135
28/08/1989 6:00;0
29/08/1989 6:00;0.0685
30/08/1989 6:00;0.082
31/08/1989 6:00;0.449
01/09/1989 6:00;0.003
02/09/1989 6:00;0.003
03/09/1989 6:00;0.004
04/09/1989 6:00;0.0015
05/09/1989 6:00;0.006
06/09/1989 6:00;0.007
07/09/1989 6:00;0.007
08/09/1989 6:00;0.017
09/09/1989 6:00;0.261
10/09/1989 6:00;0.1705
11/09/1989 6:00;0.002
12/09/1989 6:00;0.0145
13/09/1989 6:00;0.0075
14/09/1989 6:00;0.003
15/09/1989 6:00;0.0015
16/09/1989 6:00;0.01
17/09/1989 6:00;0.347
18/09/1989 6:00;3.2755
19/09/1989 6:00;0.006
20/09/1989 6:00;0.01
21/09/1989 6:00;2.4285
22/09/1989 6:00;0.0035
23/09/1989 6:00;0.0085
24/09/1989 6:00;0.041
25/09/1989 6:00;0.005
26/09/1989 6:00;0.0065
27/09/1989 6:00;0
28/09/1989 6:00;0
29/09/1989 6:00;0
30/09/1989 6:00;0
01/10/1989 6:00;0.008
02/10/1989 6:00;0.005
03/10/1989 6:00;0.0055
04/10/1989 6:00;0.0025
05/10/1989 6:00;0.012
06/10/1989 6:00;0.0035
07/10/1989 6:00;0.003
08/10/1989 6:00;0.0125
09/10/1989 6:00;0.009
10/10/1989 6:00;0.012
11/10/1989 6:00;0.0055
12/10/1989 6:00;0.0075
13/10/1989 6:00;0.009
14/10/1989 6:00;0.007
15/10/1989 6:00;0.009
16/10/1989 6:00;0.008
17/10/1989 6:00;0.525
18/10/1989 6:00;6.0665
19/10/1989 6:00;15.7085
20/10/1989 6:00;4.558
21/10/1989 6:00;9.7335
22/10/1989 6:00;29.636
23/10/1989 6:00;4.889
24/10/1989 6:00;0.077
25/10/1989 6:00;0.008
26/10/1989 6:00;0.515
27/10/1989 6:00;13.926
28/10/1989 6:00;2.714
29/10/1989 6:00;0.205
30/10/1989 6:00;0.0025
31/10/1989 6:00;1.6665
01/11/1989 6:00;10.1415
02/11/1989 6:00;22.9215
03/11/1989 6:00;9.1405
04/11/1989 6:00;8.0195
05/11/1989 6:00;9.635
06/11/1989 6:00;6.053
07/11/1989 6:00;9.421
08/11/1989 6:00;0.8015
09/11/1989 6:00;0.0255
10/11/1989 6:00;1.357
11/11/1989 6:00;11.331
12/11/1989 6:00;6.5855
13/11/1989 6:00;0.66
14/11/1989 6:00;0.01
15/11/1989 6:00;0.0035
16/11/1989 6:00;13.644
17/11/1989 6:00;4.858
18/11/1989 6:00;20.351
19/11/1989 6:00;22.6325
20/11/1989 6:00;31.5785
21/11/1989 6:00;19.034
22/11/1989 6:00;6.2825
23/11/1989 6:00;11.8185
24/11/1989 6:00;11.012
25/11/1989 6:00;10.138
26/11/1989 6:00;1.5225
27/11/1989 6:00;5.425
28/11/1989 6:00;0.2415
29/11/1989 6:00;0.2465
30/11/1989 6:00;0.019
01/12/1989 6:00;1.6305
02/12/1989 6:00;0.006
03/12/1989 6:00;0.0595
04/12/1989 6:00;0.003
05/12/1989 6:00;0.337
06/12/1989 6:00;0.003
07/12/1989 6:00;0.295
08/12/1989 6:00;0.3805
09/12/1989 6:00;0.037
10/12/1989 6:00;1.28
11/12/1989 6:00;13.7695
12/12/1989 6:00;10.3295
13/12/1989 6:00;24.9945
14/12/1989 6:00;65.6215
15/12/1989 6:00;33.0785
16/12/1989 6:00;18.3965
17/12/1989 6:00;12.985
18/12/1989 6:00;11.098
19/12/1989 6:00;58.1975
20/12/1989 6:00;28.022
21/12/1989 6:00;15.9185
22/12/1989 6:00;10.54
23/12/1989 6:00;0.901
24/12/1989 6:00;16.3805
25/12/1989 6:00;7.6975
26/12/1989 6:00;12.257
27/12/1989 6:00;6.756
28/12/1989 6:00;3.958
29/12/1989 6:00;0.111
30/12/1989 6:00;0.2105
31/12/1989 6:00;7.751
01/01/1990 6:00;0.6085
02/01/1990 6:00;14.121
03/01/1990 6:00;11.749
04/01/1990 6:00;6.443
05/01/1990 6:00;7.2765
06/01/1990 6:00;12.138
07/01/1990 6:00;0.833
08/01/1990 6:00;0.0265
09/01/1990 6:00;0.013
10/01/1990 6:00;0.022
11/01/1990 6:00;0.0185
12/01/1990 6:00;0.011
13/01/1990 6:00;1.337
14/01/1990 6:00;0.717
15/01/1990 6:00;0.427
16/01/1990 6:00;0.0025
17/01/1990 6:00;2.59
18/01/1990 6:00;0.062
19/01/1990 6:00;0.0025
20/01/1990 6:00;0.006
21/01/1990 6:00;1.3885
22/01/1990 6:00;1.597
23/01/1990 6:00;5.051
24/01/1990 6:00;5.1555
25/01/1990 6:00;11.959
26/01/1990 6:00;8.182
27/01/1990 6:00;12.672
28/01/1990 6:00;3.8495
29/01/1990 6:00;29.1895
30/01/1990 6:00;21.915
31/01/1990 6:00;7.7555
01/02/1990 6:00;22.011
02/02/1990 6:00;11.191
03/02/1990 6:00;3.194
04/02/1990 6:00;0.358
05/02/1990 6:00;10.0475
06/02/1990 6:00;6.406
07/02/1990 6:00;10.659
08/02/1990 6:00;3.637
09/02/1990 6:00;3.691
10/02/1990 6:00;4.5425
11/02/1990 6:00;6.491
12/02/1990 6:00;2.2225
13/02/1990 6:00;0.3405
14/02/1990 6:00;0.0785
15/02/1990 6:00;0.31
16/02/1990 6:00;0.0315
17/02/1990 6:00;2.5875
18/02/1990 6:00;8.1505
19/02/1990 6:00;0.014
20/02/1990 6:00;6.199
21/02/1990 6:00;0.008
22/02/1990 6:00;0.0165
23/02/1990 6:00;0.093
24/02/1990 6:00;6.5925
25/02/1990 6:00;0.9845
26/02/1990 6:00;1.7945
27/02/1990 6:00;0.388
28/02/1990 6:00;3.6125
01/03/1990 6:00;0.4405
02/03/1990 6:00;0.022
03/03/1990 6:00;0.008
04/03/1990 6:00;0.003
05/03/1990 6:00;0.0225
06/03/1990 6:00;0.011
07/03/1990 6:00;1.9855
08/03/1990 6:00;2.7365
09/03/1990 6:00;0.0085
10/03/1990 6:00;0.0045
11/03/1990 6:00;0.02
12/03/1990 6:00;0.0175
13/03/1990 6:00;1.6585
14/03/1990 6:00;0.5105
15/03/1990 6:00;0.028
16/03/1990 6:00;0
17/03/1990 6:00;0.0055
18/03/1990 6:00;0
19/03/1990 6:00;0.002
20/03/1990 6:00;0.018
21/03/1990 6:00;0.035
22/03/1990 6:00;1.408
23/03/1990 6:00;0.1205
24/03/1990 6:00;1.4715
25/03/1990 6:00;0.297
26/03/1990 6:00;0.5585
27/03/1990 6:00;0.0025
28/03/1990 6:00;0
29/03/1990 6:00;0.0235
30/03/1990 6:00;0.0115
31/03/1990 6:00;0.312
01/04/1990 6:00;10.591
02/04/1990 6:00;9.3465
03/04/1990 6:00;2.974
04/04/1990 6:00;4.253
05/04/1990 6:00;5.1795
06/04/1990 6:00;9.0865
07/04/1990 6:00;0.952
08/04/1990 6:00;0.0635
09/04/1990 6:00;2.266
10/04/1990 6:00;0.723
11/04/1990 6:00;0.2315
12/04/1990 6:00;2.23
13/04/1990 6:00;4.343
14/04/1990 6:00;3.6105
15/04/1990 6:00;2.3675
16/04/1990 6:00;6.855
17/04/1990 6:00;1.2775
18/04/1990 6:00;1.309
19/04/1990 6:00;3.2095
20/04/1990 6:00;8.069
21/04/1990 6:00;12.009
22/04/1990 6:00;8.267
23/04/1990 6:00;8.939
24/04/1990 6:00;6.9995
25/04/1990 6:00;0.002
26/04/1990 6:00;0.0205
27/04/1990 6:00;0.008
28/04/1990 6:00;0.006
29/04/1990 6:00;0.0045
30/04/1990 6:00;0.835
01/05/1990 6:00;0.0375
02/05/1990 6:00;0.0155
03/05/1990 6:00;0.01
04/05/1990 6:00;0
05/05/1990 6:00;0.015
06/05/1990 6:00;0.002
07/05/1990 6:00;0.0075
08/05/1990 6:00;0.0295
09/05/1990 6:00;0.0135
10/05/1990 6:00;0.0075
11/05/1990 6:00;3.32
12/05/1990 6:00;2.877
13/05/1990 6:00;1.666
14/05/1990 6:00;1.776
15/05/1990 6:00;0
16/05/1990 6:00;0.2825
17/05/1990 6:00;0.0095
18/05/1990 6:00;1.7465
19/05/1990 6:00;0.486
20/05/1990 6:00;1.654
21/05/1990 6:00;3.944
22/05/1990 6:00;5.2295
23/05/1990 6:00;0.779
24/05/1990 6:00;0.039
25/05/1990 6:00;0.113
26/05/1990 6:00;0.2705
27/05/1990 6:00;0.0155
28/05/1990 6:00;0.01
29/05/1990 6:00;0.0085
30/05/1990 6:00;0.01
31/05/1990 6:00;0.0045
01/06/1990 6:00;0.007
02/06/1990 6:00;0.005
03/06/1990 6:00;0.2415
04/06/1990 6:00;10.081
05/06/1990 6:00;0.0035
06/06/1990 6:00;0.5845
07/06/1990 6:00;0.9235
08/06/1990 6:00;0.609
09/06/1990 6:00;0
10/06/1990 6:00;0.0095
11/06/1990 6:00;0.0025
12/06/1990 6:00;0.0105
13/06/1990 6:00;0.007
14/06/1990 6:00;0.0055
15/06/1990 6:00;0.002
16/06/1990 6:00;1.071
17/06/1990 6:00;0.9695
18/06/1990 6:00;5.7585
19/06/1990 6:00;1.2705
20/06/1990 6:00;0.733
21/06/1990 6:00;1.7875
22/06/1990 6:00;0.1835
23/06/1990 6:00;0.602
24/06/1990 6:00;0.3835
25/06/1990 6:00;0.576
26/06/1990 6:00;0.067
27/06/1990 6:00;0.01
28/06/1990 6:00;0.2125
29/06/1990 6:00;1.303
30/06/1990 6:00;0.379
01/07/1990 6:00;2.9435
02/07/1990 6:00;0.2645
03/07/1990 6:00;0.3745
04/07/1990 6:00;4.5085
05/07/1990 6:00;3.974
06/07/1990 6:00;0.009
07/07/1990 6:00;0.005
08/07/1990 6:00;0.004
09/07/1990 6:00;0.0145
10/07/1990 6:00;0.0085
11/07/1990 6:00;0
12/07/1990 6:00;0.005
13/07/1990 6:00;0.011
14/07/1990 6:00;0.0015
15/07/1990 6:00;0.0145
16/07/1990 6:00;0.0125
17/07/1990 6:00;0.006
18/07/1990 6:00;0
19/07/1990 6:00;0
20/07/1990 6:00;0
21/07/1990 6:00;0.009
22/07/1990 6:00;0.0185
23/07/1990 6:00;0.304
24/07/1990 6:00;0.033
25/07/1990 6:00;0.0125
26/07/1990 6:00;7.5185
27/07/1990 6:00;0.0555
28/07/1990 6:00;0.03
29/07/1990 6:00;0.3235
30/07/1990 6:00;0.01
31/07/1990 6:00;0.01
01/08/1990 6:00;0.0065
02/08/1990 6:00;0.011
03/08/1990 6:00;0.008
04/08/1990 6:00;0.0165
05/08/1990 6:00;0.003
06/08/1990 6:00;0.003
07/08/1990 6:00;0.0075
08/08/1990 6:00;0.003
09/08/1990 6:00;0
10/08/1990 6:00;0.0095
11/08/1990 6:00;0.0155
12/08/1990 6:00;0.006
13/08/1990 6:00;0
14/08/1990 6:00;0
15/08/1990 6:00;0.9135
16/08/1990 6:00;0
17/08/1990 6:00;0
18/08/1990 6:00;0.02
19/08/1990 6:00;0.183
20/08/1990 6:00;0.145
21/08/1990 6:00;0.1145
22/08/1990 6:00;0.393
23/08/1990 6:00;9.201
24/08/1990 6:00;0.0815
25/08/1990 6:00;0.018
26/08/1990 6:00;0.01
27/08/1990 6:00;0.014
28/08/1990 6:00;2.0255
29/08/1990 6:00;5.4195
30/08/1990 6:00;0.936
31/08/1990 6:00;1.3875
01/09/1990 6:00;2.27
02/09/1990 6:00;0.4025
03/09/1990 6:00;0.0065
04/09/1990 6:00;0.141
05/09/1990 6:00;0
06/09/1990 6:00;0.017
07/09/1990 6:00;0.006
08/09/1990 6:00;0.0055
09/09/1990 6:00;0.048
10/09/1990 6:00;0.1635
11/09/1990 6:00;0.437
12/09/1990 6:00;2.11
13/09/1990 6:00;0.3535
14/09/1990 6:00;0.017
15/09/1990 6:00;0.005
16/09/1990 6:00;0.0075
17/09/1990 6:00;0.0045
18/09/1990 6:00;0.201
19/09/1990 6:00;0
20/09/1990 6:00;0.0025
21/09/1990 6:00;1.7255
22/09/1990 6:00;10.3155
23/09/1990 6:00;1.9385
24/09/1990 6:00;0.075
25/09/1990 6:00;0.046
26/09/1990 6:00;0
27/09/1990 6:00;0
28/09/1990 6:00;5.901
29/09/1990 6:00;10.5765
30/09/1990 6:00;6.3815
01/10/1990 6:00;0.798
02/10/1990 6:00;7.678
03/10/1990 6:00;18.108
04/10/1990 6:00;0.5605
05/10/1990 6:00;0.0605
06/10/1990 6:00;4.2235
07/10/1990 6:00;1.1095
08/10/1990 6:00;0.136
09/10/1990 6:00;0.0195
10/10/1990 6:00;0.024
11/10/1990 6:00;0.025
12/10/1990 6:00;1.523
13/10/1990 6:00;5.679
14/10/1990 6:00;28.778
15/10/1990 6:00;19.489
16/10/1990 6:00;37.1785
17/10/1990 6:00;5.4305
18/10/1990 6:00;1.3765
19/10/1990 6:00;2.513
20/10/1990 6:00;17.935
21/10/1990 6:00;10.365
22/10/1990 6:00;10.965
23/10/1990 6:00;5.6595
24/10/1990 6:00;7.148
25/10/1990 6:00;40.84
26/10/1990 6:00;5.78
27/10/1990 6:00;19.884
28/10/1990 6:00;20.9305
29/10/1990 6:00;27.49
30/10/1990 6:00;32.2405
31/10/1990 6:00;2.8815
01/11/1990 6:00;4.283
02/11/1990 6:00;4.0665
03/11/1990 6:00;2.5545
04/11/1990 6:00;0.0055
05/11/1990 6:00;0.004
06/11/1990 6:00;0.2575
07/11/1990 6:00;2.2
08/11/1990 6:00;3.1765
09/11/1990 6:00;9.5325
10/11/1990 6:00;1.195
11/11/1990 6:00;0.017
12/11/1990 6:00;0.0195
13/11/1990 6:00;0.0905
14/11/1990 6:00;0.3695
15/11/1990 6:00;0.2655
16/11/1990 6:00;0.2305
17/11/1990 6:00;0.625
18/11/1990 6:00;0.0395
19/11/1990 6:00;6.995
20/11/1990 6:00;24.5515
21/11/1990 6:00;18.015
22/11/1990 6:00;3.9365
23/11/1990 6:00;21.254
24/11/1990 6:00;22.084
25/11/1990 6:00;15.0255
26/11/1990 6:00;20.6355
27/11/1990 6:00;11.977
28/11/1990 6:00;1.1185
29/11/1990 6:00;0.0065
30/11/1990 6:00;0.0055
01/12/1990 6:00;0.0025
02/12/1990 6:00;0.009
03/12/1990 6:00;0.003
04/12/1990 6:00;0.009
05/12/1990 6:00;0.0785
06/12/1990 6:00;0.0045
07/12/1990 6:00;2.8585
08/12/1990 6:00;13.317
09/12/1990 6:00;12.0565
10/12/1990 6:00;6.875
11/12/1990 6:00;5.6985
12/12/1990 6:00;3.626
13/12/1990 6:00;0.1155
14/12/1990 6:00;0.006
15/12/1990 6:00;0.0045
16/12/1990 6:00;0.0175
17/12/1990 6:00;0.02
18/12/1990 6:00;0.037
19/12/1990 6:00;0.43
20/12/1990 6:00;0.008
21/12/1990 6:00;0.008
22/12/1990 6:00;0.064
23/12/1990 6:00;3.731
24/12/1990 6:00;5.0035
25/12/1990 6:00;5.5475
26/12/1990 6:00;9.2185
27/12/1990 6:00;5.138
28/12/1990 6:00;15.045
29/12/1990 6:00;18.423
30/12/1990 6:00;26.829
31/12/1990 6:00;2.3235
01/01/1991 6:00;0.738
02/01/1991 6:00;2.493
03/01/1991 6:00;15.9255
04/01/1991 6:00;5.33
05/01/1991 6:00;17.6365
06/01/1991 6:00;28.518
07/01/1991 6:00;10.837
08/01/1991 6:00;19.067
09/01/1991 6:00;23.412
10/01/1991 6:00;27.354
11/01/1991 6:00;2.6805
12/01/1991 6:00;0.4955
13/01/1991 6:00;0
14/01/1991 6:00;0.021
15/01/1991 6:00;2.447
16/01/1991 6:00;9.5125
17/01/1991 6:00;4.739
18/01/1991 6:00;10.525
19/01/1991 6:00;1.697
20/01/1991 6:00;0.0005
21/01/1991 6:00;0.014
22/01/1991 6:00;0.016
23/01/1991 6:00;0.003
24/01/1991 6:00;0
25/01/1991 6:00;0.3275
26/01/1991 6:00;0.006
27/01/1991 6:00;0.3335
28/01/1991 6:00;7.7725
29/01/1991 6:00;12.975
30/01/1991 6:00;1.2255
31/01/1991 6:00;3.761
01/02/1991 6:00;13.478
02/02/1991 6:00;2.513
03/02/1991 6:00;0.663
04/02/1991 6:00;2.936
05/02/1991 6:00;5.849
06/02/1991 6:00;12.1135
07/02/1991 6:00;8.9235
08/02/1991 6:00;14.26
09/02/1991 6:00;11.0605
10/02/1991 6:00;2.1455
11/02/1991 6:00;0.325
12/02/1991 6:00;0.073
13/02/1991 6:00;3.011
14/02/1991 6:00;1.2275
15/02/1991 6:00;13.1355
16/02/1991 6:00;22.706
17/02/1991 6:00;4.9085
18/02/1991 6:00;12.65
19/02/1991 6:00;0.345
20/02/1991 6:00;4.2885
21/02/1991 6:00;2.902
22/02/1991 6:00;0.1305
23/02/1991 6:00;0.006
24/02/1991 6:00;0
25/02/1991 6:00;0.0975
26/02/1991 6:00;4.69
27/02/1991 6:00;10.5685
28/02/1991 6:00;14.396
01/03/1991 6:00;1.0215
02/03/1991 6:00;0.784
03/03/1991 6:00;5.4705
04/03/1991 6:00;6.251
05/03/1991 6:00;9.924
06/03/1991 6:00;5.763
07/03/1991 6:00;9.6645
08/03/1991 6:00;5.8975
09/03/1991 6:00;2.555
10/03/1991 6:00;3.4045
11/03/1991 6:00;17.648
12/03/1991 6:00;2.303
13/03/1991 6:00;1.4095
14/03/1991 6:00;0.9915
15/03/1991 6:00;5.813
16/03/1991 6:00;10.4045
17/03/1991 6:00;2.1115
18/03/1991 6:00;0.023
19/03/1991 6:00;0.0565
20/03/1991 6:00;1.272
21/03/1991 6:00;9.9155
22/03/1991 6:00;7.6835
23/03/1991 6:00;4.7995
24/03/1991 6:00;0.191
25/03/1991 6:00;1.929
26/03/1991 6:00;0.0795
27/03/1991 6:00;0.0235
28/03/1991 6:00;0.019
29/03/1991 6:00;0.009
30/03/1991 6:00;0.0105
31/03/1991 6:00;0.601
01/04/1991 6:00;0.049
02/04/1991 6:00;5.167
03/04/1991 6:00;4.2565
04/04/1991 6:00;12.6795
05/04/1991 6:00;1.8405
06/04/1991 6:00;1.6805
07/04/1991 6:00;1.672
08/04/1991 6:00;0.041
09/04/1991 6:00;0.6045
10/04/1991 6:00;0.066
11/04/1991 6:00;3.417
12/04/1991 6:00;11.1895
13/04/1991 6:00;2.8995
14/04/1991 6:00;2.004
15/04/1991 6:00;0.143
16/04/1991 6:00;1.459
17/04/1991 6:00;0.011
18/04/1991 6:00;0
19/04/1991 6:00;2.319
20/04/1991 6:00;0.0275
21/04/1991 6:00;5.7795
22/04/1991 6:00;4.6205
23/04/1991 6:00;4.0145
24/04/1991 6:00;6.044
25/04/1991 6:00;6
26/04/1991 6:00;3.8385
27/04/1991 6:00;4.261
28/04/1991 6:00;1.464
29/04/1991 6:00;0.193
30/04/1991 6:00;1.982
01/05/1991 6:00;2.5265
02/05/1991 6:00;0.6345
03/05/1991 6:00;0.3025
04/05/1991 6:00;1.0685
05/05/1991 6:00;0.684
06/05/1991 6:00;1.0045
07/05/1991 6:00;3.262
08/05/1991 6:00;2.253
09/05/1991 6:00;0.6825
10/05/1991 6:00;0.085
11/05/1991 6:00;0.019
12/05/1991 6:00;0.0035
13/05/1991 6:00;0.008
14/05/1991 6:00;0.0085
15/05/1991 6:00;0.012
16/05/1991 6:00;0
17/05/1991 6:00;0
18/05/1991 6:00;0
19/05/1991 6:00;0.006
20/05/1991 6:00;0.0095
21/05/1991 6:00;0.012
22/05/1991 6:00;0.192
23/05/1991 6:00;0
24/05/1991 6:00;0
25/05/1991 6:00;0
26/05/1991 6:00;0
27/05/1991 6:00;0.005
28/05/1991 6:00;0.191
29/05/1991 6:00;3.946
30/05/1991 6:00;1.7135
31/05/1991 6:00;0.112
01/06/1991 6:00;0.0705
02/06/1991 6:00;0.0085
03/06/1991 6:00;0.0065
04/06/1991 6:00;1.6405
05/06/1991 6:00;5.422
06/06/1991 6:00;10.296
07/06/1991 6:00;5.767
08/06/1991 6:00;0.5895
09/06/1991 6:00;0.901
10/06/1991 6:00;0
11/06/1991 6:00;0.029
12/06/1991 6:00;0.1165
13/06/1991 6:00;0.037
14/06/1991 6:00;0.1085
15/06/1991 6:00;1.2605
16/06/1991 6:00;0.0285
17/06/1991 6:00;0.006
18/06/1991 6:00;0.006
19/06/1991 6:00;1.8505
20/06/1991 6:00;1.63
21/06/1991 6:00;3.498
22/06/1991 6:00;0.0425
23/06/1991 6:00;0.0005
24/06/1991 6:00;0.056
25/06/1991 6:00;0.335
26/06/1991 6:00;0.01
27/06/1991 6:00;0.002
28/06/1991 6:00;0
29/06/1991 6:00;0
30/06/1991 6:00;0.03
01/07/1991 6:00;0.0195
02/07/1991 6:00;0.791
03/07/1991 6:00;0.003
04/07/1991 6:00;1.1805
05/07/1991 6:00;2.1065
06/07/1991 6:00;6.721
07/07/1991 6:00;7.8485
08/07/1991 6:00;0.9825
09/07/1991 6:00;0.0425
10/07/1991 6:00;0.1365
11/07/1991 6:00;1.311
12/07/1991 6:00;0.1095
13/07/1991 6:00;0
14/07/1991 6:00;0.071
15/07/1991 6:00;0.0075
16/07/1991 6:00;0
17/07/1991 6:00;0
18/07/1991 6:00;0.0005
19/07/1991 6:00;0.005
20/07/1991 6:00;0.0055
21/07/1991 6:00;0.001
22/07/1991 6:00;0.015
23/07/1991 6:00;0.1015
24/07/1991 6:00;0.321
25/07/1991 6:00;0
26/07/1991 6:00;0
27/07/1991 6:00;0.014
28/07/1991 6:00;4.038
29/07/1991 6:00;6.41
30/07/1991 6:00;15.9135
31/07/1991 6:00;12.808
01/08/1991 6:00;0.032
02/08/1991 6:00;0.0725
03/08/1991 6:00;0
04/08/1991 6:00;0.007
05/08/1991 6:00;0.048
06/08/1991 6:00;0.004
07/08/1991 6:00;2.039
08/08/1991 6:00;0.2265
09/08/1991 6:00;0.0005
10/08/1991 6:00;0
11/08/1991 6:00;0
12/08/1991 6:00;0
13/08/1991 6:00;0.0045
14/08/1991 6:00;0
15/08/1991 6:00;0.111
16/08/1991 6:00;0
17/08/1991 6:00;0
18/08/1991 6:00;0
19/08/1991 6:00;1.344
20/08/1991 6:00;0.011
21/08/1991 6:00;10.589
22/08/1991 6:00;1.0615
23/08/1991 6:00;0.004
24/08/1991 6:00;0.0425
25/08/1991 6:00;0.0035
26/08/1991 6:00;0.3915
27/08/1991 6:00;2.165
28/08/1991 6:00;4.1695
29/08/1991 6:00;3.225
30/08/1991 6:00;7.18
31/08/1991 6:00;1.0985
01/09/1991 6:00;7.4075
02/09/1991 6:00;3.7755
03/09/1991 6:00;0.073
04/09/1991 6:00;0.0135
05/09/1991 6:00;0.0015
06/09/1991 6:00;0.1815
07/09/1991 6:00;0.027
08/09/1991 6:00;0.04
09/09/1991 6:00;0.4045
10/09/1991 6:00;1.372
11/09/1991 6:00;26.12
12/09/1991 6:00;1.2765
13/09/1991 6:00;0.148
14/09/1991 6:00;0.017
15/09/1991 6:00;0.022
16/09/1991 6:00;0.0115
17/09/1991 6:00;0.006
18/09/1991 6:00;0.0025
19/09/1991 6:00;0.0035
20/09/1991 6:00;0.027
21/09/1991 6:00;0.0125
22/09/1991 6:00;0.646
23/09/1991 6:00;0.008
24/09/1991 6:00;3.353
25/09/1991 6:00;8.9235
26/09/1991 6:00;5.959
27/09/1991 6:00;10.192
28/09/1991 6:00;26.5645
29/09/1991 6:00;12.3655
30/09/1991 6:00;2.6135
01/10/1991 6:00;0.0475
02/10/1991 6:00;0.0185
03/10/1991 6:00;0.004
04/10/1991 6:00;0.001
05/10/1991 6:00;0.4955
06/10/1991 6:00;0.813
07/10/1991 6:00;4.685
08/10/1991 6:00;3.988
09/10/1991 6:00;0.9625
10/10/1991 6:00;7.1825
11/10/1991 6:00;5.133
12/10/1991 6:00;8.8105
13/10/1991 6:00;11.6785
14/10/1991 6:00;7.498
15/10/1991 6:00;4.225
16/10/1991 6:00;6.874
17/10/1991 6:00;2.0445
18/10/1991 6:00;1.4065
19/10/1991 6:00;1.2505
20/10/1991 6:00;0.4275
21/10/1991 6:00;0.493
22/10/1991 6:00;0.2375
23/10/1991 6:00;0.01
24/10/1991 6:00;0.0005
25/10/1991 6:00;1.3805
26/10/1991 6:00;3.7345
27/10/1991 6:00;6.236
28/10/1991 6:00;0.3355
29/10/1991 6:00;4.075
30/10/1991 6:00;2.7215
31/10/1991 6:00;4.762
01/11/1991 6:00;19.977
02/11/1991 6:00;6.512
03/11/1991 6:00;11.748
04/11/1991 6:00;5.249
05/11/1991 6:00;1.35
06/11/1991 6:00;1.0155
07/11/1991 6:00;0.004
08/11/1991 6:00;0.8355
09/11/1991 6:00;0.274
10/11/1991 6:00;0.006
11/11/1991 6:00;6.982
12/11/1991 6:00;25.366
13/11/1991 6:00;9.2295
14/11/1991 6:00;18.1005
15/11/1991 6:00;5.619
16/11/1991 6:00;2.7905
17/11/1991 6:00;4.996
18/11/1991 6:00;9.0365
19/11/1991 6:00;10.764
20/11/1991 6:00;4.3395
21/11/1991 6:00;0.56
22/11/1991 6:00;1.4805
23/11/1991 6:00;1.604
24/11/1991 6:00;13.276
25/11/1991 6:00;11.1675
26/11/1991 6:00;2.309
27/11/1991 6:00;0.012
28/11/1991 6:00;0.012
29/11/1991 6:00;0.0005
30/11/1991 6:00;0.052
01/12/1991 6:00;0.4245
02/12/1991 6:00;0.007
03/12/1991 6:00;0.0025
04/12/1991 6:00;0.0105
05/12/1991 6:00;0.395
06/12/1991 6:00;0.167
07/12/1991 6:00;1.9015
08/12/1991 6:00;5.927
09/12/1991 6:00;3.5955
10/12/1991 6:00;6.4775
11/12/1991 6:00;2.918
12/12/1991 6:00;1.35
13/12/1991 6:00;0.058
14/12/1991 6:00;0.0385
15/12/1991 6:00;0.0255
16/12/1991 6:00;2.203
17/12/1991 6:00;4.1625
18/12/1991 6:00;2.019
19/12/1991 6:00;0.5565
20/12/1991 6:00;0.022
21/12/1991 6:00;0.0005
22/12/1991 6:00;0.0055
23/12/1991 6:00;0.022
24/12/1991 6:00;0.0095
25/12/1991 6:00;0.0095
26/12/1991 6:00;0.01
27/12/1991 6:00;0.0095
28/12/1991 6:00;0.0075
29/12/1991 6:00;0.0075
30/12/1991 6:00;0.0075
31/12/1991 6:00;0.0095
01/01/1992 6:00;0.0015
02/01/1992 6:00;0
03/01/1992 6:00;0
04/01/1992 6:00;0
05/01/1992 6:00;0
06/01/1992 6:00;0.537
07/01/1992 6:00;24.8785
08/01/1992 6:00;29.9455
09/01/1992 6:00;7.7285
10/01/1992 6:00;2.2795
11/01/1992 6:00;0.6035
12/01/1992 6:00;0.0015
13/01/1992 6:00;0.03
14/01/1992 6:00;0.0045
15/01/1992 6:00;0.0125
16/01/1992 6:00;0.001
17/01/1992 6:00;0
18/01/1992 6:00;0.0025
19/01/1992 6:00;0.0045
20/01/1992 6:00;0.149
21/01/1992 6:00;0.0185
22/01/1992 6:00;0.001
23/01/1992 6:00;0.0045
24/01/1992 6:00;0.0025
25/01/1992 6:00;0.0025
26/01/1992 6:00;0.0025
27/01/1992 6:00;0.003
28/01/1992 6:00;0
29/01/1992 6:00;0
30/01/1992 6:00;0
31/01/1992 6:00;0
01/02/1992 6:00;0.0155
02/02/1992 6:00;0.002
03/02/1992 6:00;0
04/02/1992 6:00;0
05/02/1992 6:00;0.003
06/02/1992 6:00;0.019
07/02/1992 6:00;0.0685
08/02/1992 6:00;2.572
09/02/1992 6:00;2.4735
10/02/1992 6:00;7.0285
11/02/1992 6:00;19.997
12/02/1992 6:00;16.0825
13/02/1992 6:00;4.087
14/02/1992 6:00;1.1335
15/02/1992 6:00;2.347
16/02/1992 6:00;0.092
17/02/1992 6:00;0.0015
18/02/1992 6:00;2.321
19/02/1992 6:00;0.579
20/02/1992 6:00;0
21/02/1992 6:00;0
22/02/1992 6:00;0.1295
23/02/1992 6:00;0.1715
24/02/1992 6:00;0
25/02/1992 6:00;0
26/02/1992 6:00;0
27/02/1992 6:00;3.9665
28/02/1992 6:00;1.357
29/02/1992 6:00;1.513
01/03/1992 6:00;12.323
02/03/1992 6:00;0.6815
03/03/1992 6:00;0.1095
04/03/1992 6:00;0.0165
05/03/1992 6:00;0.156
06/03/1992 6:00;0.677
07/03/1992 6:00;1.736
08/03/1992 6:00;0.2555
09/03/1992 6:00;0.136
10/03/1992 6:00;2.0275
11/03/1992 6:00;0.017
12/03/1992 6:00;0.007
13/03/1992 6:00;0.046
14/03/1992 6:00;0.04
15/03/1992 6:00;0
16/03/1992 6:00;0
17/03/1992 6:00;0.821
18/03/1992 6:00;1.2615
19/03/1992 6:00;0.0325
20/03/1992 6:00;0.2555
21/03/1992 6:00;0.0135
22/03/1992 6:00;0.2925
23/03/1992 6:00;7.1545
24/03/1992 6:00;7.872
25/03/1992 6:00;4.3625
26/03/1992 6:00;10.2725
27/03/1992 6:00;7.58
28/03/1992 6:00;4.7335
29/03/1992 6:00;19.3505
30/03/1992 6:00;14.984
31/03/1992 6:00;11.6325
01/04/1992 6:00;10.3695
02/04/1992 6:00;10.2395
03/04/1992 6:00;6.7685
04/04/1992 6:00;3.8085
05/04/1992 6:00;0.5725
06/04/1992 6:00;9.8315
07/04/1992 6:00;3.875
08/04/1992 6:00;3.2175
09/04/1992 6:00;0.1925
10/04/1992 6:00;0
11/04/1992 6:00;0.0115
12/04/1992 6:00;0.1005
13/04/1992 6:00;0.0915
14/04/1992 6:00;4.982
15/04/1992 6:00;1.5775
16/04/1992 6:00;0.0025
17/04/1992 6:00;0.015
18/04/1992 6:00;0.013
19/04/1992 6:00;0
20/04/1992 6:00;0
21/04/1992 6:00;0
22/04/1992 6:00;0.0165
23/04/1992 6:00;0.9885
24/04/1992 6:00;4.6085
25/04/1992 6:00;6.68
26/04/1992 6:00;2.09
27/04/1992 6:00;2.7475
28/04/1992 6:00;0.144
29/04/1992 6:00;0
30/04/1992 6:00;0.457
01/05/1992 6:00;2.8995
02/05/1992 6:00;0.8995
03/05/1992 6:00;0.0045
04/05/1992 6:00;0.0075
05/05/1992 6:00;0.0415
06/05/1992 6:00;0.013
07/05/1992 6:00;0
08/05/1992 6:00;0.008
09/05/1992 6:00;0.01
10/05/1992 6:00;1.4535
11/05/1992 6:00;0.378
12/05/1992 6:00;0.008
13/05/1992 6:00;3.0235
14/05/1992 6:00;0.88
15/05/1992 6:00;0.654
16/05/1992 6:00;2.278
17/05/1992 6:00;0.916
18/05/1992 6:00;0.062
19/05/1992 6:00;0.0255
20/05/1992 6:00;0.0815
21/05/1992 6:00;2.581
22/05/1992 6:00;3.9245
23/05/1992 6:00;6.013
24/05/1992 6:00;3.892
25/05/1992 6:00;0.6185
26/05/1992 6:00;2.8175
27/05/1992 6:00;17.048
28/05/1992 6:00;6.164
29/05/1992 6:00;4.145
30/05/1992 6:00;3.098
31/05/1992 6:00;5.87
01/06/1992 6:00;11.2045
02/06/1992 6:00;6.1985
03/06/1992 6:00;4.409
04/06/1992 6:00;4.097
05/06/1992 6:00;2.0275
06/06/1992 6:00;7.6105
07/06/1992 6:00;6.3585
08/06/1992 6:00;4.853
09/06/1992 6:00;3.89
10/06/1992 6:00;1.167
11/06/1992 6:00;1.733
12/06/1992 6:00;0.4545
13/06/1992 6:00;0.916
14/06/1992 6:00;0.2285
15/06/1992 6:00;0
16/06/1992 6:00;0.014
17/06/1992 6:00;0.0055
18/06/1992 6:00;0
19/06/1992 6:00;0
20/06/1992 6:00;0.027
21/06/1992 6:00;0.0165
22/06/1992 6:00;0.2245
23/06/1992 6:00;0.0715
24/06/1992 6:00;0
25/06/1992 6:00;0.003
26/06/1992 6:00;0
27/06/1992 6:00;0.0075
28/06/1992 6:00;0.0905
29/06/1992 6:00;1.653
30/06/1992 6:00;2.2505
01/07/1992 6:00;1.402
02/07/1992 6:00;0.045
03/07/1992 6:00;0.06
04/07/1992 6:00;0.023
05/07/1992 6:00;0.0725
06/07/1992 6:00;0.002
07/07/1992 6:00;0.003
08/07/1992 6:00;0
09/07/1992 6:00;0.007
10/07/1992 6:00;0.072
11/07/1992 6:00;0.1765
12/07/1992 6:00;0.396
13/07/1992 6:00;0
14/07/1992 6:00;0.0015
15/07/1992 6:00;0.0125
16/07/1992 6:00;0
17/07/1992 6:00;0.0005
18/07/1992 6:00;0.236
19/07/1992 6:00;0.1455
20/07/1992 6:00;4.0505
21/07/1992 6:00;0.764
22/07/1992 6:00;0
23/07/1992 6:00;0.469
24/07/1992 6:00;0.0205
25/07/1992 6:00;0.3025
26/07/1992 6:00;0.0005
27/07/1992 6:00;0
28/07/1992 6:00;0.0405
29/07/1992 6:00;0.0015
30/07/1992 6:00;0.001
31/07/1992 6:00;0.0345
01/08/1992 6:00;0.0355
02/08/1992 6:00;0.0115
03/08/1992 6:00;0.009
04/08/1992 6:00;0
05/08/1992 6:00;0
06/08/1992 6:00;1.1635
07/08/1992 6:00;1.3365
08/08/1992 6:00;5.1335
09/08/1992 6:00;1.1935
10/08/1992 6:00;0.137
11/08/1992 6:00;0.0315
12/08/1992 6:00;0
13/08/1992 6:00;0.1165
14/08/1992 6:00;1.5995
15/08/1992 6:00;0.021
16/08/1992 6:00;0.0015
17/08/1992 6:00;0.053
18/08/1992 6:00;0.4745
19/08/1992 6:00;0.43
20/08/1992 6:00;1.2805
21/08/1992 6:00;0.249
22/08/1992 6:00;5.0865
23/08/1992 6:00;1.416
24/08/1992 6:00;0
25/08/1992 6:00;0.0115
26/08/1992 6:00;2.229
27/08/1992 6:00;3.596
28/08/1992 6:00;8.733
29/08/1992 6:00;21.643
30/08/1992 6:00;22.188
31/08/1992 6:00;2.1295
01/09/1992 6:00;0.054
02/09/1992 6:00;1.0325
03/09/1992 6:00;0.4065
04/09/1992 6:00;0.0455
05/09/1992 6:00;0.023
06/09/1992 6:00;0.709
07/09/1992 6:00;5.0875
08/09/1992 6:00;0.301
09/09/1992 6:00;0
10/09/1992 6:00;1.7435
11/09/1992 6:00;0.184
12/09/1992 6:00;0.0005
13/09/1992 6:00;0.029
14/09/1992 6:00;0.0045
15/09/1992 6:00;0.159
16/09/1992 6:00;1.213
17/09/1992 6:00;3.2275
18/09/1992 6:00;0.023
19/09/1992 6:00;0
20/09/1992 6:00;0.92
21/09/1992 6:00;6.3385
22/09/1992 6:00;3.839
23/09/1992 6:00;0.8425
24/09/1992 6:00;15.8365
25/09/1992 6:00;22.479
26/09/1992 6:00;23.0795
27/09/1992 6:00;9.403
28/09/1992 6:00;6.612
29/09/1992 6:00;6
30/09/1992 6:00;0.092
01/10/1992 6:00;0.168
02/10/1992 6:00;1.156
03/10/1992 6:00;0.264
04/10/1992 6:00;2.0075
05/10/1992 6:00;0.9095
06/10/1992 6:00;0.207
07/10/1992 6:00;0.0685
08/10/1992 6:00;0.005
09/10/1992 6:00;2.785
10/10/1992 6:00;3.247
11/10/1992 6:00;1.652
12/10/1992 6:00;0.0015
13/10/1992 6:00;0.885
14/10/1992 6:00;0.003
15/10/1992 6:00;1.3435
16/10/1992 6:00;2.107
17/10/1992 6:00;0.015
18/10/1992 6:00;0.0185
19/10/1992 6:00;6.0445
20/10/1992 6:00;3.1915
21/10/1992 6:00;5.0005
22/10/1992 6:00;5.116
23/10/1992 6:00;4.8925
24/10/1992 6:00;2.293
25/10/1992 6:00;2.5035
26/10/1992 6:00;4.4985
27/10/1992 6:00;7.865
28/10/1992 6:00;22.843
29/10/1992 6:00;15.3965
30/10/1992 6:00;12.0225
31/10/1992 6:00;0.8305
01/11/1992 6:00;0.2615
02/11/1992 6:00;0.517
03/11/1992 6:00;5.2085
04/11/1992 6:00;1.194
05/11/1992 6:00;0.02
06/11/1992 6:00;0.73
07/11/1992 6:00;0.408
08/11/1992 6:00;0.683
09/11/1992 6:00;1.08
10/11/1992 6:00;1.815
11/11/1992 6:00;2.8865
12/11/1992 6:00;2.8455
13/11/1992 6:00;3.9395
14/11/1992 6:00;12.5155
15/11/1992 6:00;14.125
16/11/1992 6:00;7.382
17/11/1992 6:00;5.0275
18/11/1992 6:00;1.601
19/11/1992 6:00;0.099
20/11/1992 6:00;2.029
21/11/1992 6:00;3.057
22/11/1992 6:00;0.3465
23/11/1992 6:00;14.005
24/11/1992 6:00;13.2725
25/11/1992 6:00;14.9635
26/11/1992 6:00;17.606
27/11/1992 6:00;5.251
28/11/1992 6:00;1.8175
29/11/1992 6:00;1.283
30/11/1992 6:00;13.2465
01/12/1992 6:00;6.7275
02/12/1992 6:00;9.8295
03/12/1992 6:00;13.478
04/12/1992 6:00;20.2015
05/12/1992 6:00;24.291
06/12/1992 6:00;14.9315
07/12/1992 6:00;8.5385
08/12/1992 6:00;4.7255
09/12/1992 6:00;4.944
10/12/1992 6:00;1.498
11/12/1992 6:00;0.6245
12/12/1992 6:00;0.0045
13/12/1992 6:00;0
14/12/1992 6:00;0.0155
15/12/1992 6:00;6.812
16/12/1992 6:00;6.0875
17/12/1992 6:00;5.02
18/12/1992 6:00;4.642
19/12/1992 6:00;2.3905
20/12/1992 6:00;0.917
21/12/1992 6:00;1.76
22/12/1992 6:00;1.3855
23/12/1992 6:00;0.0345
24/12/1992 6:00;0.039
25/12/1992 6:00;0
26/12/1992 6:00;0.025
27/12/1992 6:00;0.0105
28/12/1992 6:00;0
29/12/1992 6:00;0.0025
30/12/1992 6:00;0.002
31/12/1992 6:00;1.062
01/01/1993 6:00;0.3805
02/01/1993 6:00;0.0005
03/01/1993 6:00;0.11
04/01/1993 6:00;0.096
05/01/1993 6:00;0.959
06/01/1993 6:00;0.0685
07/01/1993 6:00;0.0525
08/01/1993 6:00;0
09/01/1993 6:00;0.004
10/01/1993 6:00;11.86
11/01/1993 6:00;29.23
12/01/1993 6:00;16.719
13/01/1993 6:00;11.4765
14/01/1993 6:00;9.6885
15/01/1993 6:00;2.644
16/01/1993 6:00;0.2955
17/01/1993 6:00;4.1665
18/01/1993 6:00;0.0345
19/01/1993 6:00;0.0075
20/01/1993 6:00;0.008
21/01/1993 6:00;0.0035
22/01/1993 6:00;0.002
23/01/1993 6:00;0.002
24/01/1993 6:00;0
25/01/1993 6:00;0.0375
26/01/1993 6:00;0.0025
27/01/1993 6:00;0.0205
28/01/1993 6:00;2.758
29/01/1993 6:00;1.45
30/01/1993 6:00;0.0055
31/01/1993 6:00;0
01/02/1993 6:00;0
02/02/1993 6:00;0
03/02/1993 6:00;0
04/02/1993 6:00;0.007
05/02/1993 6:00;0
06/02/1993 6:00;0
07/02/1993 6:00;0
08/02/1993 6:00;0
09/02/1993 6:00;0.3325
10/02/1993 6:00;0.7505
11/02/1993 6:00;0.007
12/02/1993 6:00;0.0065
13/02/1993 6:00;0.0025
14/02/1993 6:00;0.042
15/02/1993 6:00;0.0675
16/02/1993 6:00;0.0085
17/02/1993 6:00;0
18/02/1993 6:00;0
19/02/1993 6:00;0
20/02/1993 6:00;0
21/02/1993 6:00;0.004
22/02/1993 6:00;0.014
23/02/1993 6:00;0.0095
24/02/1993 6:00;0
25/02/1993 6:00;0.7355
26/02/1993 6:00;3.3205
27/02/1993 6:00;2.4115
28/02/1993 6:00;9.5005
01/03/1993 6:00;4.2145
02/03/1993 6:00;2.2715
03/03/1993 6:00;2.824
04/03/1993 6:00;0.589
05/03/1993 6:00;0.0555
06/03/1993 6:00;0.098
07/03/1993 6:00;0.002
08/03/1993 6:00;2.226
09/03/1993 6:00;0.0355
10/03/1993 6:00;1.1765
11/03/1993 6:00;0.533
12/03/1993 6:00;2.158
13/03/1993 6:00;3.8425
14/03/1993 6:00;0.555
15/03/1993 6:00;0.2605
16/03/1993 6:00;0.412
17/03/1993 6:00;0
18/03/1993 6:00;0.01
19/03/1993 6:00;0.003
20/03/1993 6:00;0.9445
21/03/1993 6:00;3.7245
22/03/1993 6:00;1.342
23/03/1993 6:00;2.359
24/03/1993 6:00;2.21
25/03/1993 6:00;0.009
26/03/1993 6:00;0.059
27/03/1993 6:00;3.845
28/03/1993 6:00;0.065
29/03/1993 6:00;0.783
30/03/1993 6:00;1.6365
31/03/1993 6:00;6.258
01/04/1993 6:00;5.454
02/04/1993 6:00;1.8435
03/04/1993 6:00;5.743
04/04/1993 6:00;1.7235
05/04/1993 6:00;1.9445
06/04/1993 6:00;0.2895
07/04/1993 6:00;0.0015
08/04/1993 6:00;3.126
09/04/1993 6:00;8.3295
10/04/1993 6:00;10.379
11/04/1993 6:00;13.8875
12/04/1993 6:00;10.2975
13/04/1993 6:00;11.5145
14/04/1993 6:00;8.0485
15/04/1993 6:00;2.0265
16/04/1993 6:00;0.018
17/04/1993 6:00;0
18/04/1993 6:00;0
19/04/1993 6:00;0.015
20/04/1993 6:00;0
21/04/1993 6:00;2.085
22/04/1993 6:00;14.9485
23/04/1993 6:00;12.345
24/04/1993 6:00;16.211
25/04/1993 6:00;8.815
26/04/1993 6:00;8.8615
27/04/1993 6:00;4.0395
28/04/1993 6:00;4.743
29/04/1993 6:00;4.653
30/04/1993 6:00;0
01/05/1993 6:00;0.1145
02/05/1993 6:00;0.0025
03/05/1993 6:00;0.1065
04/05/1993 6:00;0.0055
05/05/1993 6:00;1.483
06/05/1993 6:00;0.0685
07/05/1993 6:00;2.1735
08/05/1993 6:00;0
09/05/1993 6:00;0
10/05/1993 6:00;3.399
11/05/1993 6:00;0.1575
12/05/1993 6:00;2.2125
13/05/1993 6:00;4.354
14/05/1993 6:00;2.6835
15/05/1993 6:00;3.7
16/05/1993 6:00;7.937
17/05/1993 6:00;9.8425
18/05/1993 6:00;7.431
19/05/1993 6:00;8.114
20/05/1993 6:00;4.711
21/05/1993 6:00;5.1025
22/05/1993 6:00;12.4275
23/05/1993 6:00;15.62
24/05/1993 6:00;8.526
25/05/1993 6:00;5.353
26/05/1993 6:00;8.861
27/05/1993 6:00;5.4115
28/05/1993 6:00;7.689
29/05/1993 6:00;11.6645
30/05/1993 6:00;2.724
31/05/1993 6:00;2.4345
01/06/1993 6:00;4.395
02/06/1993 6:00;0.701
03/06/1993 6:00;0.003
04/06/1993 6:00;0.4355
05/06/1993 6:00;0.3925
06/06/1993 6:00;0.001
07/06/1993 6:00;0.018
08/06/1993 6:00;1.233
09/06/1993 6:00;7.908
10/06/1993 6:00;7.9505
11/06/1993 6:00;8.3535
12/06/1993 6:00;0.078
13/06/1993 6:00;0
14/06/1993 6:00;0.107
15/06/1993 6:00;0.023
16/06/1993 6:00;0
17/06/1993 6:00;0.645
18/06/1993 6:00;0.0275
19/06/1993 6:00;0.0055
20/06/1993 6:00;0.364
21/06/1993 6:00;0.742
22/06/1993 6:00;0.4275
23/06/1993 6:00;0.231
24/06/1993 6:00;1.156
25/06/1993 6:00;1.1605
26/06/1993 6:00;0.5115
27/06/1993 6:00;19.357
28/06/1993 6:00;10.6705
29/06/1993 6:00;6.3245
30/06/1993 6:00;5.0115
01/07/1993 6:00;1.353
02/07/1993 6:00;0.114
03/07/1993 6:00;0.0035
04/07/1993 6:00;0
05/07/1993 6:00;0.013
06/07/1993 6:00;0.008
07/07/1993 6:00;0
08/07/1993 6:00;0.0355
09/07/1993 6:00;0.436
10/07/1993 6:00;0.4385
11/07/1993 6:00;0.0165
12/07/1993 6:00;0
13/07/1993 6:00;0
14/07/1993 6:00;0.0025
15/07/1993 6:00;0
16/07/1993 6:00;0.014
17/07/1993 6:00;0.08
18/07/1993 6:00;0.103
19/07/1993 6:00;0.009
20/07/1993 6:00;0.2665
21/07/1993 6:00;0.01
22/07/1993 6:00;0
23/07/1993 6:00;0.191
24/07/1993 6:00;0.346
25/07/1993 6:00;0.139
26/07/1993 6:00;0.0035
27/07/1993 6:00;0.0085
28/07/1993 6:00;0.5255
29/07/1993 6:00;0.314
30/07/1993 6:00;0.1
31/07/1993 6:00;0
01/08/1993 6:00;0.646
02/08/1993 6:00;1.03
03/08/1993 6:00;0.587
04/08/1993 6:00;0.307
05/08/1993 6:00;0
06/08/1993 6:00;0.0005
07/08/1993 6:00;0.0005
08/08/1993 6:00;0.028
09/08/1993 6:00;0.0065
10/08/1993 6:00;0
11/08/1993 6:00;0
12/08/1993 6:00;0.764
13/08/1993 6:00;0.7165
14/08/1993 6:00;0.4945
15/08/1993 6:00;0
16/08/1993 6:00;0.002
17/08/1993 6:00;0.0205
18/08/1993 6:00;0
19/08/1993 6:00;0
20/08/1993 6:00;0.8925
21/08/1993 6:00;1.6325
22/08/1993 6:00;1.9035
23/08/1993 6:00;3.015
24/08/1993 6:00;30.4555
25/08/1993 6:00;30.475
26/08/1993 6:00;8.1535
27/08/1993 6:00;0.9565
28/08/1993 6:00;0
29/08/1993 6:00;0
30/08/1993 6:00;0.007
31/08/1993 6:00;0
01/09/1993 6:00;0.01
02/09/1993 6:00;0.0015
03/09/1993 6:00;0.005
04/09/1993 6:00;0.0195
05/09/1993 6:00;0.0175
06/09/1993 6:00;16.1935
07/09/1993 6:00;9.1265
08/09/1993 6:00;3.7765
09/09/1993 6:00;4.884
10/09/1993 6:00;2.6435
11/09/1993 6:00;6.481
12/09/1993 6:00;12.126
13/09/1993 6:00;9.673
14/09/1993 6:00;5.155
15/09/1993 6:00;5.3045
16/09/1993 6:00;4.2155
17/09/1993 6:00;0.3985
18/09/1993 6:00;0.303
19/09/1993 6:00;2.113
20/09/1993 6:00;2.8305
21/09/1993 6:00;4.222
22/09/1993 6:00;6.829
23/09/1993 6:00;1.8815
24/09/1993 6:00;2.75
25/09/1993 6:00;1.6185
26/09/1993 6:00;2.555
27/09/1993 6:00;0.271
28/09/1993 6:00;7.5085
29/09/1993 6:00;5.0765
30/09/1993 6:00;5.416
01/10/1993 6:00;12.1835
02/10/1993 6:00;10.4855
03/10/1993 6:00;14.08
04/10/1993 6:00;12.135
05/10/1993 6:00;11.5645
06/10/1993 6:00;10.365
07/10/1993 6:00;12.0695
08/10/1993 6:00;6.4195
09/10/1993 6:00;9.263
10/10/1993 6:00;23.347
11/10/1993 6:00;18.9815
12/10/1993 6:00;27.5485
13/10/1993 6:00;21.736
14/10/1993 6:00;6.2
15/10/1993 6:00;5.1075
16/10/1993 6:00;6.666
17/10/1993 6:00;6.411
18/10/1993 6:00;1.546
19/10/1993 6:00;0.742
20/10/1993 6:00;0.679
21/10/1993 6:00;0.225
22/10/1993 6:00;1.2425
23/10/1993 6:00;1.267
24/10/1993 6:00;0.286
25/10/1993 6:00;0.5175
26/10/1993 6:00;0.679
27/10/1993 6:00;0.0015
28/10/1993 6:00;0.274
29/10/1993 6:00;1.3515
30/10/1993 6:00;0.012
31/10/1993 6:00;0.0575
01/11/1993 6:00;5.798
02/11/1993 6:00;2.5355
03/11/1993 6:00;0.675
04/11/1993 6:00;7.933
05/11/1993 6:00;14.32
06/11/1993 6:00;13.145
07/11/1993 6:00;19.294
08/11/1993 6:00;4.248
09/11/1993 6:00;6.133
10/11/1993 6:00;4.3585
11/11/1993 6:00;0.78
12/11/1993 6:00;0.2075
13/11/1993 6:00;2.5285
14/11/1993 6:00;0.207
15/11/1993 6:00;0.181
16/11/1993 6:00;0.06
17/11/1993 6:00;1.014
18/11/1993 6:00;0.071
19/11/1993 6:00;2.886
20/11/1993 6:00;1.874
21/11/1993 6:00;2.4305
22/11/1993 6:00;0.2605
23/11/1993 6:00;0.012
24/11/1993 6:00;0.0025
25/11/1993 6:00;0.0015
26/11/1993 6:00;1.5475
27/11/1993 6:00;10.074
28/11/1993 6:00;5.165
29/11/1993 6:00;17.258
30/11/1993 6:00;11.729
01/12/1993 6:00;5.2235
02/12/1993 6:00;2.4235
03/12/1993 6:00;1.865
04/12/1993 6:00;5.009
05/12/1993 6:00;6.8905
06/12/1993 6:00;4.303
07/12/1993 6:00;4.658
08/12/1993 6:00;4.7095
09/12/1993 6:00;4.115
10/12/1993 6:00;3.866
11/12/1993 6:00;1.8445
12/12/1993 6:00;3.5215
13/12/1993 6:00;12.101
14/12/1993 6:00;4.2605
15/12/1993 6:00;3.14
16/12/1993 6:00;3.891
17/12/1993 6:00;4.75
18/12/1993 6:00;5.2785
19/12/1993 6:00;2.266
20/12/1993 6:00;5.155
21/12/1993 6:00;1.8965
22/12/1993 6:00;2.1235
23/12/1993 6:00;2.1775
24/12/1993 6:00;3.7115
25/12/1993 6:00;6.689
26/12/1993 6:00;13.9465
27/12/1993 6:00;5.036
28/12/1993 6:00;9.5705
29/12/1993 6:00;2.8405
30/12/1993 6:00;20.279
31/12/1993 6:00;9.6445
01/01/1994 6:00;5.452
02/01/1994 6:00;17.544
03/01/1994 6:00;14.144
04/01/1994 6:00;17.773
05/01/1994 6:00;28.261
06/01/1994 6:00;15.404
07/01/1994 6:00;8.876
08/01/1994 6:00;10.686
09/01/1994 6:00;20.2135
10/01/1994 6:00;10.703
11/01/1994 6:00;4.058
12/01/1994 6:00;3.2545
13/01/1994 6:00;23.389
14/01/1994 6:00;7.984
15/01/1994 6:00;6.977
16/01/1994 6:00;6.586
17/01/1994 6:00;1.2405
18/01/1994 6:00;0.846
19/01/1994 6:00;10.035
20/01/1994 6:00;1.3545
21/01/1994 6:00;0.9405
22/01/1994 6:00;1.0765
23/01/1994 6:00;1.2825
24/01/1994 6:00;1.426
25/01/1994 6:00;3.2105
26/01/1994 6:00;0.13
27/01/1994 6:00;0.381
28/01/1994 6:00;0.1755
29/01/1994 6:00;0
30/01/1994 6:00;0
31/01/1994 6:00;0.0175
01/02/1994 6:00;2.6185
02/02/1994 6:00;26.6915
03/02/1994 6:00;17.6065
04/02/1994 6:00;11.054
05/02/1994 6:00;2.0875
06/02/1994 6:00;7.775
07/02/1994 6:00;8.7655
08/02/1994 6:00;1.489
09/02/1994 6:00;1.6935
10/02/1994 6:00;0
11/02/1994 6:00;1.094
12/02/1994 6:00;1.712
13/02/1994 6:00;2.7815
14/02/1994 6:00;6.172
15/02/1994 6:00;2.8235
16/02/1994 6:00;0.28
17/02/1994 6:00;4.3265
18/02/1994 6:00;3.6775
19/02/1994 6:00;8.43
20/02/1994 6:00;7.8555
21/02/1994 6:00;3.5265
22/02/1994 6:00;8.3425
23/02/1994 6:00;12.215
24/02/1994 6:00;4.6545
25/02/1994 6:00;8.6695
26/02/1994 6:00;18.9715
27/02/1994 6:00;7.69
28/02/1994 6:00;6.364
01/03/1994 6:00;0.72
02/03/1994 6:00;1.1175
03/03/1994 6:00;0.434
04/03/1994 6:00;5.189
05/03/1994 6:00;6.1935
06/03/1994 6:00;0.253
07/03/1994 6:00;0.001
08/03/1994 6:00;0.858
09/03/1994 6:00;0.7985
10/03/1994 6:00;0.4095
11/03/1994 6:00;0.4935
12/03/1994 6:00;0.1065
13/03/1994 6:00;0.3565
14/03/1994 6:00;0.04
15/03/1994 6:00;0.785
16/03/1994 6:00;0.642
17/03/1994 6:00;0.6425
18/03/1994 6:00;0.0085
19/03/1994 6:00;0.04
20/03/1994 6:00;1.833
21/03/1994 6:00;0.5455
22/03/1994 6:00;0
23/03/1994 6:00;0
24/03/1994 6:00;0
25/03/1994 6:00;0.955
26/03/1994 6:00;0.403
27/03/1994 6:00;0.044
28/03/1994 6:00;0
29/03/1994 6:00;0.449
30/03/1994 6:00;4.5865
31/03/1994 6:00;2.839
01/04/1994 6:00;4.1225
02/04/1994 6:00;2.727
03/04/1994 6:00;3.6405
04/04/1994 6:00;2.7375
05/04/1994 6:00;0.814
06/04/1994 6:00;2.2985
07/04/1994 6:00;1.0135
08/04/1994 6:00;0.8735
09/04/1994 6:00;6.257
10/04/1994 6:00;0.398
11/04/1994 6:00;0.007
12/04/1994 6:00;0.007
13/04/1994 6:00;0.067
14/04/1994 6:00;0.8635
15/04/1994 6:00;1.9435
16/04/1994 6:00;4.725
17/04/1994 6:00;2.202
18/04/1994 6:00;0.007
19/04/1994 6:00;0.0525
20/04/1994 6:00;0.103
21/04/1994 6:00;8.5885
22/04/1994 6:00;14.8745
23/04/1994 6:00;11.788
24/04/1994 6:00;4.7665
25/04/1994 6:00;0.3045
26/04/1994 6:00;0
27/04/1994 6:00;0.0255
28/04/1994 6:00;0
29/04/1994 6:00;0
30/04/1994 6:00;0.486
01/05/1994 6:00;0.0055
02/05/1994 6:00;0.017
03/05/1994 6:00;0.027
04/05/1994 6:00;0
05/05/1994 6:00;0
06/05/1994 6:00;1.4865
07/05/1994 6:00;0.937
08/05/1994 6:00;7.117
09/05/1994 6:00;2.5585
10/05/1994 6:00;11.963
11/05/1994 6:00;9.6865
12/05/1994 6:00;22.2615
13/05/1994 6:00;8.6945
14/05/1994 6:00;11.2705
15/05/1994 6:00;4.7285
16/05/1994 6:00;12.6155
17/05/1994 6:00;10.305
18/05/1994 6:00;11.283
19/05/1994 6:00;16.624
20/05/1994 6:00;16.2675
21/05/1994 6:00;2.485
22/05/1994 6:00;3.592
23/05/1994 6:00;12.903
24/05/1994 6:00;4.7635
25/05/1994 6:00;5.341
26/05/1994 6:00;1.0375
27/05/1994 6:00;0.317
28/05/1994 6:00;0.18
29/05/1994 6:00;0
30/05/1994 6:00;0.0325
31/05/1994 6:00;0.417
01/06/1994 6:00;2.071
02/06/1994 6:00;3.4825
03/06/1994 6:00;0.6625
04/06/1994 6:00;0.7985
05/06/1994 6:00;0.057
06/06/1994 6:00;0
07/06/1994 6:00;0.2645
08/06/1994 6:00;0.042
09/06/1994 6:00;0
10/06/1994 6:00;0
11/06/1994 6:00;0.013
12/06/1994 6:00;0.018
13/06/1994 6:00;0.0025
14/06/1994 6:00;0
15/06/1994 6:00;0
16/06/1994 6:00;0.12
17/06/1994 6:00;2.6595
18/06/1994 6:00;1.512
19/06/1994 6:00;0.117
20/06/1994 6:00;0.138
21/06/1994 6:00;0
22/06/1994 6:00;0
23/06/1994 6:00;0.087
24/06/1994 6:00;2.5665
25/06/1994 6:00;1.969
26/06/1994 6:00;0.4125
27/06/1994 6:00;0
28/06/1994 6:00;0.0645
29/06/1994 6:00;0.0005
30/06/1994 6:00;0.001
01/07/1994 6:00;0
02/07/1994 6:00;0.0775
03/07/1994 6:00;8.492
04/07/1994 6:00;0.3425
05/07/1994 6:00;0.0045
06/07/1994 6:00;0
07/07/1994 6:00;1.2065
08/07/1994 6:00;0.1825
09/07/1994 6:00;0.05
10/07/1994 6:00;0.0865
11/07/1994 6:00;0
12/07/1994 6:00;1.0765
13/07/1994 6:00;0.3405
14/07/1994 6:00;0.0015
15/07/1994 6:00;0.291
16/07/1994 6:00;7.3695
17/07/1994 6:00;1.6005
18/07/1994 6:00;0.6305
19/07/1994 6:00;0.0655
20/07/1994 6:00;0.0045
21/07/1994 6:00;0
22/07/1994 6:00;0.041
23/07/1994 6:00;0.0375
24/07/1994 6:00;0.4585
25/07/1994 6:00;0.048
26/07/1994 6:00;0.0045
27/07/1994 6:00;2.277
28/07/1994 6:00;0.012
29/07/1994 6:00;0.6415
30/07/1994 6:00;1.2405
31/07/1994 6:00;0.8465
01/08/1994 6:00;0.0415
02/08/1994 6:00;0.4155
03/08/1994 6:00;0.143
04/08/1994 6:00;0.1275
05/08/1994 6:00;0.1495
06/08/1994 6:00;0.3335
07/08/1994 6:00;0.01
08/08/1994 6:00;13.854
09/08/1994 6:00;22.3165
10/08/1994 6:00;7.1355
11/08/1994 6:00;0.0485
12/08/1994 6:00;0.0095
13/08/1994 6:00;0.2005
14/08/1994 6:00;0
15/08/1994 6:00;0.0025
16/08/1994 6:00;0.0185
17/08/1994 6:00;0.001
18/08/1994 6:00;0
19/08/1994 6:00;0.0035
20/08/1994 6:00;0
21/08/1994 6:00;0
22/08/1994 6:00;2.031
23/08/1994 6:00;0.054
24/08/1994 6:00;0.611
25/08/1994 6:00;1.2665
26/08/1994 6:00;0.437
27/08/1994 6:00;0.0315
28/08/1994 6:00;0.0005
29/08/1994 6:00;0.2215
30/08/1994 6:00;1.918
31/08/1994 6:00;0.1125
01/09/1994 6:00;0.317
02/09/1994 6:00;0.244
03/09/1994 6:00;1.3695
04/09/1994 6:00;0.1885
05/09/1994 6:00;0.0935
06/09/1994 6:00;2.272
07/09/1994 6:00;4.425
08/09/1994 6:00;4.963
09/09/1994 6:00;5.2765
10/09/1994 6:00;5.4395
11/09/1994 6:00;12.6695
12/09/1994 6:00;1.593
13/09/1994 6:00;19.277
14/09/1994 6:00;13.3655
15/09/1994 6:00;7.4055
16/09/1994 6:00;0.561
17/09/1994 6:00;0.832
18/09/1994 6:00;0.775
19/09/1994 6:00;2.356
20/09/1994 6:00;3.7575
21/09/1994 6:00;7.778
22/09/1994 6:00;3.301
23/09/1994 6:00;0.869
24/09/1994 6:00;17.058
25/09/1994 6:00;6.504
26/09/1994 6:00;5.636
27/09/1994 6:00;1.317
28/09/1994 6:00;0.6665
29/09/1994 6:00;0.007
30/09/1994 6:00;0.001
01/10/1994 6:00;0.0025
02/10/1994 6:00;0.359
03/10/1994 6:00;14.5115
04/10/1994 6:00;3.578
05/10/1994 6:00;0.687
06/10/1994 6:00;0
07/10/1994 6:00;0.645
08/10/1994 6:00;0.241
09/10/1994 6:00;0.265
10/10/1994 6:00;0.0295
11/10/1994 6:00;0.532
12/10/1994 6:00;2.6895
13/10/1994 6:00;0.5215
14/10/1994 6:00;8.7555
15/10/1994 6:00;4.1275
16/10/1994 6:00;0.0265
17/10/1994 6:00;5.154
18/10/1994 6:00;8.4525
19/10/1994 6:00;3.527
20/10/1994 6:00;6.127
21/10/1994 6:00;19.7535
22/10/1994 6:00;9.086
23/10/1994 6:00;4.6165
24/10/1994 6:00;2.6495
25/10/1994 6:00;0.5355
26/10/1994 6:00;0.2115
27/10/1994 6:00;1.247
28/10/1994 6:00;1.0075
29/10/1994 6:00;1.7565
30/10/1994 6:00;1.276
31/10/1994 6:00;18.53
01/11/1994 6:00;9.98
02/11/1994 6:00;14.693
03/11/1994 6:00;12.3615
04/11/1994 6:00;4.112
05/11/1994 6:00;8.359
06/11/1994 6:00;11.09
07/11/1994 6:00;8.456
08/11/1994 6:00;11.1915
09/11/1994 6:00;7.19
10/11/1994 6:00;1.4215
11/11/1994 6:00;11.5035
12/11/1994 6:00;0.659
13/11/1994 6:00;0.041
14/11/1994 6:00;0.107
15/11/1994 6:00;0.0315
16/11/1994 6:00;0.1115
17/11/1994 6:00;0
18/11/1994 6:00;0
19/11/1994 6:00;0.0605
20/11/1994 6:00;0.024
21/11/1994 6:00;0.0605
22/11/1994 6:00;0.023
23/11/1994 6:00;0.005
24/11/1994 6:00;0.002
25/11/1994 6:00;0.005
26/11/1994 6:00;0.136
27/11/1994 6:00;0
28/11/1994 6:00;0.0145
29/11/1994 6:00;0.338
30/11/1994 6:00;0.166
01/12/1994 6:00;0.025
02/12/1994 6:00;0.551
03/12/1994 6:00;4.111
04/12/1994 6:00;15.3795
05/12/1994 6:00;6.772
06/12/1994 6:00;9.3575
07/12/1994 6:00;4.2385
08/12/1994 6:00;4.815
09/12/1994 6:00;7.291
10/12/1994 6:00;2.1055
11/12/1994 6:00;0.3665
12/12/1994 6:00;0.074
13/12/1994 6:00;0
14/12/1994 6:00;0.001
15/12/1994 6:00;0.0045
16/12/1994 6:00;0.7615
17/12/1994 6:00;5.4405
18/12/1994 6:00;7.643
19/12/1994 6:00;5.6045
20/12/1994 6:00;4.719
21/12/1994 6:00;4.039
22/12/1994 6:00;1.936
23/12/1994 6:00;0.365
24/12/1994 6:00;0.6255
25/12/1994 6:00;0.001
26/12/1994 6:00;1.0935
27/12/1994 6:00;1.0485
28/12/1994 6:00;9.838
29/12/1994 6:00;12.0385
30/12/1994 6:00;32.838
31/12/1994 6:00;41.493
01/01/1995 6:00;5.299
02/01/1995 6:00;0.3245
03/01/1995 6:00;5.0995
04/01/1995 6:00;5.3195
05/01/1995 6:00;4.3695
06/01/1995 6:00;0.2715
07/01/1995 6:00;1.172
08/01/1995 6:00;2.3885
09/01/1995 6:00;0.6035
10/01/1995 6:00;1.2605
11/01/1995 6:00;4.298
12/01/1995 6:00;1.44
13/01/1995 6:00;1.071
14/01/1995 6:00;0.049
15/01/1995 6:00;0.607
16/01/1995 6:00;3.6195
17/01/1995 6:00;23.6725
18/01/1995 6:00;10.6395
19/01/1995 6:00;19.9615
20/01/1995 6:00;10.7265
21/01/1995 6:00;8.6
22/01/1995 6:00;26.528
23/01/1995 6:00;6.761
24/01/1995 6:00;2.678
25/01/1995 6:00;9.7885
26/01/1995 6:00;1.4095
27/01/1995 6:00;6.934
28/01/1995 6:00;7.2545
29/01/1995 6:00;15.0205
30/01/1995 6:00;0.6925
31/01/1995 6:00;0.0045
01/02/1995 6:00;8.1335
02/02/1995 6:00;1.099
03/02/1995 6:00;0.044
04/02/1995 6:00;0.0025
05/02/1995 6:00;0.016
06/02/1995 6:00;0.5205
07/02/1995 6:00;10.7125
08/02/1995 6:00;8.1855
09/02/1995 6:00;10.5005
10/02/1995 6:00;6.298
11/02/1995 6:00;19.7695
12/02/1995 6:00;2.5115
13/02/1995 6:00;11.7135
14/02/1995 6:00;16.024
15/02/1995 6:00;10.5065
16/02/1995 6:00;31.902
17/02/1995 6:00;18.5335
18/02/1995 6:00;1.5665
19/02/1995 6:00;0.024
20/02/1995 6:00;10.8805
21/02/1995 6:00;3.1835
22/02/1995 6:00;0.418
23/02/1995 6:00;4.784
24/02/1995 6:00;2.7495
25/02/1995 6:00;13.395
26/02/1995 6:00;10.5145
27/02/1995 6:00;3.6515
28/02/1995 6:00;2.5965
01/03/1995 6:00;3.215
02/03/1995 6:00;10.0455
03/03/1995 6:00;7.225
04/03/1995 6:00;14.037
05/03/1995 6:00;15.059
06/03/1995 6:00;6.2065
07/03/1995 6:00;8.436
08/03/1995 6:00;3.8495
09/03/1995 6:00;4.2345
10/03/1995 6:00;8.12
11/03/1995 6:00;4.7515
12/03/1995 6:00;2.9035
13/03/1995 6:00;0.812
14/03/1995 6:00;2.245
15/03/1995 6:00;1.3295
16/03/1995 6:00;2.7935
17/03/1995 6:00;1.3375
18/03/1995 6:00;0.8815
19/03/1995 6:00;1.269
20/03/1995 6:00;0.509
21/03/1995 6:00;0
22/03/1995 6:00;0
23/03/1995 6:00;0
24/03/1995 6:00;0
25/03/1995 6:00;0
26/03/1995 6:00;0
27/03/1995 6:00;0.0295
28/03/1995 6:00;0
29/03/1995 6:00;0.019
30/03/1995 6:00;0.0205
31/03/1995 6:00;0
01/04/1995 6:00;0
02/04/1995 6:00;0
03/04/1995 6:00;0
04/04/1995 6:00;0
05/04/1995 6:00;0
06/04/1995 6:00;0.0025
07/04/1995 6:00;0
08/04/1995 6:00;0.0005
09/04/1995 6:00;0.0015
10/04/1995 6:00;0
11/04/1995 6:00;0
12/04/1995 6:00;0
13/04/1995 6:00;0
14/04/1995 6:00;0
15/04/1995 6:00;0
16/04/1995 6:00;0
17/04/1995 6:00;0.014
18/04/1995 6:00;2.63
19/04/1995 6:00;5.825
20/04/1995 6:00;18.0895
21/04/1995 6:00;15.949
22/04/1995 6:00;9.2435
23/04/1995 6:00;1.879
24/04/1995 6:00;0.4555
25/04/1995 6:00;1.367
26/04/1995 6:00;4.0765
27/04/1995 6:00;3.291
28/04/1995 6:00;0.5335
29/04/1995 6:00;0.003
30/04/1995 6:00;0.0035
01/05/1995 6:00;0.0045
02/05/1995 6:00;0.0125
03/05/1995 6:00;0.0075
04/05/1995 6:00;0.709
05/05/1995 6:00;1.1415
06/05/1995 6:00;7.0485
07/05/1995 6:00;5.156
08/05/1995 6:00;0.7135
09/05/1995 6:00;0.4115
10/05/1995 6:00;3.128
11/05/1995 6:00;10.0785
12/05/1995 6:00;4.333
13/05/1995 6:00;3.846
14/05/1995 6:00;9.395
15/05/1995 6:00;13.487
16/05/1995 6:00;3.329
17/05/1995 6:00;5.8295
18/05/1995 6:00;2.807
19/05/1995 6:00;0.722
20/05/1995 6:00;0.0725
21/05/1995 6:00;0.1535
22/05/1995 6:00;0.058
23/05/1995 6:00;4.62
24/05/1995 6:00;3.3005
25/05/1995 6:00;1.9555
26/05/1995 6:00;3.588
27/05/1995 6:00;1.9005
28/05/1995 6:00;2.378
29/05/1995 6:00;0.246
30/05/1995 6:00;0
31/05/1995 6:00;0
01/06/1995 6:00;0.015
02/06/1995 6:00;0.021
03/06/1995 6:00;0.029
04/06/1995 6:00;0
05/06/1995 6:00;0
06/06/1995 6:00;0
07/06/1995 6:00;0
08/06/1995 6:00;0.011
09/06/1995 6:00;0.0055
10/06/1995 6:00;0
11/06/1995 6:00;0.0055
12/06/1995 6:00;0.0495
13/06/1995 6:00;0.002
14/06/1995 6:00;0
15/06/1995 6:00;0.0235
16/06/1995 6:00;0.025
17/06/1995 6:00;0.0175
18/06/1995 6:00;0.0195
19/06/1995 6:00;0.0005
20/06/1995 6:00;0.001
21/06/1995 6:00;0.016
22/06/1995 6:00;0.009
23/06/1995 6:00;3.8775
24/06/1995 6:00;0.243
25/06/1995 6:00;0
26/06/1995 6:00;0.0205
27/06/1995 6:00;0.0115
28/06/1995 6:00;0.004
29/06/1995 6:00;0.004
30/06/1995 6:00;6.469
01/07/1995 6:00;2.832
02/07/1995 6:00;1.3955
03/07/1995 6:00;1.482
04/07/1995 6:00;0.0785
05/07/1995 6:00;0.0005
06/07/1995 6:00;0
07/07/1995 6:00;1.099
08/07/1995 6:00;4.7405
09/07/1995 6:00;3.334
10/07/1995 6:00;0.4475
11/07/1995 6:00;3.1935
12/07/1995 6:00;2.7545
13/07/1995 6:00;5.508
14/07/1995 6:00;6.978
15/07/1995 6:00;2.9555
16/07/1995 6:00;0.187
17/07/1995 6:00;0.6195
18/07/1995 6:00;0.3135
19/07/1995 6:00;0.112
20/07/1995 6:00;0.5735
21/07/1995 6:00;0.57
22/07/1995 6:00;0.3215
23/07/1995 6:00;0.003
24/07/1995 6:00;1.877
25/07/1995 6:00;3.1325
26/07/1995 6:00;1.724
27/07/1995 6:00;0.069
28/07/1995 6:00;0.0395
29/07/1995 6:00;0.119
30/07/1995 6:00;0.3045
31/07/1995 6:00;1.0025
01/08/1995 6:00;0.4465
02/08/1995 6:00;0.202
03/08/1995 6:00;3.28
04/08/1995 6:00;4.1955
05/08/1995 6:00;2.1355
06/08/1995 6:00;0.1305
07/08/1995 6:00;0.0015
08/08/1995 6:00;0
09/08/1995 6:00;0
10/08/1995 6:00;0
11/08/1995 6:00;0
12/08/1995 6:00;0
13/08/1995 6:00;0.029
14/08/1995 6:00;0.0495
15/08/1995 6:00;0.0095
16/08/1995 6:00;0
17/08/1995 6:00;0.004
18/08/1995 6:00;0.0105
19/08/1995 6:00;0.004
20/08/1995 6:00;0.003
21/08/1995 6:00;0
22/08/1995 6:00;0.0005
23/08/1995 6:00;0
24/08/1995 6:00;0
25/08/1995 6:00;0
26/08/1995 6:00;0
27/08/1995 6:00;0
28/08/1995 6:00;0
29/08/1995 6:00;0.274
30/08/1995 6:00;0
31/08/1995 6:00;0
01/09/1995 6:00;0
02/09/1995 6:00;0.006
03/09/1995 6:00;0.0005
04/09/1995 6:00;1.537
05/09/1995 6:00;4.8185
06/09/1995 6:00;4.795
07/09/1995 6:00;6.4755
08/09/1995 6:00;2.6145
09/09/1995 6:00;15.2415
10/09/1995 6:00;8.935
11/09/1995 6:00;3.399
12/09/1995 6:00;1.3095
13/09/1995 6:00;5.6565
14/09/1995 6:00;2.9515
15/09/1995 6:00;7.5975
16/09/1995 6:00;17.272
17/09/1995 6:00;8.6105
18/09/1995 6:00;17.7975
19/09/1995 6:00;18.818
20/09/1995 6:00;1.975
21/09/1995 6:00;0.1365
22/09/1995 6:00;0.2305
23/09/1995 6:00;0.0385
24/09/1995 6:00;1.039
25/09/1995 6:00;0.2565
26/09/1995 6:00;0.018
27/09/1995 6:00;0.1685
28/09/1995 6:00;0.028
29/09/1995 6:00;1.4125
30/09/1995 6:00;1.9915
01/10/1995 6:00;0.4615
02/10/1995 6:00;7.2005
03/10/1995 6:00;16.781
04/10/1995 6:00;16.559
05/10/1995 6:00;1.8165
06/10/1995 6:00;0.0025
07/10/1995 6:00;0
08/10/1995 6:00;0.016
09/10/1995 6:00;15.743
10/10/1995 6:00;4.047
11/10/1995 6:00;0.04
12/10/1995 6:00;0.009
13/10/1995 6:00;0.623
14/10/1995 6:00;1.024
15/10/1995 6:00;0
16/10/1995 6:00;0.2005
17/10/1995 6:00;1.0425
18/10/1995 6:00;0
19/10/1995 6:00;0
20/10/1995 6:00;0
21/10/1995 6:00;0
22/10/1995 6:00;0.015
23/10/1995 6:00;12.0985
24/10/1995 6:00;13.904
25/10/1995 6:00;3.5665
26/10/1995 6:00;4.6625
27/10/1995 6:00;10.3425
28/10/1995 6:00;6.4545
29/10/1995 6:00;1.761
30/10/1995 6:00;0.85
31/10/1995 6:00;0.9675
01/11/1995 6:00;9.664
02/11/1995 6:00;3.858
03/11/1995 6:00;1.146
04/11/1995 6:00;0.012
05/11/1995 6:00;0.0005
06/11/1995 6:00;0.6455
07/11/1995 6:00;0.2595
08/11/1995 6:00;0.089
09/11/1995 6:00;5.657
10/11/1995 6:00;9.067
11/11/1995 6:00;9.099
12/11/1995 6:00;12.472
13/11/1995 6:00;6.5565
14/11/1995 6:00;16.529
15/11/1995 6:00;27.7755
16/11/1995 6:00;11.3735
17/11/1995 6:00;14.848
18/11/1995 6:00;3.702
19/11/1995 6:00;3.553
20/11/1995 6:00;10.698
21/11/1995 6:00;12.6495
22/11/1995 6:00;3.607
23/11/1995 6:00;2.1005
24/11/1995 6:00;13.671
25/11/1995 6:00;14.069
26/11/1995 6:00;12.6305
27/11/1995 6:00;8.175
28/11/1995 6:00;8.1395
29/11/1995 6:00;5.4985
30/11/1995 6:00;2.3485
01/12/1995 6:00;1.5595
02/12/1995 6:00;0.8865
03/12/1995 6:00;5.164
04/12/1995 6:00;5.071
05/12/1995 6:00;2.264
06/12/1995 6:00;1.9165
07/12/1995 6:00;2.4015
08/12/1995 6:00;3.5745
09/12/1995 6:00;0.758
10/12/1995 6:00;1.131
11/12/1995 6:00;0.929
12/12/1995 6:00;1.1725
13/12/1995 6:00;0.216
14/12/1995 6:00;0.0195
15/12/1995 6:00;0.2955
16/12/1995 6:00;6.803
17/12/1995 6:00;1.623
18/12/1995 6:00;3.959
19/12/1995 6:00;1.2755
20/12/1995 6:00;1.8065
21/12/1995 6:00;22.056
22/12/1995 6:00;14.177
23/12/1995 6:00;20.089
24/12/1995 6:00;8.729
25/12/1995 6:00;17.4125
26/12/1995 6:00;10.238
27/12/1995 6:00;11.685
28/12/1995 6:00;4.077
29/12/1995 6:00;10.347
30/12/1995 6:00;21.271
31/12/1995 6:00;16.88
01/01/1996 6:00;3.7985
02/01/1996 6:00;2.071
03/01/1996 6:00;19.405
04/01/1996 6:00;16.2745
05/01/1996 6:00;15.8645
06/01/1996 6:00;18.715
07/01/1996 6:00;10.1105
08/01/1996 6:00;13.2835
09/01/1996 6:00;7.5005
10/01/1996 6:00;8.871
11/01/1996 6:00;12.4555
12/01/1996 6:00;9.8375
13/01/1996 6:00;27.9275
14/01/1996 6:00;6.1145
15/01/1996 6:00;1.662
16/01/1996 6:00;1.2095
17/01/1996 6:00;1.4775
18/01/1996 6:00;4.9695
19/01/1996 6:00;16.7135
20/01/1996 6:00;8.1835
21/01/1996 6:00;7.1315
22/01/1996 6:00;8.247
23/01/1996 6:00;3.144
24/01/1996 6:00;5.007
25/01/1996 6:00;6.2575
26/01/1996 6:00;2.666
27/01/1996 6:00;7.7815
28/01/1996 6:00;3.8685
29/01/1996 6:00;4.1855
30/01/1996 6:00;2.131
31/01/1996 6:00;1.444
01/02/1996 6:00;2.1245
02/02/1996 6:00;1.9165
03/02/1996 6:00;4.729
04/02/1996 6:00;4.8515
05/02/1996 6:00;14.984
06/02/1996 6:00;6.9795
07/02/1996 6:00;1.7735
08/02/1996 6:00;1.0245
09/02/1996 6:00;9.946
10/02/1996 6:00;9.1745
11/02/1996 6:00;8.1285
12/02/1996 6:00;8.117
13/02/1996 6:00;9.6345
14/02/1996 6:00;1.548
15/02/1996 6:00;0.039
16/02/1996 6:00;0
17/02/1996 6:00;0.286
18/02/1996 6:00;2.6785
19/02/1996 6:00;12.945
20/02/1996 6:00;14.7065
21/02/1996 6:00;9.6595
22/02/1996 6:00;3.7565
23/02/1996 6:00;4.7935
24/02/1996 6:00;8.6135
25/02/1996 6:00;17.4365
26/02/1996 6:00;14.764
27/02/1996 6:00;13.784
28/02/1996 6:00;2.9155
29/02/1996 6:00;0.0385
01/03/1996 6:00;0.0075
02/03/1996 6:00;0.0005
03/03/1996 6:00;0.018
04/03/1996 6:00;0
05/03/1996 6:00;0.0005
06/03/1996 6:00;0
07/03/1996 6:00;0.0025
08/03/1996 6:00;0.254
09/03/1996 6:00;2.7435
10/03/1996 6:00;0.214
11/03/1996 6:00;0.262
12/03/1996 6:00;7.4595
13/03/1996 6:00;10.0925
14/03/1996 6:00;8.3425
15/03/1996 6:00;4.941
16/03/1996 6:00;0.6845
17/03/1996 6:00;0.526
18/03/1996 6:00;6.4325
19/03/1996 6:00;7.245
20/03/1996 6:00;5.3725
21/03/1996 6:00;2.361
22/03/1996 6:00;0.982
23/03/1996 6:00;10.1215
24/03/1996 6:00;4.5385
25/03/1996 6:00;11.9665
26/03/1996 6:00;4.207
27/03/1996 6:00;2.631
28/03/1996 6:00;4.3015
29/03/1996 6:00;4.419
30/03/1996 6:00;5.5965
31/03/1996 6:00;14.768
01/04/1996 6:00;3.346
02/04/1996 6:00;0.475
03/04/1996 6:00;0
04/04/1996 6:00;0
05/04/1996 6:00;0.4735
06/04/1996 6:00;2.7225
07/04/1996 6:00;2.203
08/04/1996 6:00;0.1925
09/04/1996 6:00;0.097
10/04/1996 6:00;0.1925
11/04/1996 6:00;0.2525
12/04/1996 6:00;0
13/04/1996 6:00;0.3415
14/04/1996 6:00;0.297
15/04/1996 6:00;0.1235
16/04/1996 6:00;2.276
17/04/1996 6:00;0.8045
18/04/1996 6:00;0.2025
19/04/1996 6:00;0.2975
20/04/1996 6:00;2.93
21/04/1996 6:00;4.7435
22/04/1996 6:00;6.594
23/04/1996 6:00;4.362
24/04/1996 6:00;0.314
25/04/1996 6:00;0.4995
26/04/1996 6:00;0.2135
27/04/1996 6:00;0.2135
28/04/1996 6:00;0.0795
29/04/1996 6:00;0.5255
30/04/1996 6:00;2.156
01/05/1996 6:00;10.7925
02/05/1996 6:00;4.767
03/05/1996 6:00;0.371
04/05/1996 6:00;0.562
05/05/1996 6:00;7.0525
06/05/1996 6:00;6.1565
07/05/1996 6:00;2.887
08/05/1996 6:00;1.269
09/05/1996 6:00;0.273
10/05/1996 6:00;3.105
11/05/1996 6:00;0.92
12/05/1996 6:00;0.2075
13/05/1996 6:00;0.088
14/05/1996 6:00;0.0185
15/05/1996 6:00;9.965
16/05/1996 6:00;13.8715
17/05/1996 6:00;34.4825
18/05/1996 6:00;20.287
19/05/1996 6:00;10.7875
20/05/1996 6:00;2.7995
21/05/1996 6:00;0.0315
22/05/1996 6:00;0.0165
23/05/1996 6:00;0.0195
24/05/1996 6:00;0.612
25/05/1996 6:00;1.419
26/05/1996 6:00;0.152
27/05/1996 6:00;0.248
28/05/1996 6:00;0.0415
29/05/1996 6:00;0
30/05/1996 6:00;0.0145
31/05/1996 6:00;0.1095
01/06/1996 6:00;0.9095
02/06/1996 6:00;0.7155
03/06/1996 6:00;0.1775
04/06/1996 6:00;0.001
05/06/1996 6:00;0
06/06/1996 6:00;1.7585
07/06/1996 6:00;0.3695
08/06/1996 6:00;0.408
09/06/1996 6:00;0.35
10/06/1996 6:00;0
11/06/1996 6:00;0.009
12/06/1996 6:00;0.3475
13/06/1996 6:00;0.589
14/06/1996 6:00;0.0265
15/06/1996 6:00;0
16/06/1996 6:00;0.0835
17/06/1996 6:00;0.047
18/06/1996 6:00;0.067
19/06/1996 6:00;0.013
20/06/1996 6:00;5.962
21/06/1996 6:00;2.1265
22/06/1996 6:00;0.294
23/06/1996 6:00;0
24/06/1996 6:00;0
25/06/1996 6:00;0.08
26/06/1996 6:00;0
27/06/1996 6:00;0
28/06/1996 6:00;1.005
29/06/1996 6:00;0.576
30/06/1996 6:00;0.224
01/07/1996 6:00;0.0065
02/07/1996 6:00;1.907
03/07/1996 6:00;1.6085
04/07/1996 6:00;5.4145
05/07/1996 6:00;6.9565
06/07/1996 6:00;3.1415
07/07/1996 6:00;2.99
08/07/1996 6:00;0.034
09/07/1996 6:00;0
10/07/1996 6:00;0
11/07/1996 6:00;0
12/07/1996 6:00;0
13/07/1996 6:00;0
14/07/1996 6:00;0
15/07/1996 6:00;0.01
16/07/1996 6:00;0
17/07/1996 6:00;0.695
18/07/1996 6:00;0.0215
19/07/1996 6:00;0.0255
20/07/1996 6:00;0.001
21/07/1996 6:00;0.0015
22/07/1996 6:00;0
23/07/1996 6:00;0.004
24/07/1996 6:00;0.531
25/07/1996 6:00;8.1905
26/07/1996 6:00;1.7745
27/07/1996 6:00;0
28/07/1996 6:00;0
29/07/1996 6:00;0.1065
30/07/1996 6:00;0
31/07/1996 6:00;0
01/08/1996 6:00;0
02/08/1996 6:00;0.051
03/08/1996 6:00;0.0235
04/08/1996 6:00;0.445
05/08/1996 6:00;3.8035
06/08/1996 6:00;1.3425
07/08/1996 6:00;0.602
08/08/1996 6:00;0.69
09/08/1996 6:00;3.238
10/08/1996 6:00;0.2805
11/08/1996 6:00;1.336
12/08/1996 6:00;0.2105
13/08/1996 6:00;0
14/08/1996 6:00;0
15/08/1996 6:00;0.0025
16/08/1996 6:00;0
17/08/1996 6:00;0.002
18/08/1996 6:00;0.5305
19/08/1996 6:00;1.767
20/08/1996 6:00;2.059
21/08/1996 6:00;0.296
22/08/1996 6:00;1.808
23/08/1996 6:00;0.986
24/08/1996 6:00;2.2925
25/08/1996 6:00;7.448
26/08/1996 6:00;1.2015
27/08/1996 6:00;0.3195
28/08/1996 6:00;0.0755
29/08/1996 6:00;0.0165
30/08/1996 6:00;0.0065
31/08/1996 6:00;0
01/09/1996 6:00;0
02/09/1996 6:00;0
03/09/1996 6:00;0
04/09/1996 6:00;0
05/09/1996 6:00;0.0035
06/09/1996 6:00;0.0105
07/09/1996 6:00;0.011
08/09/1996 6:00;0
09/09/1996 6:00;0.001
10/09/1996 6:00;0
11/09/1996 6:00;0
12/09/1996 6:00;0
13/09/1996 6:00;0
14/09/1996 6:00;0
15/09/1996 6:00;0.005
16/09/1996 6:00;10.528
17/09/1996 6:00;6.3195
18/09/1996 6:00;6.1465
19/09/1996 6:00;4.3555
20/09/1996 6:00;6.897
21/09/1996 6:00;4.1345
22/09/1996 6:00;1.634
23/09/1996 6:00;0.7335
24/09/1996 6:00;0.2545
25/09/1996 6:00;0.121
26/09/1996 6:00;1.0415
27/09/1996 6:00;0.93
28/09/1996 6:00;0.4875
29/09/1996 6:00;0.015
30/09/1996 6:00;14.991
01/10/1996 6:00;3.2105
02/10/1996 6:00;0.7445
03/10/1996 6:00;0.018
04/10/1996 6:00;0.9105
05/10/1996 6:00;0.1935
06/10/1996 6:00;0.043
07/10/1996 6:00;0.317
08/10/1996 6:00;0.2505
09/10/1996 6:00;0.0615
10/10/1996 6:00;1.804
11/10/1996 6:00;0.1505
12/10/1996 6:00;11.586
13/10/1996 6:00;15.9525
14/10/1996 6:00;5.1335
15/10/1996 6:00;3.1505
16/10/1996 6:00;1.593
17/10/1996 6:00;6.6975
18/10/1996 6:00;4.258
19/10/1996 6:00;0.0615
20/10/1996 6:00;0.203
21/10/1996 6:00;0.0155
22/10/1996 6:00;0
23/10/1996 6:00;0.021
24/10/1996 6:00;9.327
25/10/1996 6:00;0.5935
26/10/1996 6:00;0.6965
27/10/1996 6:00;1.081
28/10/1996 6:00;5.615
29/10/1996 6:00;0.4595
30/10/1996 6:00;0.5635
31/10/1996 6:00;0.0325
01/11/1996 6:00;0.002
02/11/1996 6:00;0.0395
03/11/1996 6:00;0.5885
04/11/1996 6:00;13.8325
05/11/1996 6:00;3.8705
06/11/1996 6:00;2.7795
07/11/1996 6:00;3.0545
08/11/1996 6:00;0.827
09/11/1996 6:00;4.079
10/11/1996 6:00;17.0775
11/11/1996 6:00;14.887
12/11/1996 6:00;7.803
13/11/1996 6:00;2.3645
14/11/1996 6:00;1.742
15/11/1996 6:00;2.307
16/11/1996 6:00;3.6695
17/11/1996 6:00;7.6285
18/11/1996 6:00;13.7
19/11/1996 6:00;12.8245
20/11/1996 6:00;18.044
21/11/1996 6:00;25.8125
22/11/1996 6:00;13.5355
23/11/1996 6:00;1.211
24/11/1996 6:00;3.299
25/11/1996 6:00;9.2385
26/11/1996 6:00;7.367
27/11/1996 6:00;6.56
28/11/1996 6:00;2.358
29/11/1996 6:00;5.3345
30/11/1996 6:00;2.9015
01/12/1996 6:00;3.391
02/12/1996 6:00;1.747
03/12/1996 6:00;12.725
04/12/1996 6:00;6.4535
05/12/1996 6:00;6.234
06/12/1996 6:00;4.9655
07/12/1996 6:00;1.1275
08/12/1996 6:00;2.171
09/12/1996 6:00;0.131
10/12/1996 6:00;2.951
11/12/1996 6:00;1.289
12/12/1996 6:00;8.6515
13/12/1996 6:00;9.0315
14/12/1996 6:00;3.7505
15/12/1996 6:00;0.5165
16/12/1996 6:00;3.823
17/12/1996 6:00;8.9365
18/12/1996 6:00;5.1705
19/12/1996 6:00;8.5535
20/12/1996 6:00;7.603
21/12/1996 6:00;4.946
22/12/1996 6:00;0.958
23/12/1996 6:00;1.923
24/12/1996 6:00;4.3655
25/12/1996 6:00;1.9395
26/12/1996 6:00;0.662
27/12/1996 6:00;0.017
28/12/1996 6:00;0
29/12/1996 6:00;0.0055
30/12/1996 6:00;0
31/12/1996 6:00;0
01/01/1997 6:00;0.951
02/01/1997 6:00;24.746
03/01/1997 6:00;13.6965
04/01/1997 6:00;3.4115
05/01/1997 6:00;2.727
06/01/1997 6:00;1.3915
07/01/1997 6:00;17.6185
08/01/1997 6:00;19.8875
09/01/1997 6:00;8.4305
10/01/1997 6:00;0.9835
11/01/1997 6:00;0.019
12/01/1997 6:00;0.0185
13/01/1997 6:00;0.0245
14/01/1997 6:00;0.0125
15/01/1997 6:00;2.9145
16/01/1997 6:00;11.492
17/01/1997 6:00;5.7165
18/01/1997 6:00;10.6945
19/01/1997 6:00;6.159
20/01/1997 6:00;6.8965
21/01/1997 6:00;13.29
22/01/1997 6:00;4.1615
23/01/1997 6:00;0.0235
24/01/1997 6:00;1.2755
25/01/1997 6:00;0.021
26/01/1997 6:00;0.0875
27/01/1997 6:00;0
28/01/1997 6:00;0.043
29/01/1997 6:00;3.5505
30/01/1997 6:00;10.017
31/01/1997 6:00;2.4415
01/02/1997 6:00;3.1795
02/02/1997 6:00;3.514
03/02/1997 6:00;0.4815
04/02/1997 6:00;1.8895
05/02/1997 6:00;1.6435
06/02/1997 6:00;0.4405
07/02/1997 6:00;0.017
08/02/1997 6:00;0.0165
09/02/1997 6:00;1.7705
10/02/1997 6:00;4.364
11/02/1997 6:00;3.4655
12/02/1997 6:00;1.887
13/02/1997 6:00;10.032
14/02/1997 6:00;5.2815
15/02/1997 6:00;1.7335
16/02/1997 6:00;1.19
17/02/1997 6:00;1.3145
18/02/1997 6:00;0.554
19/02/1997 6:00;0.9825
20/02/1997 6:00;1.613
21/02/1997 6:00;0.1055
22/02/1997 6:00;0.6535
23/02/1997 6:00;11.888
24/02/1997 6:00;4.544
25/02/1997 6:00;4.0105
26/02/1997 6:00;0.4035
27/02/1997 6:00;0.006
28/02/1997 6:00;0
01/03/1997 6:00;0
02/03/1997 6:00;0
03/03/1997 6:00;0
04/03/1997 6:00;0
05/03/1997 6:00;0
06/03/1997 6:00;0
07/03/1997 6:00;0
08/03/1997 6:00;0.246
09/03/1997 6:00;0
10/03/1997 6:00;0
11/03/1997 6:00;0
12/03/1997 6:00;0
13/03/1997 6:00;0
14/03/1997 6:00;0
15/03/1997 6:00;0
16/03/1997 6:00;0
17/03/1997 6:00;0
18/03/1997 6:00;0
19/03/1997 6:00;0
20/03/1997 6:00;0.05
21/03/1997 6:00;0.0355
22/03/1997 6:00;0.002
23/03/1997 6:00;0
24/03/1997 6:00;0.196
25/03/1997 6:00;0.017
26/03/1997 6:00;0
27/03/1997 6:00;0
28/03/1997 6:00;0
29/03/1997 6:00;0
30/03/1997 6:00;0
31/03/1997 6:00;0
01/04/1997 6:00;0
02/04/1997 6:00;0
03/04/1997 6:00;0
04/04/1997 6:00;0
05/04/1997 6:00;0
06/04/1997 6:00;1.648
07/04/1997 6:00;0.2165
08/04/1997 6:00;0.7025
09/04/1997 6:00;0.8405
10/04/1997 6:00;0.087
11/04/1997 6:00;0.0015
12/04/1997 6:00;0
13/04/1997 6:00;0
14/04/1997 6:00;0.0995
15/04/1997 6:00;0.0015
16/04/1997 6:00;6.201
17/04/1997 6:00;2.0025
18/04/1997 6:00;0.0205
19/04/1997 6:00;2.1885
20/04/1997 6:00;1.3975
21/04/1997 6:00;1.8825
22/04/1997 6:00;0.0025
23/04/1997 6:00;0.0025
24/04/1997 6:00;2.445
25/04/1997 6:00;4.321
26/04/1997 6:00;5.0415
27/04/1997 6:00;1.6355
28/04/1997 6:00;3.51
29/04/1997 6:00;0.567
30/04/1997 6:00;0.314
01/05/1997 6:00;0
02/05/1997 6:00;0.991
03/05/1997 6:00;2.452
04/05/1997 6:00;13.314
05/05/1997 6:00;15.3005
06/05/1997 6:00;15.6085
07/05/1997 6:00;4.968
08/05/1997 6:00;3.463
09/05/1997 6:00;3.912
10/05/1997 6:00;6.2345
11/05/1997 6:00;2.0765
12/05/1997 6:00;0.239
13/05/1997 6:00;0.531
14/05/1997 6:00;0.0005
15/05/1997 6:00;0.8385
16/05/1997 6:00;3.387
17/05/1997 6:00;4.9085
18/05/1997 6:00;13.342
19/05/1997 6:00;21.99
20/05/1997 6:00;5.446
21/05/1997 6:00;0.586
22/05/1997 6:00;0.571
23/05/1997 6:00;4.326
24/05/1997 6:00;1.813
25/05/1997 6:00;18.152
26/05/1997 6:00;18.748
27/05/1997 6:00;7.6355
28/05/1997 6:00;3.4805
29/05/1997 6:00;1.259
30/05/1997 6:00;15.5915
31/05/1997 6:00;9.642
01/06/1997 6:00;1.3885
02/06/1997 6:00;5.533
03/06/1997 6:00;4.747
04/06/1997 6:00;0.603
05/06/1997 6:00;8.632
06/06/1997 6:00;8.3845
07/06/1997 6:00;8.356
08/06/1997 6:00;1.608
09/06/1997 6:00;10.4035
10/06/1997 6:00;5.158
11/06/1997 6:00;2.2785
12/06/1997 6:00;4.4515
13/06/1997 6:00;4.7015
14/06/1997 6:00;1.3845
15/06/1997 6:00;0.6015
16/06/1997 6:00;5.1105
17/06/1997 6:00;0.009
18/06/1997 6:00;0.421
19/06/1997 6:00;0.3575
20/06/1997 6:00;3.331
21/06/1997 6:00;2.301
22/06/1997 6:00;0.466
23/06/1997 6:00;2.1265
24/06/1997 6:00;0.1375
25/06/1997 6:00;1.9915
26/06/1997 6:00;3.066
27/06/1997 6:00;8.82
28/06/1997 6:00;11.5435
29/06/1997 6:00;9.284
30/06/1997 6:00;7.2975
01/07/1997 6:00;1.2185
02/07/1997 6:00;1.5205
03/07/1997 6:00;6.2215
04/07/1997 6:00;1.139
05/07/1997 6:00;0.01
06/07/1997 6:00;0.0355
07/07/1997 6:00;0
08/07/1997 6:00;0.003
09/07/1997 6:00;0.039
10/07/1997 6:00;0
11/07/1997 6:00;0
12/07/1997 6:00;0
13/07/1997 6:00;0
14/07/1997 6:00;0.0585
15/07/1997 6:00;1.5935
16/07/1997 6:00;0.224
17/07/1997 6:00;0.0195
18/07/1997 6:00;0
19/07/1997 6:00;0
20/07/1997 6:00;0
21/07/1997 6:00;0
22/07/1997 6:00;0.017
23/07/1997 6:00;0.0015
24/07/1997 6:00;0.0025
25/07/1997 6:00;0
26/07/1997 6:00;0
27/07/1997 6:00;0
28/07/1997 6:00;0
29/07/1997 6:00;0.013
30/07/1997 6:00;0
31/07/1997 6:00;0
01/08/1997 6:00;0.0265
02/08/1997 6:00;0
03/08/1997 6:00;0.0495
04/08/1997 6:00;0.745
05/08/1997 6:00;3.834
06/08/1997 6:00;10.529
07/08/1997 6:00;10.0035
08/08/1997 6:00;7.784
09/08/1997 6:00;2.448
10/08/1997 6:00;1.6665
11/08/1997 6:00;5.282
12/08/1997 6:00;3.3125
13/08/1997 6:00;1.8215
14/08/1997 6:00;0.6405
15/08/1997 6:00;0.0005
16/08/1997 6:00;0.0015
17/08/1997 6:00;0.075
18/08/1997 6:00;0.465
19/08/1997 6:00;0.0935
20/08/1997 6:00;0.054
21/08/1997 6:00;0.04
22/08/1997 6:00;0.004
23/08/1997 6:00;1.1735
24/08/1997 6:00;8.767
25/08/1997 6:00;4.402
26/08/1997 6:00;2.4345
27/08/1997 6:00;2.138
28/08/1997 6:00;2.0645
29/08/1997 6:00;0
30/08/1997 6:00;0.6295
31/08/1997 6:00;4.5365
01/09/1997 6:00;0.047
02/09/1997 6:00;0
03/09/1997 6:00;0.294
04/09/1997 6:00;0.4455
05/09/1997 6:00;0.0025
06/09/1997 6:00;0.189
07/09/1997 6:00;0.056
08/09/1997 6:00;0
09/09/1997 6:00;0
10/09/1997 6:00;0.0005
11/09/1997 6:00;1.7585
12/09/1997 6:00;2.766
13/09/1997 6:00;0.5565
14/09/1997 6:00;0.191
15/09/1997 6:00;0
16/09/1997 6:00;0.007
17/09/1997 6:00;0.008
18/09/1997 6:00;0.0005
19/09/1997 6:00;0.123
20/09/1997 6:00;0.0105
21/09/1997 6:00;0
22/09/1997 6:00;0
23/09/1997 6:00;3.4485
24/09/1997 6:00;0
25/09/1997 6:00;0.257
26/09/1997 6:00;1.053
27/09/1997 6:00;0.048
28/09/1997 6:00;0.012
29/09/1997 6:00;0
30/09/1997 6:00;0.01
01/10/1997 6:00;0.0085
02/10/1997 6:00;0.0435
03/10/1997 6:00;0.0005
04/10/1997 6:00;0.0135
05/10/1997 6:00;0.0055
06/10/1997 6:00;5.3445
07/10/1997 6:00;1.3065
08/10/1997 6:00;2.0025
09/10/1997 6:00;1.6485
10/10/1997 6:00;2.952
11/10/1997 6:00;4.4185
12/10/1997 6:00;1.4265
13/10/1997 6:00;0.5915
14/10/1997 6:00;0.152
15/10/1997 6:00;0.028
16/10/1997 6:00;0.0655
17/10/1997 6:00;0.316
18/10/1997 6:00;17.9725
19/10/1997 6:00;28.916
20/10/1997 6:00;15.268
21/10/1997 6:00;4.2835
22/10/1997 6:00;8.42
23/10/1997 6:00;3.5915
24/10/1997 6:00;0.43
25/10/1997 6:00;1.521
26/10/1997 6:00;8.62
27/10/1997 6:00;13.963
28/10/1997 6:00;7.243
29/10/1997 6:00;0.0885
30/10/1997 6:00;0
31/10/1997 6:00;0.0175
01/11/1997 6:00;2.1075
02/11/1997 6:00;16.1445
03/11/1997 6:00;12.136
04/11/1997 6:00;8.7555
05/11/1997 6:00;4.1605
06/11/1997 6:00;6.615
07/11/1997 6:00;9.9635
08/11/1997 6:00;21.9295
09/11/1997 6:00;19.347
10/11/1997 6:00;19.506
11/11/1997 6:00;16.1595
12/11/1997 6:00;11.394
13/11/1997 6:00;4.615
14/11/1997 6:00;1.5345
15/11/1997 6:00;4.7315
16/11/1997 6:00;6.9115
17/11/1997 6:00;20.98
18/11/1997 6:00;19.6055
19/11/1997 6:00;12.929
20/11/1997 6:00;17.2695
21/11/1997 6:00;6.393
22/11/1997 6:00;5.0525
23/11/1997 6:00;17.955
24/11/1997 6:00;10.9245
25/11/1997 6:00;9.3765
26/11/1997 6:00;2.7845
27/11/1997 6:00;7.282
28/11/1997 6:00;8.1645
29/11/1997 6:00;6.8195
30/11/1997 6:00;5.409
01/12/1997 6:00;24.382
02/12/1997 6:00;8.93
03/12/1997 6:00;0.7055
04/12/1997 6:00;0.206
05/12/1997 6:00;0.1575
06/12/1997 6:00;0.4305
07/12/1997 6:00;8.484
08/12/1997 6:00;8.4255
09/12/1997 6:00;3.983
10/12/1997 6:00;4.2915
11/12/1997 6:00;11.56
12/12/1997 6:00;3.6685
13/12/1997 6:00;0.2565
14/12/1997 6:00;0.044
15/12/1997 6:00;0.21
16/12/1997 6:00;1.162
17/12/1997 6:00;13.7415
18/12/1997 6:00;23.2555
19/12/1997 6:00;17.1685
20/12/1997 6:00;7.7695
21/12/1997 6:00;5.448
22/12/1997 6:00;3.8635
23/12/1997 6:00;9.019
24/12/1997 6:00;17.3345
25/12/1997 6:00;7.8685
26/12/1997 6:00;8.2275
27/12/1997 6:00;3.3185
28/12/1997 6:00;2.9895
29/12/1997 6:00;8.111
30/12/1997 6:00;6.94
31/12/1997 6:00;4.985
01/01/1998 6:00;3.508
02/01/1998 6:00;5.0135
03/01/1998 6:00;5.169
04/01/1998 6:00;4.0325
05/01/1998 6:00;4.246
06/01/1998 6:00;3.414
07/01/1998 6:00;5.259
08/01/1998 6:00;0.689
09/01/1998 6:00;1.7755
10/01/1998 6:00;2.324
11/01/1998 6:00;8.288
12/01/1998 6:00;19.618
13/01/1998 6:00;16.332
14/01/1998 6:00;5.16
15/01/1998 6:00;13.8695
16/01/1998 6:00;2.672
17/01/1998 6:00;5.3585
18/01/1998 6:00;4.474
19/01/1998 6:00;8.7795
20/01/1998 6:00;2.6975
21/01/1998 6:00;0.545
22/01/1998 6:00;9.453
23/01/1998 6:00;4.621
24/01/1998 6:00;0.407
25/01/1998 6:00;3.9505
26/01/1998 6:00;2.119
27/01/1998 6:00;0.006
28/01/1998 6:00;0.123
29/01/1998 6:00;0.1255
30/01/1998 6:00;0.103
31/01/1998 6:00;0
01/02/1998 6:00;0.002
02/02/1998 6:00;3.231
03/02/1998 6:00;0.565
04/02/1998 6:00;0.144
05/02/1998 6:00;0.0015
06/02/1998 6:00;0.009
07/02/1998 6:00;0
08/02/1998 6:00;0
09/02/1998 6:00;0
10/02/1998 6:00;0
11/02/1998 6:00;0.0105
12/02/1998 6:00;0
13/02/1998 6:00;0
14/02/1998 6:00;0
15/02/1998 6:00;0
16/02/1998 6:00;0.1175
17/02/1998 6:00;0.165
18/02/1998 6:00;0.0175
19/02/1998 6:00;0.0065
20/02/1998 6:00;14.7035
21/02/1998 6:00;14.1265
22/02/1998 6:00;3.7895
23/02/1998 6:00;2.617
24/02/1998 6:00;0.008
25/02/1998 6:00;0
26/02/1998 6:00;0
27/02/1998 6:00;0
28/02/1998 6:00;0
01/03/1998 6:00;0.001
02/03/1998 6:00;1.1375
03/03/1998 6:00;6.836
04/03/1998 6:00;3.174
05/03/1998 6:00;0.655
06/03/1998 6:00;0.354
07/03/1998 6:00;2.697
08/03/1998 6:00;1.7995
09/03/1998 6:00;0.1795
10/03/1998 6:00;1.8195
11/03/1998 6:00;2.089
12/03/1998 6:00;0.945
13/03/1998 6:00;0.8455
14/03/1998 6:00;0.4285
15/03/1998 6:00;0.0005
16/03/1998 6:00;0
17/03/1998 6:00;0.001
18/03/1998 6:00;0.0005
19/03/1998 6:00;0
20/03/1998 6:00;0
21/03/1998 6:00;0.008
22/03/1998 6:00;0.01
23/03/1998 6:00;0.009
24/03/1998 6:00;0.002
25/03/1998 6:00;0
26/03/1998 6:00;0.0005
27/03/1998 6:00;0.0005
28/03/1998 6:00;8.049
29/03/1998 6:00;6.132
30/03/1998 6:00;6.62
31/03/1998 6:00;5.6135
01/04/1998 6:00;12.426
02/04/1998 6:00;21.7075
03/04/1998 6:00;17.283
04/04/1998 6:00;16.024
05/04/1998 6:00;13.6245
06/04/1998 6:00;32.837
07/04/1998 6:00;13.346
08/04/1998 6:00;12.8645
09/04/1998 6:00;18.8225
10/04/1998 6:00;12.6745
11/04/1998 6:00;9.152
12/04/1998 6:00;7.9265
13/04/1998 6:00;14.532
14/04/1998 6:00;13.023
15/04/1998 6:00;13.0955
16/04/1998 6:00;10.8875
17/04/1998 6:00;4.503
18/04/1998 6:00;4.614
19/04/1998 6:00;13.12
20/04/1998 6:00;0.67
21/04/1998 6:00;6.7085
22/04/1998 6:00;3.969
23/04/1998 6:00;6.1125
24/04/1998 6:00;2.216
25/04/1998 6:00;5.2605
26/04/1998 6:00;5.7865
27/04/1998 6:00;1.716
28/04/1998 6:00;13.689
29/04/1998 6:00;7.632
30/04/1998 6:00;13.322
01/05/1998 6:00;3.738
02/05/1998 6:00;2.7315
03/05/1998 6:00;2.4425
04/05/1998 6:00;2.711
05/05/1998 6:00;0.606
06/05/1998 6:00;0.0785
07/05/1998 6:00;0
08/05/1998 6:00;0.0105
09/05/1998 6:00;0.034
10/05/1998 6:00;13.807
11/05/1998 6:00;6.456
12/05/1998 6:00;3.4415
13/05/1998 6:00;6.276
14/05/1998 6:00;1.472
15/05/1998 6:00;0.1935
16/05/1998 6:00;0.241
17/05/1998 6:00;0.031
18/05/1998 6:00;0.001
19/05/1998 6:00;0.0005
20/05/1998 6:00;0.0055
21/05/1998 6:00;0
22/05/1998 6:00;0
23/05/1998 6:00;0
24/05/1998 6:00;0.0005
25/05/1998 6:00;0.004
26/05/1998 6:00;5.274
27/05/1998 6:00;5.7195
28/05/1998 6:00;2.4995
29/05/1998 6:00;1.6125
30/05/1998 6:00;9.7585
31/05/1998 6:00;17.422
01/06/1998 6:00;29.389
02/06/1998 6:00;5.122
03/06/1998 6:00;0.008
04/06/1998 6:00;0
05/06/1998 6:00;1.264
06/06/1998 6:00;0.487
07/06/1998 6:00;0.025
08/06/1998 6:00;0.0125
09/06/1998 6:00;0.881
10/06/1998 6:00;0.523
11/06/1998 6:00;0.07
12/06/1998 6:00;0.112
13/06/1998 6:00;0.954
14/06/1998 6:00;0.314
15/06/1998 6:00;0.2325
16/06/1998 6:00;0
17/06/1998 6:00;0.0025
18/06/1998 6:00;0.0175
19/06/1998 6:00;0.0325
20/06/1998 6:00;0
21/06/1998 6:00;0.008
22/06/1998 6:00;0.0005
23/06/1998 6:00;0.048
24/06/1998 6:00;2.228
25/06/1998 6:00;0.0255
26/06/1998 6:00;0.0235
27/06/1998 6:00;0.0295
28/06/1998 6:00;0.026
29/06/1998 6:00;0.0345
30/06/1998 6:00;2.1405
01/07/1998 6:00;29.648
02/07/1998 6:00;20.0475
03/07/1998 6:00;4.8055
04/07/1998 6:00;0.008
05/07/1998 6:00;0.0205
06/07/1998 6:00;2.2435
07/07/1998 6:00;1.3765
08/07/1998 6:00;0.1835
09/07/1998 6:00;0
10/07/1998 6:00;0.0005
11/07/1998 6:00;0
12/07/1998 6:00;0
13/07/1998 6:00;0.379
14/07/1998 6:00;0.1175
15/07/1998 6:00;0.002
16/07/1998 6:00;0.0165
17/07/1998 6:00;0.0015
18/07/1998 6:00;0
19/07/1998 6:00;0.0115
20/07/1998 6:00;1.345
21/07/1998 6:00;0.377
22/07/1998 6:00;0.5565
23/07/1998 6:00;0.331
24/07/1998 6:00;0
25/07/1998 6:00;0.0005
26/07/1998 6:00;0.1035
27/07/1998 6:00;0.0605
28/07/1998 6:00;0.1205
29/07/1998 6:00;0.509
30/07/1998 6:00;2.141
31/07/1998 6:00;0.383
01/08/1998 6:00;0.8235
02/08/1998 6:00;0.5985
03/08/1998 6:00;0.003
04/08/1998 6:00;0.002
05/08/1998 6:00;0.021
06/08/1998 6:00;0
07/08/1998 6:00;0
08/08/1998 6:00;0
09/08/1998 6:00;0
10/08/1998 6:00;0
11/08/1998 6:00;0.0205
12/08/1998 6:00;0.0075
13/08/1998 6:00;0.022
14/08/1998 6:00;0.006
15/08/1998 6:00;0.0395
16/08/1998 6:00;0.014
17/08/1998 6:00;0
18/08/1998 6:00;0
19/08/1998 6:00;0.0085
20/08/1998 6:00;0
21/08/1998 6:00;0
22/08/1998 6:00;0
23/08/1998 6:00;0
24/08/1998 6:00;0.01
25/08/1998 6:00;0
26/08/1998 6:00;0.1085
27/08/1998 6:00;1.6765
28/08/1998 6:00;0.0075
29/08/1998 6:00;0.0035
30/08/1998 6:00;0
31/08/1998 6:00;0.0125
01/09/1998 6:00;0.301
02/09/1998 6:00;0.125
03/09/1998 6:00;1.036
04/09/1998 6:00;7.0255
05/09/1998 6:00;0.9425
06/09/1998 6:00;5.94
07/09/1998 6:00;0.83
08/09/1998 6:00;1.056
09/09/1998 6:00;1.242
10/09/1998 6:00;0.9945
11/09/1998 6:00;7.3315
12/09/1998 6:00;6.853
13/09/1998 6:00;8.112
14/09/1998 6:00;1.8205
15/09/1998 6:00;0.101
16/09/1998 6:00;0
17/09/1998 6:00;0.033
18/09/1998 6:00;0
19/09/1998 6:00;0.0085
20/09/1998 6:00;0
21/09/1998 6:00;0
22/09/1998 6:00;0
23/09/1998 6:00;0.011
24/09/1998 6:00;9.4325
25/09/1998 6:00;20.642
26/09/1998 6:00;23.3215
27/09/1998 6:00;10.388
28/09/1998 6:00;3.628
29/09/1998 6:00;8.5865
30/09/1998 6:00;13.9765
01/10/1998 6:00;6.7975
02/10/1998 6:00;0.744
03/10/1998 6:00;1.632
04/10/1998 6:00;5.545
05/10/1998 6:00;6.71
06/10/1998 6:00;4.0035
07/10/1998 6:00;1.1665
08/10/1998 6:00;0.078
09/10/1998 6:00;0.44
10/10/1998 6:00;2.866
11/10/1998 6:00;3.083
12/10/1998 6:00;3.796
13/10/1998 6:00;2.925
14/10/1998 6:00;0.0225
15/10/1998 6:00;0.0015
16/10/1998 6:00;1.365
17/10/1998 6:00;4.68
18/10/1998 6:00;5.235
19/10/1998 6:00;1.2465
20/10/1998 6:00;0.046
21/10/1998 6:00;0.276
22/10/1998 6:00;0.6915
23/10/1998 6:00;1.308
24/10/1998 6:00;9.2925
25/10/1998 6:00;2.505
26/10/1998 6:00;1.0655
27/10/1998 6:00;0.0605
28/10/1998 6:00;3.3285
29/10/1998 6:00;1.856
30/10/1998 6:00;0.0855
31/10/1998 6:00;2.137
01/11/1998 6:00;5.814
02/11/1998 6:00;12.6135
03/11/1998 6:00;11.821
04/11/1998 6:00;2.9655
05/11/1998 6:00;0
06/11/1998 6:00;0.192
07/11/1998 6:00;1.685
08/11/1998 6:00;1.6555
09/11/1998 6:00;12.878
10/11/1998 6:00;4.3225
11/11/1998 6:00;1.1535
12/11/1998 6:00;1.858
13/11/1998 6:00;2.07
14/11/1998 6:00;0.918
15/11/1998 6:00;0.058
16/11/1998 6:00;0.2015
17/11/1998 6:00;0.3525
18/11/1998 6:00;0.23
19/11/1998 6:00;2.0395
20/11/1998 6:00;2.1525
21/11/1998 6:00;0
22/11/1998 6:00;2.942
23/11/1998 6:00;1.931
24/11/1998 6:00;4.484
25/11/1998 6:00;6.9
26/11/1998 6:00;0.291
27/11/1998 6:00;0.4545
28/11/1998 6:00;3.933
29/11/1998 6:00;3.4605
30/11/1998 6:00;0.5775
01/12/1998 6:00;0.209
02/12/1998 6:00;0.038
03/12/1998 6:00;0.021
04/12/1998 6:00;0.086
05/12/1998 6:00;0.0365
06/12/1998 6:00;0.0175
07/12/1998 6:00;0.0135
08/12/1998 6:00;2.683
09/12/1998 6:00;9.075
10/12/1998 6:00;8.695
11/12/1998 6:00;2.105
12/12/1998 6:00;0.5395
13/12/1998 6:00;0.0865
14/12/1998 6:00;0.011
15/12/1998 6:00;0
16/12/1998 6:00;0.006
17/12/1998 6:00;0.227
18/12/1998 6:00;3.244
19/12/1998 6:00;2.6965
20/12/1998 6:00;3.477
21/12/1998 6:00;0.3175
22/12/1998 6:00;0
23/12/1998 6:00;0.109
24/12/1998 6:00;0.351
25/12/1998 6:00;0.014
26/12/1998 6:00;0.2335
27/12/1998 6:00;16.7665
28/12/1998 6:00;16.6465
29/12/1998 6:00;20.578
30/12/1998 6:00;20.624
31/12/1998 6:00;13.559
01/01/1999 6:00;1.2525
02/01/1999 6:00;1.5065
03/01/1999 6:00;1.736
04/01/1999 6:00;0.162
05/01/1999 6:00;0.0405
06/01/1999 6:00;0.0705
07/01/1999 6:00;4.9205
08/01/1999 6:00;11.4665
09/01/1999 6:00;13.2125
10/01/1999 6:00;4.8195
11/01/1999 6:00;0.01
12/01/1999 6:00;0.3715
13/01/1999 6:00;4.56
14/01/1999 6:00;2.219
15/01/1999 6:00;7.19
16/01/1999 6:00;31.3625
17/01/1999 6:00;7.817
18/01/1999 6:00;5.8945
19/01/1999 6:00;14.941
20/01/1999 6:00;7.8725
21/01/1999 6:00;3.03
22/01/1999 6:00;0.4055
23/01/1999 6:00;0.7425
24/01/1999 6:00;0.7295
25/01/1999 6:00;25.2725
26/01/1999 6:00;12.7735
27/01/1999 6:00;2.081
28/01/1999 6:00;0.836
29/01/1999 6:00;0.018
30/01/1999 6:00;0.0165
31/01/1999 6:00;0
01/02/1999 6:00;0.892
02/02/1999 6:00;0.37
03/02/1999 6:00;0.481
04/02/1999 6:00;0
05/02/1999 6:00;0.8595
06/02/1999 6:00;1.4085
07/02/1999 6:00;0.506
08/02/1999 6:00;7.2
09/02/1999 6:00;5.8995
10/02/1999 6:00;2.3025
11/02/1999 6:00;0.86
12/02/1999 6:00;0.934
13/02/1999 6:00;0.214
14/02/1999 6:00;0.182
15/02/1999 6:00;0.2555
16/02/1999 6:00;0.2345
17/02/1999 6:00;0.1265
18/02/1999 6:00;1.093
19/02/1999 6:00;0.1755
20/02/1999 6:00;3.995
21/02/1999 6:00;10.065
22/02/1999 6:00;5.8805
23/02/1999 6:00;5.1005
24/02/1999 6:00;9.9465
25/02/1999 6:00;4.951
26/02/1999 6:00;7.7825
27/02/1999 6:00;5.109
28/02/1999 6:00;0.1855
01/03/1999 6:00;0.7035
02/03/1999 6:00;5.2545
03/03/1999 6:00;18.5235
04/03/1999 6:00;10.9565
05/03/1999 6:00;8.89
06/03/1999 6:00;10.988
07/03/1999 6:00;24.6995
08/03/1999 6:00;61.375
09/03/1999 6:00;36.1215
10/03/1999 6:00;13.969
11/03/1999 6:00;1.741
12/03/1999 6:00;0.339
13/03/1999 6:00;0.017
14/03/1999 6:00;0
15/03/1999 6:00;0.0135
16/03/1999 6:00;0
17/03/1999 6:00;0.138
18/03/1999 6:00;0
19/03/1999 6:00;0
20/03/1999 6:00;0
21/03/1999 6:00;0.0665
22/03/1999 6:00;0.016
23/03/1999 6:00;0
24/03/1999 6:00;1.653
25/03/1999 6:00;16.0885
26/03/1999 6:00;10.5905
27/03/1999 6:00;6.6075
28/03/1999 6:00;1.414
29/03/1999 6:00;0.265
30/03/1999 6:00;0.0035
31/03/1999 6:00;2.5085
01/04/1999 6:00;8.0665
02/04/1999 6:00;2.3565
03/04/1999 6:00;0.0475
04/04/1999 6:00;0.008
05/04/1999 6:00;0.054
06/04/1999 6:00;0.149
07/04/1999 6:00;0.0635
08/04/1999 6:00;0.048
09/04/1999 6:00;0.055
10/04/1999 6:00;0.0405
11/04/1999 6:00;0.005
12/04/1999 6:00;0.9995
13/04/1999 6:00;0.485
14/04/1999 6:00;9.1655
15/04/1999 6:00;11.0905
16/04/1999 6:00;11.796
17/04/1999 6:00;6.7125
18/04/1999 6:00;0.18
19/04/1999 6:00;4.025
20/04/1999 6:00;20.7005
21/04/1999 6:00;7.7185
22/04/1999 6:00;14.1345
23/04/1999 6:00;3.3625
24/04/1999 6:00;8.414
25/04/1999 6:00;5.412
26/04/1999 6:00;11.034
27/04/1999 6:00;4.5205
28/04/1999 6:00;1.0865
29/04/1999 6:00;0.63
30/04/1999 6:00;3.418
01/05/1999 6:00;1.2375
02/05/1999 6:00;0.02
03/05/1999 6:00;1.5125
04/05/1999 6:00;8.497
05/05/1999 6:00;4.4495
06/05/1999 6:00;7.568
07/05/1999 6:00;3.358
08/05/1999 6:00;0.1905
09/05/1999 6:00;0.9765
10/05/1999 6:00;2.066
11/05/1999 6:00;3.537
12/05/1999 6:00;1.936
13/05/1999 6:00;11.154
14/05/1999 6:00;4.561
15/05/1999 6:00;5.59
16/05/1999 6:00;16.8535
17/05/1999 6:00;21.9815
18/05/1999 6:00;24.034
19/05/1999 6:00;9.791
20/05/1999 6:00;1.7365
21/05/1999 6:00;0.4355
22/05/1999 6:00;0
23/05/1999 6:00;0.008
24/05/1999 6:00;0.0175
25/05/1999 6:00;0.0015
26/05/1999 6:00;0
27/05/1999 6:00;1.542
28/05/1999 6:00;0.481
29/05/1999 6:00;2.41
30/05/1999 6:00;0.0255
31/05/1999 6:00;0.4915
01/06/1999 6:00;2.327
02/06/1999 6:00;6.0165
03/06/1999 6:00;1.0805
04/06/1999 6:00;2.712
05/06/1999 6:00;5.735
06/06/1999 6:00;2.7995
07/06/1999 6:00;0.5445
08/06/1999 6:00;0
09/06/1999 6:00;0
10/06/1999 6:00;0
11/06/1999 6:00;0
12/06/1999 6:00;0
13/06/1999 6:00;0
14/06/1999 6:00;0.0165
15/06/1999 6:00;0.0025
16/06/1999 6:00;0.0165
17/06/1999 6:00;0
18/06/1999 6:00;0.008
19/06/1999 6:00;0
20/06/1999 6:00;0.221
21/06/1999 6:00;0.154
22/06/1999 6:00;0.005
23/06/1999 6:00;0
24/06/1999 6:00;0.0055
25/06/1999 6:00;0.2095
26/06/1999 6:00;2.325
27/06/1999 6:00;1.0125
28/06/1999 6:00;0.024
29/06/1999 6:00;0.1685
30/06/1999 6:00;0
01/07/1999 6:00;0.017
02/07/1999 6:00;0.2005
03/07/1999 6:00;0.7735
04/07/1999 6:00;8.1885
05/07/1999 6:00;2.6835
06/07/1999 6:00;0.255
07/07/1999 6:00;0.015
08/07/1999 6:00;0
09/07/1999 6:00;0
10/07/1999 6:00;0.004
11/07/1999 6:00;0
12/07/1999 6:00;0.001
13/07/1999 6:00;0
14/07/1999 6:00;0.011
15/07/1999 6:00;0
16/07/1999 6:00;0
17/07/1999 6:00;0.005
18/07/1999 6:00;0.1385
19/07/1999 6:00;0.785
20/07/1999 6:00;0.217
21/07/1999 6:00;0.018
22/07/1999 6:00;0.014
23/07/1999 6:00;0.003
24/07/1999 6:00;0.016
25/07/1999 6:00;0.0425
26/07/1999 6:00;0
27/07/1999 6:00;0.0445
28/07/1999 6:00;0
29/07/1999 6:00;0
30/07/1999 6:00;0.0025
31/07/1999 6:00;0
01/08/1999 6:00;0.088
02/08/1999 6:00;0.0125
03/08/1999 6:00;0.817
04/08/1999 6:00;0.39
05/08/1999 6:00;10.4805
06/08/1999 6:00;10.3025
07/08/1999 6:00;13.2925
08/08/1999 6:00;12.652
09/08/1999 6:00;1.0475
10/08/1999 6:00;0
11/08/1999 6:00;0.1825
12/08/1999 6:00;0.1
13/08/1999 6:00;0.125
14/08/1999 6:00;0.127
15/08/1999 6:00;3.119
16/08/1999 6:00;0.6215
17/08/1999 6:00;2.737
18/08/1999 6:00;0.9545
19/08/1999 6:00;0.058
20/08/1999 6:00;0.001
21/08/1999 6:00;0.003
22/08/1999 6:00;0
23/08/1999 6:00;0.5345
24/08/1999 6:00;0.2955
25/08/1999 6:00;0.5055
26/08/1999 6:00;0.0175
27/08/1999 6:00;0
28/08/1999 6:00;0
29/08/1999 6:00;0
30/08/1999 6:00;0.0105
31/08/1999 6:00;0.0035
01/09/1999 6:00;2.5605
02/09/1999 6:00;2.888
03/09/1999 6:00;4.111
04/09/1999 6:00;0.0265
05/09/1999 6:00;0.2695
06/09/1999 6:00;0
07/09/1999 6:00;0
08/09/1999 6:00;0
09/09/1999 6:00;0.0025
10/09/1999 6:00;0
11/09/1999 6:00;0.472
12/09/1999 6:00;2.0405
13/09/1999 6:00;1.9615
14/09/1999 6:00;0.003
15/09/1999 6:00;2.9115
16/09/1999 6:00;3.485
17/09/1999 6:00;8.491
18/09/1999 6:00;15.834
19/09/1999 6:00;15.577
20/09/1999 6:00;17.577
21/09/1999 6:00;23.512
22/09/1999 6:00;13.827
23/09/1999 6:00;10.756
24/09/1999 6:00;10.471
25/09/1999 6:00;3.8145
26/09/1999 6:00;4.4315
27/09/1999 6:00;1.136
28/09/1999 6:00;0.0775
29/09/1999 6:00;15.1565
30/09/1999 6:00;2.952
01/10/1999 6:00;0.011
02/10/1999 6:00;2.8665
03/10/1999 6:00;0.2295
04/10/1999 6:00;0.007
05/10/1999 6:00;0.0005
06/10/1999 6:00;0.0045
07/10/1999 6:00;0.0095
08/10/1999 6:00;0
09/10/1999 6:00;0
10/10/1999 6:00;0.0045
11/10/1999 6:00;0.0055
12/10/1999 6:00;0.931
13/10/1999 6:00;1.156
14/10/1999 6:00;0.172
15/10/1999 6:00;9.0955
16/10/1999 6:00;7.8885
17/10/1999 6:00;1.455
18/10/1999 6:00;1.6965
19/10/1999 6:00;17.2005
20/10/1999 6:00;11.0185
21/10/1999 6:00;12.414
22/10/1999 6:00;13.492
23/10/1999 6:00;21.171
24/10/1999 6:00;12.6315
25/10/1999 6:00;13.4525
26/10/1999 6:00;2.087
27/10/1999 6:00;0.609
28/10/1999 6:00;0.464
29/10/1999 6:00;2.2585
30/10/1999 6:00;10.4705
31/10/1999 6:00;13.4615
01/11/1999 6:00;47.508
02/11/1999 6:00;15.732
03/11/1999 6:00;0.185
04/11/1999 6:00;0.024
05/11/1999 6:00;0.5305
06/11/1999 6:00;0.459
07/11/1999 6:00;0.014
08/11/1999 6:00;0
09/11/1999 6:00;0.001
10/11/1999 6:00;0.0195
11/11/1999 6:00;1.051
12/11/1999 6:00;2.4835
13/11/1999 6:00;9.564
14/11/1999 6:00;6.415
15/11/1999 6:00;0.88
16/11/1999 6:00;2.5725
17/11/1999 6:00;3.811
18/11/1999 6:00;4.704
19/11/1999 6:00;3.034
20/11/1999 6:00;3.4155
21/11/1999 6:00;3.7485
22/11/1999 6:00;1.479
23/11/1999 6:00;0.0215
24/11/1999 6:00;0.0315
25/11/1999 6:00;0.0165
26/11/1999 6:00;0
27/11/1999 6:00;0.0075
28/11/1999 6:00;7.5485
29/11/1999 6:00;5.4165
30/11/1999 6:00;0.415
01/12/1999 6:00;0.062
02/12/1999 6:00;0.002
03/12/1999 6:00;0.0085
04/12/1999 6:00;0.3005
05/12/1999 6:00;0.2
06/12/1999 6:00;0.0115
07/12/1999 6:00;1.2805
08/12/1999 6:00;7.3695
09/12/1999 6:00;8.5075
10/12/1999 6:00;4.5065
11/12/1999 6:00;11.879
12/12/1999 6:00;7.4
13/12/1999 6:00;14.5275
14/12/1999 6:00;49.375
15/12/1999 6:00;16.901
16/12/1999 6:00;2.3275
17/12/1999 6:00;0.0175
18/12/1999 6:00;3.7455
19/12/1999 6:00;9.092
20/12/1999 6:00;1.839
21/12/1999 6:00;0.817
22/12/1999 6:00;5.2495
23/12/1999 6:00;4.585
24/12/1999 6:00;5.4145
25/12/1999 6:00;9.272
26/12/1999 6:00;14.8965
27/12/1999 6:00;9.076
28/12/1999 6:00;8.7935
29/12/1999 6:00;2.579
30/12/1999 6:00;0.0005
31/12/1999 6:00;0.0075
01/01/2000 6:00;0
02/01/2000 6:00;0.0135
03/01/2000 6:00;1.343
04/01/2000 6:00;0.7725
05/01/2000 6:00;0.336
06/01/2000 6:00;0.12
07/01/2000 6:00;1.3335
08/01/2000 6:00;5.0535
09/01/2000 6:00;1.8015
10/01/2000 6:00;0
11/01/2000 6:00;0
12/01/2000 6:00;2.898
13/01/2000 6:00;31.409
14/01/2000 6:00;15.1935
15/01/2000 6:00;1.8945
16/01/2000 6:00;0.003
17/01/2000 6:00;0
18/01/2000 6:00;0
19/01/2000 6:00;0
20/01/2000 6:00;0.004
21/01/2000 6:00;1.1395
22/01/2000 6:00;1.615
23/01/2000 6:00;0
24/01/2000 6:00;0.003
25/01/2000 6:00;0.002
26/01/2000 6:00;0.0105
27/01/2000 6:00;2.942
28/01/2000 6:00;1.048
29/01/2000 6:00;0.453
30/01/2000 6:00;0.009
31/01/2000 6:00;0.732
01/02/2000 6:00;1.612
02/02/2000 6:00;0.414
03/02/2000 6:00;0.1025
04/02/2000 6:00;0.001
05/02/2000 6:00;0.154
06/02/2000 6:00;0.713
07/02/2000 6:00;2.9305
08/02/2000 6:00;6.8165
09/02/2000 6:00;1.97
10/02/2000 6:00;6.734
11/02/2000 6:00;2.365
12/02/2000 6:00;0.288
13/02/2000 6:00;1.472
14/02/2000 6:00;1.4295
15/02/2000 6:00;1.187
16/02/2000 6:00;3.4885
17/02/2000 6:00;4.179
18/02/2000 6:00;2.192
19/02/2000 6:00;1.6125
20/02/2000 6:00;0.6565
21/02/2000 6:00;0.0835
22/02/2000 6:00;7.4815
23/02/2000 6:00;2.665
24/02/2000 6:00;0.0315
25/02/2000 6:00;0.023
26/02/2000 6:00;0.0095
27/02/2000 6:00;4.6415
28/02/2000 6:00;4.8015
29/02/2000 6:00;2.663
01/03/2000 6:00;1.148
02/03/2000 6:00;0.2055
03/03/2000 6:00;0.0065
04/03/2000 6:00;0.005
05/03/2000 6:00;0.019
06/03/2000 6:00;0
07/03/2000 6:00;0
08/03/2000 6:00;0
09/03/2000 6:00;0
10/03/2000 6:00;0
11/03/2000 6:00;0
12/03/2000 6:00;0
13/03/2000 6:00;0
14/03/2000 6:00;0
15/03/2000 6:00;0
16/03/2000 6:00;0
17/03/2000 6:00;0
18/03/2000 6:00;0
19/03/2000 6:00;0.0075
20/03/2000 6:00;0
21/03/2000 6:00;0.9405
22/03/2000 6:00;0.04
23/03/2000 6:00;0.272
24/03/2000 6:00;7.338
25/03/2000 6:00;3.5265
26/03/2000 6:00;1.1555
27/03/2000 6:00;4.3825
28/03/2000 6:00;2.06
29/03/2000 6:00;1.815
30/03/2000 6:00;0.1475
31/03/2000 6:00;0.148
01/04/2000 6:00;6.083
02/04/2000 6:00;8.065
03/04/2000 6:00;25.008
04/04/2000 6:00;18.145
05/04/2000 6:00;3.526
06/04/2000 6:00;0.0075
07/04/2000 6:00;0.145
08/04/2000 6:00;0.929
09/04/2000 6:00;2.3875
10/04/2000 6:00;6.547
11/04/2000 6:00;8.5045
12/04/2000 6:00;9.4505
13/04/2000 6:00;19.2725
14/04/2000 6:00;15.8945
15/04/2000 6:00;7.5915
16/04/2000 6:00;5.748
17/04/2000 6:00;12.9845
18/04/2000 6:00;9.242
19/04/2000 6:00;19.2755
20/04/2000 6:00;7.3665
21/04/2000 6:00;13.15
22/04/2000 6:00;14.0185
23/04/2000 6:00;13.64
24/04/2000 6:00;11.423
25/04/2000 6:00;7.671
26/04/2000 6:00;7.734
27/04/2000 6:00;5.541
28/04/2000 6:00;4.397
29/04/2000 6:00;7.2325
30/04/2000 6:00;4.1945
01/05/2000 6:00;2.81
02/05/2000 6:00;0.794
03/05/2000 6:00;14.932
04/05/2000 6:00;2.756
05/05/2000 6:00;8.278
06/05/2000 6:00;2.308
07/05/2000 6:00;2.9065
08/05/2000 6:00;8.024
09/05/2000 6:00;1.846
10/05/2000 6:00;2.4545
11/05/2000 6:00;0.739
12/05/2000 6:00;0.0195
13/05/2000 6:00;0
14/05/2000 6:00;0
15/05/2000 6:00;0.002
16/05/2000 6:00;0.753
17/05/2000 6:00;0.0665
18/05/2000 6:00;0.0205
19/05/2000 6:00;0
20/05/2000 6:00;0.014
21/05/2000 6:00;0.0205
22/05/2000 6:00;0.0085
23/05/2000 6:00;0
24/05/2000 6:00;2.0035
25/05/2000 6:00;1.993
26/05/2000 6:00;2.8085
27/05/2000 6:00;11.214
28/05/2000 6:00;6.128
29/05/2000 6:00;0.407
30/05/2000 6:00;0.0015
31/05/2000 6:00;0.003
01/06/2000 6:00;0.062
02/06/2000 6:00;0
03/06/2000 6:00;0.0265
04/06/2000 6:00;0.0545
05/06/2000 6:00;0.021
06/06/2000 6:00;0
07/06/2000 6:00;1.022
08/06/2000 6:00;6.4375
09/06/2000 6:00;1.749
10/06/2000 6:00;0.3475
11/06/2000 6:00;0.0535
12/06/2000 6:00;0.007
13/06/2000 6:00;0
14/06/2000 6:00;0
15/06/2000 6:00;0
16/06/2000 6:00;0
17/06/2000 6:00;0
18/06/2000 6:00;0
19/06/2000 6:00;0.0295
20/06/2000 6:00;2.721
21/06/2000 6:00;0.001
22/06/2000 6:00;0.0005
23/06/2000 6:00;0.0225
24/06/2000 6:00;0
25/06/2000 6:00;0
26/06/2000 6:00;0.169
27/06/2000 6:00;0.041
28/06/2000 6:00;0.0395
29/06/2000 6:00;0
30/06/2000 6:00;2.879
01/07/2000 6:00;3.6435
02/07/2000 6:00;6.1545
03/07/2000 6:00;2.951
04/07/2000 6:00;0.5175
05/07/2000 6:00;0.0005
06/07/2000 6:00;3.476
07/07/2000 6:00;1.033
08/07/2000 6:00;0.4
09/07/2000 6:00;6.017
10/07/2000 6:00;5.7505
11/07/2000 6:00;0.303
12/07/2000 6:00;0.2235
13/07/2000 6:00;0.236
14/07/2000 6:00;0.0905
15/07/2000 6:00;0.588
16/07/2000 6:00;0.866
17/07/2000 6:00;0.2645
18/07/2000 6:00;0.002
19/07/2000 6:00;0.002
20/07/2000 6:00;0.0135
21/07/2000 6:00;0.02
22/07/2000 6:00;2.474
23/07/2000 6:00;5.1525
24/07/2000 6:00;6.8415
25/07/2000 6:00;2.682
26/07/2000 6:00;0.908
27/07/2000 6:00;0.0715
28/07/2000 6:00;0.9025
29/07/2000 6:00;0.015
30/07/2000 6:00;0.0025
31/07/2000 6:00;0
01/08/2000 6:00;0.029
02/08/2000 6:00;0.004
03/08/2000 6:00;0.0515
04/08/2000 6:00;0
05/08/2000 6:00;0
06/08/2000 6:00;0
07/08/2000 6:00;0
08/08/2000 6:00;0
09/08/2000 6:00;0
10/08/2000 6:00;0.005
11/08/2000 6:00;0.002
12/08/2000 6:00;0.0595
13/08/2000 6:00;0.374
14/08/2000 6:00;0.043
15/08/2000 6:00;0.018
16/08/2000 6:00;0
17/08/2000 6:00;4.4725
18/08/2000 6:00;13.274
19/08/2000 6:00;15.54
20/08/2000 6:00;5.8025
21/08/2000 6:00;0.851
22/08/2000 6:00;15.264
23/08/2000 6:00;0.8955
24/08/2000 6:00;0.2685
25/08/2000 6:00;2.4795
26/08/2000 6:00;0.273
27/08/2000 6:00;0.039
28/08/2000 6:00;0.013
29/08/2000 6:00;0.038
30/08/2000 6:00;0.005
31/08/2000 6:00;0.304
01/09/2000 6:00;0.2
02/09/2000 6:00;0.064
03/09/2000 6:00;0.0005
04/09/2000 6:00;0.013
05/09/2000 6:00;0.0175
06/09/2000 6:00;0.0245
07/09/2000 6:00;0
08/09/2000 6:00;0
09/09/2000 6:00;0.03
10/09/2000 6:00;0
11/09/2000 6:00;0.0215
12/09/2000 6:00;0
13/09/2000 6:00;0.0155
14/09/2000 6:00;0
15/09/2000 6:00;0
16/09/2000 6:00;0.039
17/09/2000 6:00;0.024
18/09/2000 6:00;13.977
19/09/2000 6:00;16.0765
20/09/2000 6:00;6.309
21/09/2000 6:00;0.2745
22/09/2000 6:00;0.357
23/09/2000 6:00;3.881
24/09/2000 6:00;2.8725
25/09/2000 6:00;3.8265
26/09/2000 6:00;1.4655
27/09/2000 6:00;17.464
28/09/2000 6:00;18.6675
29/09/2000 6:00;8.188
30/09/2000 6:00;1.304
01/10/2000 6:00;2.7465
02/10/2000 6:00;0.0415
03/10/2000 6:00;0.032
04/10/2000 6:00;0.6825
05/10/2000 6:00;0.098
06/10/2000 6:00;0.0485
07/10/2000 6:00;0.0455
08/10/2000 6:00;0.222
09/10/2000 6:00;6.582
10/10/2000 6:00;16.1905
11/10/2000 6:00;29.3045
12/10/2000 6:00;13.2955
13/10/2000 6:00;4.877
14/10/2000 6:00;4.48
15/10/2000 6:00;0.735
16/10/2000 6:00;0.701
17/10/2000 6:00;2.265
18/10/2000 6:00;23.1525
19/10/2000 6:00;6.348
20/10/2000 6:00;15.0525
21/10/2000 6:00;1.9615
22/10/2000 6:00;0.1475
23/10/2000 6:00;0.0035
24/10/2000 6:00;0.359
25/10/2000 6:00;4.937
26/10/2000 6:00;0.3655
27/10/2000 6:00;0.377
28/10/2000 6:00;5.432
29/10/2000 6:00;6.1445
30/10/2000 6:00;36.8135
31/10/2000 6:00;8.548
01/11/2000 6:00;14.1745
02/11/2000 6:00;13.481
03/11/2000 6:00;6.8495
04/11/2000 6:00;18.2315
05/11/2000 6:00;28.8805
06/11/2000 6:00;14.762
07/11/2000 6:00;10.301
08/11/2000 6:00;13.214
09/11/2000 6:00;3.5655
10/11/2000 6:00;0.948
11/11/2000 6:00;18.059
12/11/2000 6:00;35.3795
13/11/2000 6:00;15.0445
14/11/2000 6:00;1.1995
15/11/2000 6:00;3.855
16/11/2000 6:00;4.759
17/11/2000 6:00;0.683
18/11/2000 6:00;9.185
19/11/2000 6:00;6.8125
20/11/2000 6:00;6.552
21/11/2000 6:00;22.592
22/11/2000 6:00;5.6645
23/11/2000 6:00;6.331
24/11/2000 6:00;4.0285
25/11/2000 6:00;3.909
26/11/2000 6:00;5.692
27/11/2000 6:00;4.8165
28/11/2000 6:00;8.794
29/11/2000 6:00;6.02
30/11/2000 6:00;50.1585
01/12/2000 6:00;22.5155
02/12/2000 6:00;13.4715
03/12/2000 6:00;27.8445
04/12/2000 6:00;25.017
05/12/2000 6:00;6.999
06/12/2000 6:00;33.139
07/12/2000 6:00;18.492
08/12/2000 6:00;6.805
09/12/2000 6:00;13.85
10/12/2000 6:00;11.1315
11/12/2000 6:00;4.3945
12/12/2000 6:00;6.9875
13/12/2000 6:00;15.208
14/12/2000 6:00;8.4845
15/12/2000 6:00;4.341
16/12/2000 6:00;1.325
17/12/2000 6:00;10.372
18/12/2000 6:00;13.287
19/12/2000 6:00;1.9085
20/12/2000 6:00;0.801
21/12/2000 6:00;0.8225
22/12/2000 6:00;0.262
23/12/2000 6:00;0.493
24/12/2000 6:00;4.729
25/12/2000 6:00;17.037
26/12/2000 6:00;19.7665
27/12/2000 6:00;16.085
28/12/2000 6:00;18.687
29/12/2000 6:00;12.9245
30/12/2000 6:00;9.8215
31/12/2000 6:00;22.337
01/01/2001 6:00;21.093
02/01/2001 6:00;13.592
03/01/2001 6:00;34.227
04/01/2001 6:00;42.643
05/01/2001 6:00;19.09
06/01/2001 6:00;8.529
07/01/2001 6:00;3.3925
08/01/2001 6:00;10.239
09/01/2001 6:00;6.692
10/01/2001 6:00;14.59
11/01/2001 6:00;3.133
12/01/2001 6:00;0.4455
13/01/2001 6:00;1.3915
14/01/2001 6:00;1.118
15/01/2001 6:00;5.3535
16/01/2001 6:00;5.896
17/01/2001 6:00;5.596
18/01/2001 6:00;5.619
19/01/2001 6:00;1.056
20/01/2001 6:00;0.084
21/01/2001 6:00;9.472
22/01/2001 6:00;11.7145
23/01/2001 6:00;16.1655
24/01/2001 6:00;13.231
25/01/2001 6:00;18.763
26/01/2001 6:00;15.2755
27/01/2001 6:00;14.7475
28/01/2001 6:00;10.2175
29/01/2001 6:00;1.027
30/01/2001 6:00;2.7765
31/01/2001 6:00;4.727
01/02/2001 6:00;2.8045
02/02/2001 6:00;0.2545
03/02/2001 6:00;3.7385
04/02/2001 6:00;2.711
05/02/2001 6:00;19.8075
06/02/2001 6:00;13.334
07/02/2001 6:00;18.192
08/02/2001 6:00;4.399
09/02/2001 6:00;7.639
10/02/2001 6:00;0.1555
11/02/2001 6:00;0
12/02/2001 6:00;0.0155
13/02/2001 6:00;0.0195
14/02/2001 6:00;0
15/02/2001 6:00;0
16/02/2001 6:00;0
17/02/2001 6:00;0
18/02/2001 6:00;0
19/02/2001 6:00;0
20/02/2001 6:00;0
21/02/2001 6:00;0.003
22/02/2001 6:00;0.003
23/02/2001 6:00;0.019
24/02/2001 6:00;0.01
25/02/2001 6:00;0
26/02/2001 6:00;8.7845
27/02/2001 6:00;12.5405
28/02/2001 6:00;3.91
01/03/2001 6:00;22.3055
02/03/2001 6:00;38.8325
03/03/2001 6:00;20.84
04/03/2001 6:00;8.6255
05/03/2001 6:00;7.998
06/03/2001 6:00;20.4455
07/03/2001 6:00;24.353
08/03/2001 6:00;11.9945
09/03/2001 6:00;9.6335
10/03/2001 6:00;5.6795
11/03/2001 6:00;16.475
12/03/2001 6:00;5.5585
13/03/2001 6:00;1.4055
14/03/2001 6:00;0.9225
15/03/2001 6:00;5.652
16/03/2001 6:00;7.794
17/03/2001 6:00;9.8685
18/03/2001 6:00;8.787
19/03/2001 6:00;24.4845
20/03/2001 6:00;31.614
21/03/2001 6:00;18.996
22/03/2001 6:00;13.864
23/03/2001 6:00;15.025
24/03/2001 6:00;8.7215
25/03/2001 6:00;3.92
26/03/2001 6:00;4.351
27/03/2001 6:00;5.94
28/03/2001 6:00;8.604
29/03/2001 6:00;10.8
30/03/2001 6:00;4.867
31/03/2001 6:00;0.578
01/04/2001 6:00;2.4025
02/04/2001 6:00;2.0225
03/04/2001 6:00;3.0395
04/04/2001 6:00;0.8695
05/04/2001 6:00;0.0635
06/04/2001 6:00;3.7795
07/04/2001 6:00;3.859
08/04/2001 6:00;0.9915
09/04/2001 6:00;0.322
10/04/2001 6:00;0.0065
11/04/2001 6:00;0
12/04/2001 6:00;0
13/04/2001 6:00;0.0015
14/04/2001 6:00;0
15/04/2001 6:00;0
16/04/2001 6:00;0
17/04/2001 6:00;0
18/04/2001 6:00;1.8395
19/04/2001 6:00;0.8235
20/04/2001 6:00;0.2975
21/04/2001 6:00;0.579
22/04/2001 6:00;2.912
23/04/2001 6:00;9.9175
24/04/2001 6:00;7.6155
25/04/2001 6:00;1.995
26/04/2001 6:00;5.8745
27/04/2001 6:00;2.0795
28/04/2001 6:00;3.5355
29/04/2001 6:00;10.873
30/04/2001 6:00;8.8105
01/05/2001 6:00;19.3475
02/05/2001 6:00;25.545
03/05/2001 6:00;10.366
04/05/2001 6:00;2.952
05/05/2001 6:00;0.222
06/05/2001 6:00;0.007
07/05/2001 6:00;0
08/05/2001 6:00;0
09/05/2001 6:00;1.5265
10/05/2001 6:00;0.053
11/05/2001 6:00;0.0095
12/05/2001 6:00;5.59
13/05/2001 6:00;5.8025
14/05/2001 6:00;9.638
15/05/2001 6:00;2.815
16/05/2001 6:00;1.1935
17/05/2001 6:00;0.0825
18/05/2001 6:00;0.0075
19/05/2001 6:00;0
20/05/2001 6:00;0
21/05/2001 6:00;0.283
22/05/2001 6:00;0.2025
23/05/2001 6:00;0
24/05/2001 6:00;0
25/05/2001 6:00;0
26/05/2001 6:00;0
27/05/2001 6:00;0.0205
28/05/2001 6:00;0.006
29/05/2001 6:00;0.037
30/05/2001 6:00;0.1425
31/05/2001 6:00;0.0035
01/06/2001 6:00;0.472
02/06/2001 6:00;0.2075
03/06/2001 6:00;0.0105
04/06/2001 6:00;0
05/06/2001 6:00;0.0035
06/06/2001 6:00;0.03
07/06/2001 6:00;0.0935
08/06/2001 6:00;3.8065
09/06/2001 6:00;4.5625
10/06/2001 6:00;0.7105
11/06/2001 6:00;0.0025
12/06/2001 6:00;0.033
13/06/2001 6:00;0.252
14/06/2001 6:00;0.5975
15/06/2001 6:00;3.9235
16/06/2001 6:00;1.728
17/06/2001 6:00;0.052
18/06/2001 6:00;0.0055
19/06/2001 6:00;0
20/06/2001 6:00;0.0065
21/06/2001 6:00;0.0065
22/06/2001 6:00;0
23/06/2001 6:00;0
24/06/2001 6:00;0
25/06/2001 6:00;0.411
26/06/2001 6:00;1.4395
27/06/2001 6:00;1.177
28/06/2001 6:00;0.026
29/06/2001 6:00;0.053
30/06/2001 6:00;0.0015
01/07/2001 6:00;0
02/07/2001 6:00;0
03/07/2001 6:00;1.8655
04/07/2001 6:00;17.9745
05/07/2001 6:00;10.157
06/07/2001 6:00;2.7895
07/07/2001 6:00;1.0685
08/07/2001 6:00;1.89
09/07/2001 6:00;1.4365
10/07/2001 6:00;0.2995
11/07/2001 6:00;0.0015
12/07/2001 6:00;0.1325
13/07/2001 6:00;16.017
14/07/2001 6:00;10.8065
15/07/2001 6:00;2.7245
16/07/2001 6:00;2.3255
17/07/2001 6:00;2.5495
18/07/2001 6:00;9.0195
19/07/2001 6:00;2.823
20/07/2001 6:00;0.004
21/07/2001 6:00;0
22/07/2001 6:00;0.1455
23/07/2001 6:00;0.0085
24/07/2001 6:00;0.0425
25/07/2001 6:00;0.148
26/07/2001 6:00;0.0445
27/07/2001 6:00;0.409
28/07/2001 6:00;0.009
29/07/2001 6:00;0.0015
30/07/2001 6:00;0.001
31/07/2001 6:00;0.2805
01/08/2001 6:00;0.2305
02/08/2001 6:00;0.508
03/08/2001 6:00;0.0635
04/08/2001 6:00;0
05/08/2001 6:00;0.066
06/08/2001 6:00;0.1415
07/08/2001 6:00;4.0715
08/08/2001 6:00;1.0895
09/08/2001 6:00;0.004
10/08/2001 6:00;0
11/08/2001 6:00;0.015
12/08/2001 6:00;0.002
13/08/2001 6:00;0.0275
14/08/2001 6:00;1.192
15/08/2001 6:00;5.044
16/08/2001 6:00;1.045
17/08/2001 6:00;6.5275
18/08/2001 6:00;4.621
19/08/2001 6:00;2.976
20/08/2001 6:00;0.6245
21/08/2001 6:00;0.0635
22/08/2001 6:00;0.0005
23/08/2001 6:00;0.0025
24/08/2001 6:00;0
25/08/2001 6:00;0.2645
26/08/2001 6:00;1.6555
27/08/2001 6:00;10.911
28/08/2001 6:00;3.3835
29/08/2001 6:00;0.7175
30/08/2001 6:00;0.055
31/08/2001 6:00;0
01/09/2001 6:00;0
02/09/2001 6:00;0.007
03/09/2001 6:00;0.0125
04/09/2001 6:00;0.0065
05/09/2001 6:00;0
06/09/2001 6:00;0.062
07/09/2001 6:00;0.01
08/09/2001 6:00;0.0175
09/09/2001 6:00;0.0005
10/09/2001 6:00;0
11/09/2001 6:00;0
12/09/2001 6:00;0
13/09/2001 6:00;1.528
14/09/2001 6:00;0.423
15/09/2001 6:00;0
16/09/2001 6:00;0
17/09/2001 6:00;0
18/09/2001 6:00;0.0005
19/09/2001 6:00;0
20/09/2001 6:00;1.335
21/09/2001 6:00;5.723
22/09/2001 6:00;10.3725
23/09/2001 6:00;2.2815
24/09/2001 6:00;0.1525
25/09/2001 6:00;0.072
26/09/2001 6:00;0.0135
27/09/2001 6:00;0.091
28/09/2001 6:00;12.2535
29/09/2001 6:00;3.811
30/09/2001 6:00;2.113
01/10/2001 6:00;8.184
02/10/2001 6:00;29.6225
03/10/2001 6:00;10.219
04/10/2001 6:00;3.186
05/10/2001 6:00;2.2785
06/10/2001 6:00;5.9065
07/10/2001 6:00;10.3465
08/10/2001 6:00;10.5295
09/10/2001 6:00;3.85
10/10/2001 6:00;0.037
11/10/2001 6:00;3.749
12/10/2001 6:00;14.973
13/10/2001 6:00;11.951
14/10/2001 6:00;7.1825
15/10/2001 6:00;2.989
16/10/2001 6:00;0.08
17/10/2001 6:00;9.254
18/10/2001 6:00;13.067
19/10/2001 6:00;6.0355
20/10/2001 6:00;12.9305
21/10/2001 6:00;13.44
22/10/2001 6:00;5.2915
23/10/2001 6:00;0.384
24/10/2001 6:00;0.032
25/10/2001 6:00;0.023
26/10/2001 6:00;0.425
27/10/2001 6:00;0.5625
28/10/2001 6:00;0.9845
29/10/2001 6:00;0.0255
30/10/2001 6:00;0.0055
31/10/2001 6:00;0.0125
01/11/2001 6:00;0.0155
02/11/2001 6:00;0.018
03/11/2001 6:00;0.0005
04/11/2001 6:00;0
05/11/2001 6:00;0.014
06/11/2001 6:00;0.0085
07/11/2001 6:00;0.0375
08/11/2001 6:00;3.2515
09/11/2001 6:00;2.0695
10/11/2001 6:00;0.588
11/11/2001 6:00;0.126
12/11/2001 6:00;3.659
13/11/2001 6:00;1.8935
14/11/2001 6:00;0.334
15/11/2001 6:00;0
16/11/2001 6:00;0.0055
17/11/2001 6:00;0.0075
18/11/2001 6:00;0.0555
19/11/2001 6:00;1.383
20/11/2001 6:00;0.477
21/11/2001 6:00;0
22/11/2001 6:00;0.01
23/11/2001 6:00;0.001
24/11/2001 6:00;0.0055
25/11/2001 6:00;1.3345
26/11/2001 6:00;4.0925
27/11/2001 6:00;1.6045
28/11/2001 6:00;0.5605
29/11/2001 6:00;0.1045
30/11/2001 6:00;1.688
01/12/2001 6:00;16.3025
02/12/2001 6:00;6.871
03/12/2001 6:00;0.8
04/12/2001 6:00;0.2625
05/12/2001 6:00;0.0525
06/12/2001 6:00;0.0025
07/12/2001 6:00;0.011
08/12/2001 6:00;0.009
09/12/2001 6:00;0.0005
10/12/2001 6:00;0.004
11/12/2001 6:00;0.0025
12/12/2001 6:00;0
13/12/2001 6:00;0.0015
14/12/2001 6:00;0.0025
15/12/2001 6:00;0.0045
16/12/2001 6:00;0.01
17/12/2001 6:00;0.004
18/12/2001 6:00;0.009
19/12/2001 6:00;0.018
20/12/2001 6:00;0.0055
21/12/2001 6:00;0.023
22/12/2001 6:00;0.002
23/12/2001 6:00;0.005
24/12/2001 6:00;0.0165
25/12/2001 6:00;2.8795
26/12/2001 6:00;2.1575
27/12/2001 6:00;0.181
28/12/2001 6:00;0.1425
29/12/2001 6:00;2.173
30/12/2001 6:00;7.1105
31/12/2001 6:00;9.155
01/01/2002 6:00;5.311
02/01/2002 6:00;15.575
03/01/2002 6:00;11.4235
04/01/2002 6:00;0.852
05/01/2002 6:00;0.003
06/01/2002 6:00;0.0665
07/01/2002 6:00;0
08/01/2002 6:00;0.9715
09/01/2002 6:00;1.3265
10/01/2002 6:00;0.0365
11/01/2002 6:00;0.328
12/01/2002 6:00;4.133
13/01/2002 6:00;1.3035
14/01/2002 6:00;4.241
15/01/2002 6:00;1.7815
16/01/2002 6:00;0.8755
17/01/2002 6:00;3.474
18/01/2002 6:00;3.5985
19/01/2002 6:00;1.055
20/01/2002 6:00;0.3085
21/01/2002 6:00;17.091
22/01/2002 6:00;16.627
23/01/2002 6:00;9.859
24/01/2002 6:00;2.114
25/01/2002 6:00;3.201
26/01/2002 6:00;0.564
27/01/2002 6:00;0.687
28/01/2002 6:00;0.294
29/01/2002 6:00;0.063
30/01/2002 6:00;12.0495
31/01/2002 6:00;2.852
01/02/2002 6:00;3.524
02/02/2002 6:00;19.4095
03/02/2002 6:00;13.147
04/02/2002 6:00;6.729
05/02/2002 6:00;7.377
06/02/2002 6:00;7.6385
07/02/2002 6:00;2.951
08/02/2002 6:00;0.5535
09/02/2002 6:00;1.7035
10/02/2002 6:00;0.4735
11/02/2002 6:00;0.5075
12/02/2002 6:00;0.0505
13/02/2002 6:00;2.817
14/02/2002 6:00;2.0325
15/02/2002 6:00;0.0335
16/02/2002 6:00;0.0005
17/02/2002 6:00;0
18/02/2002 6:00;1.257
19/02/2002 6:00;0.354
20/02/2002 6:00;6.416
21/02/2002 6:00;3.028
22/02/2002 6:00;1.5445
23/02/2002 6:00;0.5575
24/02/2002 6:00;0.5295
25/02/2002 6:00;1.3335
26/02/2002 6:00;13.095
27/02/2002 6:00;7.257
28/02/2002 6:00;9.169
01/03/2002 6:00;6.682
02/03/2002 6:00;0.631
03/03/2002 6:00;0.0945
04/03/2002 6:00;0.0525
05/03/2002 6:00;0.1365
06/03/2002 6:00;0.0215
07/03/2002 6:00;0.001
08/03/2002 6:00;0.0215
09/03/2002 6:00;0.005
10/03/2002 6:00;0.0065
11/03/2002 6:00;3.9675
12/03/2002 6:00;9.4295
13/03/2002 6:00;3.441
14/03/2002 6:00;5.268
15/03/2002 6:00;8.521
16/03/2002 6:00;7.81
17/03/2002 6:00;10.2125
18/03/2002 6:00;4.937
19/03/2002 6:00;1.657
20/03/2002 6:00;0.028
21/03/2002 6:00;0.0145
22/03/2002 6:00;0.0055
23/03/2002 6:00;0.0015
24/03/2002 6:00;0.0035
25/03/2002 6:00;0.0045
26/03/2002 6:00;0.0035
27/03/2002 6:00;0
28/03/2002 6:00;0.0015
29/03/2002 6:00;0.0045
30/03/2002 6:00;0.023
31/03/2002 6:00;0
01/04/2002 6:00;0.106
02/04/2002 6:00;9.682
03/04/2002 6:00;5.2735
04/04/2002 6:00;2.935
05/04/2002 6:00;8.3735
06/04/2002 6:00;8.4865
07/04/2002 6:00;2.172
08/04/2002 6:00;0.128
09/04/2002 6:00;0.0905
10/04/2002 6:00;2.5355
11/04/2002 6:00;15.424
12/04/2002 6:00;6.0475
13/04/2002 6:00;1.63
14/04/2002 6:00;0.5625
15/04/2002 6:00;0.067
16/04/2002 6:00;1.9505
17/04/2002 6:00;3.721
18/04/2002 6:00;0.442
19/04/2002 6:00;0
20/04/2002 6:00;0
21/04/2002 6:00;0
22/04/2002 6:00;0.011
23/04/2002 6:00;0.0615
24/04/2002 6:00;0
25/04/2002 6:00;0
26/04/2002 6:00;0.0895
27/04/2002 6:00;0.169
28/04/2002 6:00;0.7775
29/04/2002 6:00;0.61
30/04/2002 6:00;4.6135
01/05/2002 6:00;4.3995
02/05/2002 6:00;8.3255
03/05/2002 6:00;3.196
04/05/2002 6:00;5.1605
05/05/2002 6:00;4.799
06/05/2002 6:00;0.3815
07/05/2002 6:00;1.896
08/05/2002 6:00;0.313
09/05/2002 6:00;1.293
10/05/2002 6:00;3.746
11/05/2002 6:00;3.373
12/05/2002 6:00;25.4835
13/05/2002 6:00;13.278
14/05/2002 6:00;1.944
15/05/2002 6:00;1.3315
16/05/2002 6:00;4.1835
17/05/2002 6:00;4.13
18/05/2002 6:00;0.6365
19/05/2002 6:00;0.0395
20/05/2002 6:00;1.468
21/05/2002 6:00;10.9505
22/05/2002 6:00;5.147
23/05/2002 6:00;3.26
24/05/2002 6:00;2.3845
25/05/2002 6:00;2.6655
26/05/2002 6:00;3.4175
27/05/2002 6:00;2.0065
28/05/2002 6:00;2.9055
29/05/2002 6:00;0.5565
30/05/2002 6:00;0.0015
31/05/2002 6:00;0.003
01/06/2002 6:00;0.0005
02/06/2002 6:00;0.167
03/06/2002 6:00;1.216
04/06/2002 6:00;12.968
05/06/2002 6:00;12.533
06/06/2002 6:00;8.6895
07/06/2002 6:00;5.2215
08/06/2002 6:00;4.327
09/06/2002 6:00;1.712
10/06/2002 6:00;0.345
11/06/2002 6:00;0
12/06/2002 6:00;0
13/06/2002 6:00;0.034
14/06/2002 6:00;0.0845
15/06/2002 6:00;0.0165
16/06/2002 6:00;0
17/06/2002 6:00;0.467
18/06/2002 6:00;0.3075
19/06/2002 6:00;0.093
20/06/2002 6:00;0.2325
21/06/2002 6:00;0.222
22/06/2002 6:00;0.058
23/06/2002 6:00;0.073
24/06/2002 6:00;0.0355
25/06/2002 6:00;0.0795
26/06/2002 6:00;5.3695
27/06/2002 6:00;5.6035
28/06/2002 6:00;0.105
29/06/2002 6:00;0
30/06/2002 6:00;0
01/07/2002 6:00;1.3815
02/07/2002 6:00;1.091
03/07/2002 6:00;0.9655
04/07/2002 6:00;0.4115
05/07/2002 6:00;1.5745
06/07/2002 6:00;0.7595
07/07/2002 6:00;0
08/07/2002 6:00;1.972
09/07/2002 6:00;4.8755
10/07/2002 6:00;1.276
11/07/2002 6:00;0.4965
12/07/2002 6:00;0.577
13/07/2002 6:00;0.902
14/07/2002 6:00;0.6405
15/07/2002 6:00;0.2055
16/07/2002 6:00;0
17/07/2002 6:00;0
18/07/2002 6:00;0
19/07/2002 6:00;0
20/07/2002 6:00;0.0535
21/07/2002 6:00;0.0305
22/07/2002 6:00;0
23/07/2002 6:00;0.022
24/07/2002 6:00;0.252
25/07/2002 6:00;0.215
26/07/2002 6:00;0.5685
27/07/2002 6:00;0.181
28/07/2002 6:00;0.001
29/07/2002 6:00;0.199
30/07/2002 6:00;1.2855
31/07/2002 6:00;0.8235
01/08/2002 6:00;0.226
02/08/2002 6:00;1.4885
03/08/2002 6:00;0.0085
04/08/2002 6:00;0.015
05/08/2002 6:00;0.0515
06/08/2002 6:00;1.457
07/08/2002 6:00;0.7175
08/08/2002 6:00;0.692
09/08/2002 6:00;5.833
10/08/2002 6:00;3.615
11/08/2002 6:00;1.051
12/08/2002 6:00;0.428
13/08/2002 6:00;0
14/08/2002 6:00;0
15/08/2002 6:00;0.008
16/08/2002 6:00;0.001
17/08/2002 6:00;2.822
18/08/2002 6:00;1.7465
19/08/2002 6:00;0.1075
20/08/2002 6:00;0.004
21/08/2002 6:00;0
22/08/2002 6:00;0.0045
23/08/2002 6:00;0
24/08/2002 6:00;0
25/08/2002 6:00;0.0005
26/08/2002 6:00;0.5025
27/08/2002 6:00;0.1515
28/08/2002 6:00;0.0235
29/08/2002 6:00;0
30/08/2002 6:00;0
31/08/2002 6:00;0.0185
01/09/2002 6:00;0.007
02/09/2002 6:00;0
03/09/2002 6:00;0.007
04/09/2002 6:00;1.844
05/09/2002 6:00;1.1435
06/09/2002 6:00;0.3235
07/09/2002 6:00;6.6645
08/09/2002 6:00;3.894
09/09/2002 6:00;0.1285
10/09/2002 6:00;0.0045
11/09/2002 6:00;0
12/09/2002 6:00;0
13/09/2002 6:00;0
14/09/2002 6:00;0.2765
15/09/2002 6:00;1.416
16/09/2002 6:00;7.015
17/09/2002 6:00;10.8825
18/09/2002 6:00;7.7695
19/09/2002 6:00;5.503
20/09/2002 6:00;4.346
21/09/2002 6:00;5.362
22/09/2002 6:00;1.542
23/09/2002 6:00;0.436
24/09/2002 6:00;0.0545
25/09/2002 6:00;0
26/09/2002 6:00;0
27/09/2002 6:00;0.0005
28/09/2002 6:00;0.818
29/09/2002 6:00;0.5245
30/09/2002 6:00;0.3065
01/10/2002 6:00;0.1585
02/10/2002 6:00;0.0025
03/10/2002 6:00;0
04/10/2002 6:00;0.2035
05/10/2002 6:00;0
06/10/2002 6:00;1.694
07/10/2002 6:00;2.2075
08/10/2002 6:00;13.3105
09/10/2002 6:00;11.6525
10/10/2002 6:00;4.8325
11/10/2002 6:00;7.5635
12/10/2002 6:00;11.44
13/10/2002 6:00;21.514
14/10/2002 6:00;18.4665
15/10/2002 6:00;26.4415
16/10/2002 6:00;13.442
17/10/2002 6:00;5.435
18/10/2002 6:00;0.0565
19/10/2002 6:00;2.976
20/10/2002 6:00;21.6825
21/10/2002 6:00;20.037
22/10/2002 6:00;13.297
23/10/2002 6:00;12.0155
24/10/2002 6:00;8.253
25/10/2002 6:00;19.2995
26/10/2002 6:00;11.1565
27/10/2002 6:00;3.782
28/10/2002 6:00;0.1885
29/10/2002 6:00;19.853
30/10/2002 6:00;4.9715
31/10/2002 6:00;1.539
01/11/2002 6:00;2.244
02/11/2002 6:00;16.693
03/11/2002 6:00;3.808
04/11/2002 6:00;1.788
05/11/2002 6:00;3.1835
06/11/2002 6:00;2.1615
07/11/2002 6:00;0.2185
08/11/2002 6:00;1.6255
09/11/2002 6:00;4.3
10/11/2002 6:00;5.109
11/11/2002 6:00;4.521
12/11/2002 6:00;21.342
13/11/2002 6:00;29.855
14/11/2002 6:00;13.904
15/11/2002 6:00;12.236
16/11/2002 6:00;24.153
17/11/2002 6:00;13.599
18/11/2002 6:00;15.761
19/11/2002 6:00;13.623
20/11/2002 6:00;22.17
21/11/2002 6:00;18.843
22/11/2002 6:00;8.8945
23/11/2002 6:00;8.699
24/11/2002 6:00;1.8245
25/11/2002 6:00;0.022
26/11/2002 6:00;1.7465
27/11/2002 6:00;17.18
28/11/2002 6:00;14.5945
29/11/2002 6:00;7.256
30/11/2002 6:00;17.8895
01/12/2002 6:00;21.192
02/12/2002 6:00;1.412
03/12/2002 6:00;2.8645
04/12/2002 6:00;2.0895
05/12/2002 6:00;0.0665
06/12/2002 6:00;0.056
07/12/2002 6:00;0
08/12/2002 6:00;0.0045
09/12/2002 6:00;3.1645
10/12/2002 6:00;16.6625
11/12/2002 6:00;3.832
12/12/2002 6:00;4.9225
13/12/2002 6:00;6.784
14/12/2002 6:00;4.9615
15/12/2002 6:00;3.2395
16/12/2002 6:00;6.316
17/12/2002 6:00;5.5435
18/12/2002 6:00;2.939
19/12/2002 6:00;0.923
20/12/2002 6:00;0.889
21/12/2002 6:00;4.8315
22/12/2002 6:00;8.6005
23/12/2002 6:00;11.716
24/12/2002 6:00;13.9465
25/12/2002 6:00;17.943
26/12/2002 6:00;25.254
27/12/2002 6:00;21.425
28/12/2002 6:00;2.828
29/12/2002 6:00;12.655
30/12/2002 6:00;10.4615
31/12/2002 6:00;18.738
01/01/2003 6:00;10.124
02/01/2003 6:00;5.308
03/01/2003 6:00;9.454
04/01/2003 6:00;7.829
05/01/2003 6:00;15.6775
06/01/2003 6:00;11.1685
07/01/2003 6:00;12.643
08/01/2003 6:00;13.787
09/01/2003 6:00;8.6805
10/01/2003 6:00;1.768
11/01/2003 6:00;1.867
12/01/2003 6:00;0.8015
13/01/2003 6:00;0.087
14/01/2003 6:00;0.1155
15/01/2003 6:00;0.654
16/01/2003 6:00;0.654
17/01/2003 6:00;5.731
18/01/2003 6:00;21.4175
19/01/2003 6:00;28.98
20/01/2003 6:00;16.7635
21/01/2003 6:00;11.479
22/01/2003 6:00;12.7815
23/01/2003 6:00;3.1015
24/01/2003 6:00;0.331
25/01/2003 6:00;0.326
26/01/2003 6:00;0.0615
27/01/2003 6:00;0.6605
28/01/2003 6:00;2.1025
29/01/2003 6:00;5.8795
30/01/2003 6:00;7.1865
31/01/2003 6:00;3.005
01/02/2003 6:00;3.561
02/02/2003 6:00;3.573
03/02/2003 6:00;6.0285
04/02/2003 6:00;6.2915
05/02/2003 6:00;4.4665
06/02/2003 6:00;1.74
07/02/2003 6:00;0.028
08/02/2003 6:00;0.0325
09/02/2003 6:00;0.1545
10/02/2003 6:00;2.724
11/02/2003 6:00;1.3735
12/02/2003 6:00;0.002
13/02/2003 6:00;0.5555
14/02/2003 6:00;1.1485
15/02/2003 6:00;0.2595
16/02/2003 6:00;0
17/02/2003 6:00;1.7835
18/02/2003 6:00;8.4875
19/02/2003 6:00;2.3675
20/02/2003 6:00;0.003
21/02/2003 6:00;1.9685
22/02/2003 6:00;3.332
23/02/2003 6:00;2.2195
24/02/2003 6:00;3.634
25/02/2003 6:00;2.2345
26/02/2003 6:00;4.269
27/02/2003 6:00;5.2665
28/02/2003 6:00;22.0705
01/03/2003 6:00;10.9895
02/03/2003 6:00;10.389
03/03/2003 6:00;4.7115
04/03/2003 6:00;0.8985
05/03/2003 6:00;9.662
06/03/2003 6:00;2.2155
07/03/2003 6:00;1.2365
08/03/2003 6:00;0.1535
09/03/2003 6:00;0
10/03/2003 6:00;0
11/03/2003 6:00;0
12/03/2003 6:00;0.433
13/03/2003 6:00;4.976
14/03/2003 6:00;2.499
15/03/2003 6:00;0.28
16/03/2003 6:00;0
17/03/2003 6:00;0
18/03/2003 6:00;0
19/03/2003 6:00;0
20/03/2003 6:00;0
21/03/2003 6:00;0
22/03/2003 6:00;0.147
23/03/2003 6:00;4.527
24/03/2003 6:00;7.7445
25/03/2003 6:00;5.225
26/03/2003 6:00;3.2915
27/03/2003 6:00;1.7835
28/03/2003 6:00;2.952
29/03/2003 6:00;6.2275
30/03/2003 6:00;1.8545
31/03/2003 6:00;0.004
01/04/2003 6:00;0.4355
02/04/2003 6:00;0.872
03/04/2003 6:00;0.2835
04/04/2003 6:00;0
05/04/2003 6:00;0
06/04/2003 6:00;0
07/04/2003 6:00;0
08/04/2003 6:00;0
09/04/2003 6:00;0.0605
10/04/2003 6:00;5.208
11/04/2003 6:00;4.4875
12/04/2003 6:00;6.6545
13/04/2003 6:00;6.058
14/04/2003 6:00;3.711
15/04/2003 6:00;1.574
16/04/2003 6:00;0.1055
17/04/2003 6:00;7.869
18/04/2003 6:00;16.327
19/04/2003 6:00;21.602
20/04/2003 6:00;6.473
21/04/2003 6:00;0.485
22/04/2003 6:00;5.415
23/04/2003 6:00;7.3835
24/04/2003 6:00;13.0475
25/04/2003 6:00;7.475
26/04/2003 6:00;0.95
27/04/2003 6:00;8.1975
28/04/2003 6:00;16.3565
29/04/2003 6:00;19.967
30/04/2003 6:00;4.1485
01/05/2003 6:00;4.837
02/05/2003 6:00;2.2975
03/05/2003 6:00;0
04/05/2003 6:00;3.055
05/05/2003 6:00;3.95
06/05/2003 6:00;1.3875
07/05/2003 6:00;0.0155
08/05/2003 6:00;0.096
09/05/2003 6:00;0.0775
10/05/2003 6:00;0
11/05/2003 6:00;0
12/05/2003 6:00;0.6
13/05/2003 6:00;0.4065
14/05/2003 6:00;0
15/05/2003 6:00;0.2195
16/05/2003 6:00;0.237
17/05/2003 6:00;1.779
18/05/2003 6:00;9.0625
19/05/2003 6:00;4.632
20/05/2003 6:00;0.057
21/05/2003 6:00;0
22/05/2003 6:00;0
23/05/2003 6:00;4.275
24/05/2003 6:00;2.778
25/05/2003 6:00;0.409
26/05/2003 6:00;0.007
27/05/2003 6:00;0
28/05/2003 6:00;0.0065
29/05/2003 6:00;0.0005
30/05/2003 6:00;0.079
31/05/2003 6:00;0.395
01/06/2003 6:00;6.0295
02/06/2003 6:00;3.1205
03/06/2003 6:00;14.686
04/06/2003 6:00;2.034
05/06/2003 6:00;0.021
06/06/2003 6:00;0.006
07/06/2003 6:00;0.3295
08/06/2003 6:00;0.041
09/06/2003 6:00;1.429
10/06/2003 6:00;0.158
11/06/2003 6:00;0.021
12/06/2003 6:00;0.3055
13/06/2003 6:00;0.396
14/06/2003 6:00;0.1015
15/06/2003 6:00;0.292
16/06/2003 6:00;0.4005
17/06/2003 6:00;0.071
18/06/2003 6:00;0.002
19/06/2003 6:00;0
20/06/2003 6:00;0
21/06/2003 6:00;0.0025
22/06/2003 6:00;0.855
23/06/2003 6:00;0.1635
24/06/2003 6:00;5.5145
25/06/2003 6:00;1.0445
26/06/2003 6:00;0.8075
27/06/2003 6:00;1.2755
28/06/2003 6:00;6.8225
29/06/2003 6:00;14.486
30/06/2003 6:00;9.348
01/07/2003 6:00;1.982
02/07/2003 6:00;1.466
03/07/2003 6:00;0.255
04/07/2003 6:00;0.0005
05/07/2003 6:00;0.0045
06/07/2003 6:00;0.0165
07/07/2003 6:00;0
08/07/2003 6:00;0
09/07/2003 6:00;0
10/07/2003 6:00;0.004
11/07/2003 6:00;0.01
12/07/2003 6:00;0.224
13/07/2003 6:00;0.0395
14/07/2003 6:00;12.153
15/07/2003 6:00;39.549
16/07/2003 6:00;8.56
17/07/2003 6:00;0.205
18/07/2003 6:00;0.0715
19/07/2003 6:00;0.042
20/07/2003 6:00;0
21/07/2003 6:00;0.015
22/07/2003 6:00;0.005
23/07/2003 6:00;0.949
24/07/2003 6:00;0.9975
25/07/2003 6:00;3.2655
26/07/2003 6:00;17.018
27/07/2003 6:00;4.07
28/07/2003 6:00;0
29/07/2003 6:00;0
30/07/2003 6:00;0
31/07/2003 6:00;0.018
01/08/2003 6:00;0
02/08/2003 6:00;0.0215
03/08/2003 6:00;0.1605
04/08/2003 6:00;0.0195
05/08/2003 6:00;0.0065
06/08/2003 6:00;0.02
07/08/2003 6:00;0.0035
08/08/2003 6:00;0.049
09/08/2003 6:00;0.0585
10/08/2003 6:00;0.023
11/08/2003 6:00;0.001
12/08/2003 6:00;0.005
13/08/2003 6:00;0.002
14/08/2003 6:00;0.1305
15/08/2003 6:00;1.2405
16/08/2003 6:00;0.366
17/08/2003 6:00;0.0015
18/08/2003 6:00;0
19/08/2003 6:00;0.0035
20/08/2003 6:00;0.0155
21/08/2003 6:00;0.001
22/08/2003 6:00;0
23/08/2003 6:00;0
24/08/2003 6:00;2.724
25/08/2003 6:00;0.778
26/08/2003 6:00;5.2325
27/08/2003 6:00;6.796
28/08/2003 6:00;16.5955
29/08/2003 6:00;10.4555
30/08/2003 6:00;0.069
31/08/2003 6:00;0.655
01/09/2003 6:00;0.0135
02/09/2003 6:00;0.0035
03/09/2003 6:00;0.012
04/09/2003 6:00;0
05/09/2003 6:00;0.2345
06/09/2003 6:00;0.0995
07/09/2003 6:00;1.229
08/09/2003 6:00;6.67
09/09/2003 6:00;1.3745
10/09/2003 6:00;0
11/09/2003 6:00;0
12/09/2003 6:00;0
13/09/2003 6:00;0
14/09/2003 6:00;0
15/09/2003 6:00;0
16/09/2003 6:00;0.008
17/09/2003 6:00;0
18/09/2003 6:00;0
19/09/2003 6:00;0
20/09/2003 6:00;2.1115
21/09/2003 6:00;3.6955
22/09/2003 6:00;1.983
23/09/2003 6:00;0.723
24/09/2003 6:00;0.004
25/09/2003 6:00;0
26/09/2003 6:00;0.1535
27/09/2003 6:00;0.0615
28/09/2003 6:00;0.1265
29/09/2003 6:00;6.419
30/09/2003 6:00;5.0755
01/10/2003 6:00;5.6465
02/10/2003 6:00;10.6165
03/10/2003 6:00;5.027
04/10/2003 6:00;1.7185
05/10/2003 6:00;0.632
06/10/2003 6:00;0.0165
07/10/2003 6:00;0.133
08/10/2003 6:00;0.051
09/10/2003 6:00;0
10/10/2003 6:00;0.0015
11/10/2003 6:00;5.566
12/10/2003 6:00;1.9825
13/10/2003 6:00;0.046
14/10/2003 6:00;0.2145
15/10/2003 6:00;0.3445
16/10/2003 6:00;0.0845
17/10/2003 6:00;0.0195
18/10/2003 6:00;10.428
19/10/2003 6:00;9.581
20/10/2003 6:00;2.357
21/10/2003 6:00;0.6995
22/10/2003 6:00;5.1695
23/10/2003 6:00;6.05
24/10/2003 6:00;0.415
25/10/2003 6:00;1.0615
26/10/2003 6:00;12.1585
27/10/2003 6:00;10.9995
28/10/2003 6:00;15.1265
29/10/2003 6:00;7.391
30/10/2003 6:00;23.1785
31/10/2003 6:00;19.5645
01/11/2003 6:00;10.674
02/11/2003 6:00;19.037
03/11/2003 6:00;8.4865
04/11/2003 6:00;0.1555
05/11/2003 6:00;2.6645
06/11/2003 6:00;1.3955
07/11/2003 6:00;6.133
08/11/2003 6:00;8.2955
09/11/2003 6:00;12.786
10/11/2003 6:00;3.442
11/11/2003 6:00;3.3595
12/11/2003 6:00;1.1045
13/11/2003 6:00;9.1215
14/11/2003 6:00;17.7995
15/11/2003 6:00;23.8405
16/11/2003 6:00;6.6085
17/11/2003 6:00;1.5375
18/11/2003 6:00;0
19/11/2003 6:00;0.0055
20/11/2003 6:00;0.1085
21/11/2003 6:00;24.597
22/11/2003 6:00;42.2115
23/11/2003 6:00;26.223
24/11/2003 6:00;1.167
25/11/2003 6:00;6.9035
26/11/2003 6:00;11.0945
27/11/2003 6:00;5.564
28/11/2003 6:00;4.714
29/11/2003 6:00;29.1535
30/11/2003 6:00;26.558
01/12/2003 6:00;25.1105
02/12/2003 6:00;10.0015
03/12/2003 6:00;17.5185
04/12/2003 6:00;22.323
05/12/2003 6:00;2.3985
06/12/2003 6:00;4.0065
07/12/2003 6:00;10.2905
08/12/2003 6:00;9.692
09/12/2003 6:00;6.9215
10/12/2003 6:00;1.755
11/12/2003 6:00;0.662
12/12/2003 6:00;0.9875
13/12/2003 6:00;1.05
14/12/2003 6:00;1.5935
15/12/2003 6:00;0.7105
16/12/2003 6:00;0.044
17/12/2003 6:00;0.6325
18/12/2003 6:00;2.294
19/12/2003 6:00;3.4715
20/12/2003 6:00;0.177
21/12/2003 6:00;0.841
22/12/2003 6:00;0.5025
23/12/2003 6:00;0
24/12/2003 6:00;0
25/12/2003 6:00;0
26/12/2003 6:00;1.5755
27/12/2003 6:00;13.1475
28/12/2003 6:00;13.5195
29/12/2003 6:00;11.264
30/12/2003 6:00;9.693
31/12/2003 6:00;11.7095
01/01/2004 6:00;7.4865
02/01/2004 6:00;0.6455
03/01/2004 6:00;3.8035
04/01/2004 6:00;1.66
05/01/2004 6:00;0.163
06/01/2004 6:00;0.203
07/01/2004 6:00;6.6675
08/01/2004 6:00;6.572
09/01/2004 6:00;1.8985
10/01/2004 6:00;5.297
11/01/2004 6:00;3.01
12/01/2004 6:00;4.2225
13/01/2004 6:00;10.1265
14/01/2004 6:00;2.568
15/01/2004 6:00;2.064
16/01/2004 6:00;6.398
17/01/2004 6:00;4.1745
18/01/2004 6:00;0.138
19/01/2004 6:00;0.0135
20/01/2004 6:00;0
21/01/2004 6:00;0.5295
22/01/2004 6:00;0.8155
23/01/2004 6:00;4.1995
24/01/2004 6:00;2.9425
25/01/2004 6:00;13.256
26/01/2004 6:00;12.21
27/01/2004 6:00;2.3335
28/01/2004 6:00;0.107
29/01/2004 6:00;0.7385
30/01/2004 6:00;12.622
31/01/2004 6:00;1.137
01/02/2004 6:00;0.0275
02/02/2004 6:00;0.0425
03/02/2004 6:00;0.0005
04/02/2004 6:00;0
05/02/2004 6:00;0
06/02/2004 6:00;1.12
07/02/2004 6:00;0.0635
08/02/2004 6:00;0
09/02/2004 6:00;0
10/02/2004 6:00;0
11/02/2004 6:00;0
12/02/2004 6:00;0
13/02/2004 6:00;0.007
14/02/2004 6:00;0
15/02/2004 6:00;0
16/02/2004 6:00;0
17/02/2004 6:00;0
18/02/2004 6:00;0
19/02/2004 6:00;0.024
20/02/2004 6:00;0.015
21/02/2004 6:00;0.002
22/02/2004 6:00;0.1785
23/02/2004 6:00;1.219
24/02/2004 6:00;0.003
25/02/2004 6:00;0.0295
26/02/2004 6:00;4.268
27/02/2004 6:00;5.5325
28/02/2004 6:00;6.044
29/02/2004 6:00;0.9675
01/03/2004 6:00;0.0015
02/03/2004 6:00;0.214
03/03/2004 6:00;4.0505
04/03/2004 6:00;0.774
05/03/2004 6:00;7.034
06/03/2004 6:00;0.361
07/03/2004 6:00;0.01
08/03/2004 6:00;1.5445
09/03/2004 6:00;1.6405
10/03/2004 6:00;1.483
11/03/2004 6:00;4.1575
12/03/2004 6:00;1.7335
13/03/2004 6:00;0.06
14/03/2004 6:00;0
15/03/2004 6:00;0
16/03/2004 6:00;0.0205
17/03/2004 6:00;0.8485
18/03/2004 6:00;0.2055
19/03/2004 6:00;0.179
20/03/2004 6:00;1.195
21/03/2004 6:00;2.34
22/03/2004 6:00;3.1705
23/03/2004 6:00;13.201
24/03/2004 6:00;1.092
25/03/2004 6:00;0.235
26/03/2004 6:00;0.05
27/03/2004 6:00;0.0085
28/03/2004 6:00;0.7095
29/03/2004 6:00;0.9015
30/03/2004 6:00;2.533
31/03/2004 6:00;17.8275
01/04/2004 6:00;15.806
02/04/2004 6:00;5.5885
03/04/2004 6:00;0.1805
04/04/2004 6:00;0.0265
05/04/2004 6:00;0.2465
06/04/2004 6:00;0.1055
07/04/2004 6:00;0.0755
08/04/2004 6:00;0.2535
09/04/2004 6:00;0.8615
10/04/2004 6:00;0.0075
11/04/2004 6:00;0
12/04/2004 6:00;0.0005
13/04/2004 6:00;0
14/04/2004 6:00;0
15/04/2004 6:00;0.1825
16/04/2004 6:00;1.0635
17/04/2004 6:00;7.5
18/04/2004 6:00;9.2865
19/04/2004 6:00;18.325
20/04/2004 6:00;14.6855
21/04/2004 6:00;4.9675
22/04/2004 6:00;0.421
23/04/2004 6:00;0
24/04/2004 6:00;0
25/04/2004 6:00;0
26/04/2004 6:00;0
27/04/2004 6:00;0.02
28/04/2004 6:00;2.6825
29/04/2004 6:00;5.265
30/04/2004 6:00;3.5825
01/05/2004 6:00;0.2755
02/05/2004 6:00;1.9795
03/05/2004 6:00;0.071
04/05/2004 6:00;8.245
05/05/2004 6:00;11.721
06/05/2004 6:00;3.2305
07/05/2004 6:00;2.5335
08/05/2004 6:00;7.917
09/05/2004 6:00;9.43
10/05/2004 6:00;0.2755
11/05/2004 6:00;0.0255
12/05/2004 6:00;0.0015
13/05/2004 6:00;0.003
14/05/2004 6:00;0
15/05/2004 6:00;0
16/05/2004 6:00;0
17/05/2004 6:00;0
18/05/2004 6:00;0.006
19/05/2004 6:00;0.483
20/05/2004 6:00;0.4345
21/05/2004 6:00;0
22/05/2004 6:00;0.02
23/05/2004 6:00;0.0295
24/05/2004 6:00;1.7415
25/05/2004 6:00;0.962
26/05/2004 6:00;0.0865
27/05/2004 6:00;0.316
28/05/2004 6:00;0.8955
29/05/2004 6:00;1.6575
30/05/2004 6:00;0.007
31/05/2004 6:00;0.7795
01/06/2004 6:00;0.234
02/06/2004 6:00;0.011
03/06/2004 6:00;0
04/06/2004 6:00;0
05/06/2004 6:00;0.057
06/06/2004 6:00;0.1125
07/06/2004 6:00;0.004
08/06/2004 6:00;0.018
09/06/2004 6:00;0.019
10/06/2004 6:00;0.002
11/06/2004 6:00;0.0005
12/06/2004 6:00;0.008
13/06/2004 6:00;0.0005
14/06/2004 6:00;0
15/06/2004 6:00;0
16/06/2004 6:00;0
17/06/2004 6:00;0
18/06/2004 6:00;0.0325
19/06/2004 6:00;0.101
20/06/2004 6:00;12.5735
21/06/2004 6:00;2.599
22/06/2004 6:00;3.745
23/06/2004 6:00;6.2085
24/06/2004 6:00;0.6395
25/06/2004 6:00;0.009
26/06/2004 6:00;0.365
27/06/2004 6:00;0.158
28/06/2004 6:00;0
29/06/2004 6:00;0.0215
30/06/2004 6:00;0
01/07/2004 6:00;0
02/07/2004 6:00;0
03/07/2004 6:00;0
04/07/2004 6:00;0.064
05/07/2004 6:00;0.088
06/07/2004 6:00;1.217
07/07/2004 6:00;8.5225
08/07/2004 6:00;1.9865
09/07/2004 6:00;0.402
10/07/2004 6:00;0.2935
11/07/2004 6:00;0.0215
12/07/2004 6:00;0.0005
13/07/2004 6:00;0
14/07/2004 6:00;0
15/07/2004 6:00;0
16/07/2004 6:00;0.0095
17/07/2004 6:00;0.0485
18/07/2004 6:00;2.2085
19/07/2004 6:00;2.8265
20/07/2004 6:00;2.129
21/07/2004 6:00;0.1455
22/07/2004 6:00;0.0645
23/07/2004 6:00;0
24/07/2004 6:00;0
25/07/2004 6:00;0
26/07/2004 6:00;0
27/07/2004 6:00;0.0045
28/07/2004 6:00;0
29/07/2004 6:00;0.012
30/07/2004 6:00;0
31/07/2004 6:00;0
01/08/2004 6:00;0.008
02/08/2004 6:00;0.181
03/08/2004 6:00;5.46
04/08/2004 6:00;0.8865
05/08/2004 6:00;0.998
06/08/2004 6:00;0.0055
07/08/2004 6:00;3.302
08/08/2004 6:00;13.428
09/08/2004 6:00;5.0705
10/08/2004 6:00;9.8085
11/08/2004 6:00;9.1115
12/08/2004 6:00;3.2275
13/08/2004 6:00;0.2445
14/08/2004 6:00;0.1385
15/08/2004 6:00;0.8565
16/08/2004 6:00;5.913
17/08/2004 6:00;7.4005
18/08/2004 6:00;6.833
19/08/2004 6:00;3.7525
20/08/2004 6:00;2.266
21/08/2004 6:00;0.171
22/08/2004 6:00;0.396
23/08/2004 6:00;0.1175
24/08/2004 6:00;0.571
25/08/2004 6:00;0.1795
26/08/2004 6:00;0.0025
27/08/2004 6:00;0.0305
28/08/2004 6:00;0.0385
29/08/2004 6:00;0.548
30/08/2004 6:00;0.0135
31/08/2004 6:00;0
01/09/2004 6:00;0.33
02/09/2004 6:00;0.1645
03/09/2004 6:00;0.276
04/09/2004 6:00;2.078
05/09/2004 6:00;1.0595
06/09/2004 6:00;0.4265
07/09/2004 6:00;6.479
08/09/2004 6:00;4.299
09/09/2004 6:00;1.723
10/09/2004 6:00;0.2235
11/09/2004 6:00;0.0555
12/09/2004 6:00;0.016
13/09/2004 6:00;8.1075
14/09/2004 6:00;2.2595
15/09/2004 6:00;1.4835
16/09/2004 6:00;0
17/09/2004 6:00;0.0465
18/09/2004 6:00;0.3195
19/09/2004 6:00;0.241
20/09/2004 6:00;0.0085
21/09/2004 6:00;0
22/09/2004 6:00;0.0015
23/09/2004 6:00;0.0005
24/09/2004 6:00;0.0095
25/09/2004 6:00;0.0005
26/09/2004 6:00;0
27/09/2004 6:00;0
28/09/2004 6:00;0
29/09/2004 6:00;0.6995
30/09/2004 6:00;0.6135
01/10/2004 6:00;0.237
02/10/2004 6:00;0
03/10/2004 6:00;0.011
04/10/2004 6:00;4.443
05/10/2004 6:00;3.5265
06/10/2004 6:00;0.103
07/10/2004 6:00;1.498
08/10/2004 6:00;16.777
09/10/2004 6:00;39.0675
10/10/2004 6:00;9.469
11/10/2004 6:00;4.024
12/10/2004 6:00;0.671
13/10/2004 6:00;7.193
14/10/2004 6:00;4.992
15/10/2004 6:00;9.123
16/10/2004 6:00;12.5795
17/10/2004 6:00;2.623
18/10/2004 6:00;3.013
19/10/2004 6:00;20.9915
20/10/2004 6:00;28.792
21/10/2004 6:00;0.5735
22/10/2004 6:00;0.1325
23/10/2004 6:00;43.807
24/10/2004 6:00;8.1785
25/10/2004 6:00;1.446
26/10/2004 6:00;5.9875
27/10/2004 6:00;15.492
28/10/2004 6:00;8.969
29/10/2004 6:00;14.2185
30/10/2004 6:00;19.423
31/10/2004 6:00;3.0435
01/11/2004 6:00;0.0055
02/11/2004 6:00;8.6715
03/11/2004 6:00;22.9725
04/11/2004 6:00;0.858
05/11/2004 6:00;0.022
06/11/2004 6:00;0.008
07/11/2004 6:00;0
08/11/2004 6:00;0.183
09/11/2004 6:00;1.021
10/11/2004 6:00;1.2455
11/11/2004 6:00;1.022
12/11/2004 6:00;0.2475
13/11/2004 6:00;0.124
14/11/2004 6:00;0.028
15/11/2004 6:00;0
16/11/2004 6:00;0
17/11/2004 6:00;0
18/11/2004 6:00;0.0925
19/11/2004 6:00;0.99
20/11/2004 6:00;0.018
21/11/2004 6:00;0.041
22/11/2004 6:00;0.031
23/11/2004 6:00;0.017
24/11/2004 6:00;0.0035
25/11/2004 6:00;0.099
26/11/2004 6:00;0.033
27/11/2004 6:00;0.226
28/11/2004 6:00;0.801
29/11/2004 6:00;5.208
30/11/2004 6:00;16.971
01/12/2004 6:00;8.18
02/12/2004 6:00;2.206
03/12/2004 6:00;0.216
04/12/2004 6:00;0.013
05/12/2004 6:00;0
06/12/2004 6:00;0
07/12/2004 6:00;0
08/12/2004 6:00;0.003
09/12/2004 6:00;0.025
10/12/2004 6:00;0.0245
11/12/2004 6:00;0
12/12/2004 6:00;0
13/12/2004 6:00;0.4185
14/12/2004 6:00;0.029
15/12/2004 6:00;0.2285
16/12/2004 6:00;0.374
17/12/2004 6:00;4.075
18/12/2004 6:00;6.532
19/12/2004 6:00;3.165
20/12/2004 6:00;3.467
21/12/2004 6:00;3.945
22/12/2004 6:00;0.761
23/12/2004 6:00;0.079
24/12/2004 6:00;5.1025
25/12/2004 6:00;9.4515
26/12/2004 6:00;11.0595
27/12/2004 6:00;6.7785
28/12/2004 6:00;9.9735
29/12/2004 6:00;2.7965
30/12/2004 6:00;0.0265
31/12/2004 6:00;0.223
01/01/2005 6:00;2.3145
02/01/2005 6:00;0.4435
03/01/2005 6:00;0.025
04/01/2005 6:00;0.132
05/01/2005 6:00;0.022
06/01/2005 6:00;0.047
07/01/2005 6:00;0.025
08/01/2005 6:00;0.0075
09/01/2005 6:00;0
10/01/2005 6:00;0.471
11/01/2005 6:00;12.0515
12/01/2005 6:00;11.365
13/01/2005 6:00;12.8585
14/01/2005 6:00;1.9945
15/01/2005 6:00;0.3135
16/01/2005 6:00;0.1185
17/01/2005 6:00;0.516
18/01/2005 6:00;1.6265
19/01/2005 6:00;1.637
20/01/2005 6:00;0.094
21/01/2005 6:00;0
22/01/2005 6:00;0.0045
23/01/2005 6:00;0.024
24/01/2005 6:00;0
25/01/2005 6:00;1.2975
26/01/2005 6:00;0.0125
27/01/2005 6:00;1.009
28/01/2005 6:00;4.251
29/01/2005 6:00;2.0615
30/01/2005 6:00;0.018
31/01/2005 6:00;0
01/02/2005 6:00;0.031
02/02/2005 6:00;0.012
03/02/2005 6:00;0.0775
04/02/2005 6:00;0.0215
05/02/2005 6:00;7.81
06/02/2005 6:00;1.292
07/02/2005 6:00;0.012
08/02/2005 6:00;0.016
09/02/2005 6:00;0.03
10/02/2005 6:00;0.136
11/02/2005 6:00;0.2175
12/02/2005 6:00;1.998
13/02/2005 6:00;1.466
14/02/2005 6:00;0.798
15/02/2005 6:00;0.943
16/02/2005 6:00;0.02
17/02/2005 6:00;0
18/02/2005 6:00;0.003
19/02/2005 6:00;1.0385
20/02/2005 6:00;4.99
21/02/2005 6:00;5.5505
22/02/2005 6:00;2.718
23/02/2005 6:00;0.0335
24/02/2005 6:00;0.56
25/02/2005 6:00;6.9145
26/02/2005 6:00;3.7625
27/02/2005 6:00;0.102
28/02/2005 6:00;0.0125
01/03/2005 6:00;0.068
02/03/2005 6:00;5.7535
03/03/2005 6:00;3.053
04/03/2005 6:00;2.101
05/03/2005 6:00;5.146
06/03/2005 6:00;1.3465
07/03/2005 6:00;0.009
08/03/2005 6:00;0
09/03/2005 6:00;0
10/03/2005 6:00;0
11/03/2005 6:00;0.0005
12/03/2005 6:00;0.0015
13/03/2005 6:00;0.055
14/03/2005 6:00;0.035
15/03/2005 6:00;0
16/03/2005 6:00;0.083
17/03/2005 6:00;0.001
18/03/2005 6:00;0
19/03/2005 6:00;0.903
20/03/2005 6:00;10.031
21/03/2005 6:00;9.5835
22/03/2005 6:00;4.7335
23/03/2005 6:00;5.6735
24/03/2005 6:00;2.5325
25/03/2005 6:00;13.454
26/03/2005 6:00;14.438
27/03/2005 6:00;2.8385
28/03/2005 6:00;3.1795
29/03/2005 6:00;1.0095
30/03/2005 6:00;1.068
31/03/2005 6:00;0.021
01/04/2005 6:00;9.852
02/04/2005 6:00;1.731
03/04/2005 6:00;0.2965
04/04/2005 6:00;0.136
05/04/2005 6:00;0.0635
06/04/2005 6:00;0.0325
07/04/2005 6:00;0.1935
08/04/2005 6:00;0.126
09/04/2005 6:00;0.0165
10/04/2005 6:00;0.005
11/04/2005 6:00;0
12/04/2005 6:00;0
13/04/2005 6:00;8.037
14/04/2005 6:00;10.7145
15/04/2005 6:00;10.0795
16/04/2005 6:00;6.24
17/04/2005 6:00;10.2235
18/04/2005 6:00;9.67
19/04/2005 6:00;5.17
20/04/2005 6:00;13.71
21/04/2005 6:00;5.4845
22/04/2005 6:00;7.905
23/04/2005 6:00;5.9015
24/04/2005 6:00;3.3435
25/04/2005 6:00;2.6905
26/04/2005 6:00;2.9195
27/04/2005 6:00;0.1035
28/04/2005 6:00;0.0025
29/04/2005 6:00;0.001
30/04/2005 6:00;1.697
01/05/2005 6:00;2.97
02/05/2005 6:00;8.8235
03/05/2005 6:00;4.063
04/05/2005 6:00;1.093
05/05/2005 6:00;0.027
06/05/2005 6:00;0
07/05/2005 6:00;0
08/05/2005 6:00;0.162
09/05/2005 6:00;5.015
10/05/2005 6:00;8.3735
11/05/2005 6:00;1.4225
12/05/2005 6:00;4.646
13/05/2005 6:00;9.6685
14/05/2005 6:00;13.3305
15/05/2005 6:00;17.2205
16/05/2005 6:00;7.642
17/05/2005 6:00;0.06
18/05/2005 6:00;0
19/05/2005 6:00;0.1785
20/05/2005 6:00;0.3385
21/05/2005 6:00;1.039
22/05/2005 6:00;0.744
23/05/2005 6:00;0.027
24/05/2005 6:00;0
25/05/2005 6:00;0
26/05/2005 6:00;0.0425
27/05/2005 6:00;0.1655
28/05/2005 6:00;0.2695
29/05/2005 6:00;0.1085
30/05/2005 6:00;0.006
31/05/2005 6:00;0
01/06/2005 6:00;0.011
02/06/2005 6:00;0
03/06/2005 6:00;0.012
04/06/2005 6:00;0
05/06/2005 6:00;0
06/06/2005 6:00;0
07/06/2005 6:00;0.0045
08/06/2005 6:00;0.0045
09/06/2005 6:00;0
10/06/2005 6:00;0.001
11/06/2005 6:00;0.005
12/06/2005 6:00;12.501
13/06/2005 6:00;7.729
14/06/2005 6:00;0.485
15/06/2005 6:00;0.4375
16/06/2005 6:00;0.09
17/06/2005 6:00;0
18/06/2005 6:00;0
19/06/2005 6:00;0.002
20/06/2005 6:00;0.075
21/06/2005 6:00;0.0215
22/06/2005 6:00;0
23/06/2005 6:00;0.0085
24/06/2005 6:00;0.6125
25/06/2005 6:00;4.932
26/06/2005 6:00;1.9165
27/06/2005 6:00;5.5505
28/06/2005 6:00;2.827
29/06/2005 6:00;2.3175
30/06/2005 6:00;0.207
01/07/2005 6:00;0
02/07/2005 6:00;0
03/07/2005 6:00;2.1165
04/07/2005 6:00;0.917
05/07/2005 6:00;1.1925
06/07/2005 6:00;0.6745
07/07/2005 6:00;0.048
08/07/2005 6:00;0.004
09/07/2005 6:00;0
10/07/2005 6:00;0
11/07/2005 6:00;0
12/07/2005 6:00;0
13/07/2005 6:00;0
14/07/2005 6:00;0.005
15/07/2005 6:00;0
16/07/2005 6:00;0
17/07/2005 6:00;2.2115
18/07/2005 6:00;0.8475
19/07/2005 6:00;0
20/07/2005 6:00;0
21/07/2005 6:00;0
22/07/2005 6:00;0
23/07/2005 6:00;1.4295
24/07/2005 6:00;0.5995
25/07/2005 6:00;1.4845
26/07/2005 6:00;4.3655
27/07/2005 6:00;6.372
28/07/2005 6:00;6.893
29/07/2005 6:00;0.7445
30/07/2005 6:00;0.1455
31/07/2005 6:00;0
01/08/2005 6:00;0
02/08/2005 6:00;0
03/08/2005 6:00;0.0065
04/08/2005 6:00;0
05/08/2005 6:00;0
06/08/2005 6:00;0
07/08/2005 6:00;0.0585
08/08/2005 6:00;0.089
09/08/2005 6:00;5.5995
10/08/2005 6:00;0.951
11/08/2005 6:00;0.039
12/08/2005 6:00;0.006
13/08/2005 6:00;0
14/08/2005 6:00;0
15/08/2005 6:00;0
16/08/2005 6:00;0.0385
17/08/2005 6:00;0
18/08/2005 6:00;0.1675
19/08/2005 6:00;0.0785
20/08/2005 6:00;0.0315
21/08/2005 6:00;0
22/08/2005 6:00;0.4155
23/08/2005 6:00;0.037
24/08/2005 6:00;1.1395
25/08/2005 6:00;2.897
26/08/2005 6:00;0.0495
27/08/2005 6:00;1.233
28/08/2005 6:00;0.2115
29/08/2005 6:00;0.015
30/08/2005 6:00;0
31/08/2005 6:00;0.0455
01/09/2005 6:00;0.002
02/09/2005 6:00;0
03/09/2005 6:00;0.005
04/09/2005 6:00;2.46
05/09/2005 6:00;0.9915
06/09/2005 6:00;12.5955
07/09/2005 6:00;2.124
08/09/2005 6:00;1.783
09/09/2005 6:00;9.495
10/09/2005 6:00;10.332
11/09/2005 6:00;2.496
12/09/2005 6:00;0.0355
13/09/2005 6:00;0.0005
14/09/2005 6:00;0
15/09/2005 6:00;0.0395
16/09/2005 6:00;3.253
17/09/2005 6:00;0.2835
18/09/2005 6:00;0
19/09/2005 6:00;0
20/09/2005 6:00;0
21/09/2005 6:00;0.005
22/09/2005 6:00;0.0775
23/09/2005 6:00;1.5875
24/09/2005 6:00;1.8705
25/09/2005 6:00;0.367
26/09/2005 6:00;0.052
27/09/2005 6:00;1.798
28/09/2005 6:00;0.057
29/09/2005 6:00;0
30/09/2005 6:00;0.008
01/10/2005 6:00;0.952
02/10/2005 6:00;0.025
03/10/2005 6:00;0
04/10/2005 6:00;0
05/10/2005 6:00;0
06/10/2005 6:00;0
07/10/2005 6:00;0.0085
08/10/2005 6:00;0
09/10/2005 6:00;2.9025
10/10/2005 6:00;21.83
11/10/2005 6:00;13.182
12/10/2005 6:00;7.3465
13/10/2005 6:00;3.794
14/10/2005 6:00;3.8935
15/10/2005 6:00;0.5265
16/10/2005 6:00;6.2385
17/10/2005 6:00;1.015
18/10/2005 6:00;13.434
19/10/2005 6:00;52.364
20/10/2005 6:00;6.4465
21/10/2005 6:00;6.0785
22/10/2005 6:00;2.008
23/10/2005 6:00;0.27
24/10/2005 6:00;2.7575
25/10/2005 6:00;3.95
26/10/2005 6:00;0.7175
27/10/2005 6:00;12.0585
28/10/2005 6:00;6.339
29/10/2005 6:00;29.899
30/10/2005 6:00;13.0295
31/10/2005 6:00;14.2835
01/11/2005 6:00;27.3465
02/11/2005 6:00;25.0375
03/11/2005 6:00;9.92
04/11/2005 6:00;2.713
05/11/2005 6:00;0.204
06/11/2005 6:00;4.255
07/11/2005 6:00;2.2235
08/11/2005 6:00;23.6955
09/11/2005 6:00;2.5745
10/11/2005 6:00;0.1875
11/11/2005 6:00;4.2815
12/11/2005 6:00;14.1875
13/11/2005 6:00;15.4115
14/11/2005 6:00;1.917
15/11/2005 6:00;0.788
16/11/2005 6:00;0.413
17/11/2005 6:00;0.2945
18/11/2005 6:00;0.0115
19/11/2005 6:00;2.1575
20/11/2005 6:00;0.9955
21/11/2005 6:00;0.1075
22/11/2005 6:00;0
23/11/2005 6:00;0.0345
24/11/2005 6:00;2.1095
25/11/2005 6:00;14.7135
26/11/2005 6:00;16.3975
27/11/2005 6:00;8.1805
28/11/2005 6:00;5.1475
29/11/2005 6:00;3.268
30/11/2005 6:00;3.59
01/12/2005 6:00;41.991
02/12/2005 6:00;10.7525
03/12/2005 6:00;4.079
04/12/2005 6:00;9.5875
05/12/2005 6:00;1.3245
06/12/2005 6:00;7.461
07/12/2005 6:00;1.7915
08/12/2005 6:00;2.9735
09/12/2005 6:00;0.124
10/12/2005 6:00;0.009
11/12/2005 6:00;0.0025
12/12/2005 6:00;0.0745
13/12/2005 6:00;0.0235
14/12/2005 6:00;0.0455
15/12/2005 6:00;0
16/12/2005 6:00;0.0845
17/12/2005 6:00;0.172
18/12/2005 6:00;0.0225
19/12/2005 6:00;0.0175
20/12/2005 6:00;0.0175
21/12/2005 6:00;0.0045
22/12/2005 6:00;0
23/12/2005 6:00;0
24/12/2005 6:00;0.0545
25/12/2005 6:00;0.1385
26/12/2005 6:00;4.516
27/12/2005 6:00;3.2175
28/12/2005 6:00;4.1795
29/12/2005 6:00;13.038
30/12/2005 6:00;11.9615
31/12/2005 6:00;15.5825
01/01/2006 6:00;4.935
02/01/2006 6:00;3.28
03/01/2006 6:00;0.97
04/01/2006 6:00;1.245
05/01/2006 6:00;16
06/01/2006 6:00;8.105
07/01/2006 6:00;0.975
08/01/2006 6:00;0
09/01/2006 6:00;0
10/01/2006 6:00;0.06
11/01/2006 6:00;0
12/01/2006 6:00;0
13/01/2006 6:00;11.02
14/01/2006 6:00;6.47
15/01/2006 6:00;19.205
16/01/2006 6:00;9.49
17/01/2006 6:00;6.86
18/01/2006 6:00;3.655
19/01/2006 6:00;0.405
20/01/2006 6:00;0.025
21/01/2006 6:00;0.04
22/01/2006 6:00;0.1
23/01/2006 6:00;0.005
24/01/2006 6:00;0
25/01/2006 6:00;0
26/01/2006 6:00;0
27/01/2006 6:00;0.925
28/01/2006 6:00;11.17
29/01/2006 6:00;1.525
30/01/2006 6:00;0.05
31/01/2006 6:00;0
01/02/2006 6:00;0
02/02/2006 6:00;0
03/02/2006 6:00;0
04/02/2006 6:00;0
05/02/2006 6:00;0
06/02/2006 6:00;0
07/02/2006 6:00;0
08/02/2006 6:00;0
09/02/2006 6:00;0
10/02/2006 6:00;0
11/02/2006 6:00;0
12/02/2006 6:00;0
13/02/2006 6:00;1.105
14/02/2006 6:00;0.17
15/02/2006 6:00;12.41
16/02/2006 6:00;11.905
17/02/2006 6:00;33
18/02/2006 6:00;41.89
19/02/2006 6:00;16.145
20/02/2006 6:00;21.63
21/02/2006 6:00;9.285
22/02/2006 6:00;0.75
23/02/2006 6:00;0.015
24/02/2006 6:00;16.935
25/02/2006 6:00;6.49
26/02/2006 6:00;0.945
27/02/2006 6:00;0.665
28/02/2006 6:00;0.04
01/03/2006 6:00;0.28
02/03/2006 6:00;2.05
03/03/2006 6:00;4.28
04/03/2006 6:00;20.295
05/03/2006 6:00;2.985
06/03/2006 6:00;2.3
07/03/2006 6:00;3.025
08/03/2006 6:00;8.875
09/03/2006 6:00;4.475
10/03/2006 6:00;1.48
11/03/2006 6:00;1.065
12/03/2006 6:00;0.11
13/03/2006 6:00;0
14/03/2006 6:00;0
15/03/2006 6:00;0.04
16/03/2006 6:00;2.485
17/03/2006 6:00;13.81
18/03/2006 6:00;19.125
19/03/2006 6:00;31.035
20/03/2006 6:00;11.605
21/03/2006 6:00;3.05
22/03/2006 6:00;18.845
23/03/2006 6:00;36.415
24/03/2006 6:00;5.35
25/03/2006 6:00;10.625
26/03/2006 6:00;7.325
27/03/2006 6:00;5.85
28/03/2006 6:00;3.575
29/03/2006 6:00;6.535
30/03/2006 6:00;7.545
31/03/2006 6:00;2.6
01/04/2006 6:00;1.555
02/04/2006 6:00;0
03/04/2006 6:00;0
04/04/2006 6:00;11.905
05/04/2006 6:00;8.32
06/04/2006 6:00;0.29
07/04/2006 6:00;0.03
08/04/2006 6:00;0.04
09/04/2006 6:00;0.03
10/04/2006 6:00;0.005
11/04/2006 6:00;0
12/04/2006 6:00;0
13/04/2006 6:00;0
14/04/2006 6:00;1.32
15/04/2006 6:00;5.435
16/04/2006 6:00;7.245
17/04/2006 6:00;0.835
18/04/2006 6:00;0
19/04/2006 6:00;1.56
20/04/2006 6:00;17.82
21/04/2006 6:00;16.095
22/04/2006 6:00;0.97
23/04/2006 6:00;0
24/04/2006 6:00;0
25/04/2006 6:00;0
26/04/2006 6:00;0
27/04/2006 6:00;0.025
28/04/2006 6:00;0
29/04/2006 6:00;0
30/04/2006 6:00;0
01/05/2006 6:00;0
02/05/2006 6:00;0.015
03/05/2006 6:00;0.005
04/05/2006 6:00;0.2
05/05/2006 6:00;0.025
06/05/2006 6:00;0.045
07/05/2006 6:00;2.23
08/05/2006 6:00;0.7
09/05/2006 6:00;0
10/05/2006 6:00;0
11/05/2006 6:00;0.08
12/05/2006 6:00;0.07
13/05/2006 6:00;0
14/05/2006 6:00;0.28
15/05/2006 6:00;1.72
16/05/2006 6:00;0.15
17/05/2006 6:00;3.665
18/05/2006 6:00;0.56
19/05/2006 6:00;6.28
20/05/2006 6:00;5.92
21/05/2006 6:00;7.52
22/05/2006 6:00;4.44
23/05/2006 6:00;0.175
24/05/2006 6:00;0
25/05/2006 6:00;0
26/05/2006 6:00;0
27/05/2006 6:00;0
28/05/2006 6:00;0
29/05/2006 6:00;0.005
30/05/2006 6:00;0
31/05/2006 6:00;0.02
01/06/2006 6:00;0
02/06/2006 6:00;0
03/06/2006 6:00;0
04/06/2006 6:00;0
05/06/2006 6:00;0.03
06/06/2006 6:00;0.045
07/06/2006 6:00;0.02
08/06/2006 6:00;0
09/06/2006 6:00;0.09
10/06/2006 6:00;1.585
11/06/2006 6:00;0.32
12/06/2006 6:00;1.135
13/06/2006 6:00;1
14/06/2006 6:00;1.22
15/06/2006 6:00;11.68
16/06/2006 6:00;0.11
17/06/2006 6:00;0.18
18/06/2006 6:00;0.145
19/06/2006 6:00;0.08
20/06/2006 6:00;0
21/06/2006 6:00;0
22/06/2006 6:00;0
23/06/2006 6:00;0.12
24/06/2006 6:00;0.68
25/06/2006 6:00;1.705
26/06/2006 6:00;0.1
27/06/2006 6:00;0
28/06/2006 6:00;0
29/06/2006 6:00;0
30/06/2006 6:00;0
01/07/2006 6:00;0
02/07/2006 6:00;0
03/07/2006 6:00;0.01
04/07/2006 6:00;3.92
05/07/2006 6:00;2.7
06/07/2006 6:00;0
07/07/2006 6:00;0
08/07/2006 6:00;0
09/07/2006 6:00;0
10/07/2006 6:00;0.02
11/07/2006 6:00;0
12/07/2006 6:00;0
13/07/2006 6:00;0.01
14/07/2006 6:00;0
15/07/2006 6:00;0.025
16/07/2006 6:00;0
17/07/2006 6:00;7.525
18/07/2006 6:00;0.49
19/07/2006 6:00;0.405
20/07/2006 6:00;0.025
21/07/2006 6:00;0
22/07/2006 6:00;0.3
23/07/2006 6:00;0
24/07/2006 6:00;0
25/07/2006 6:00;0
26/07/2006 6:00;0
27/07/2006 6:00;0.02
28/07/2006 6:00;0
29/07/2006 6:00;1.195
30/07/2006 6:00;0.275
31/07/2006 6:00;1.85
01/08/2006 6:00;0.185
02/08/2006 6:00;2.26
03/08/2006 6:00;1.2
04/08/2006 6:00;0.05
05/08/2006 6:00;0
06/08/2006 6:00;0
07/08/2006 6:00;0.005
08/08/2006 6:00;0
09/08/2006 6:00;0.005
10/08/2006 6:00;0.035
11/08/2006 6:00;0
12/08/2006 6:00;0
13/08/2006 6:00;0
14/08/2006 6:00;0.005
15/08/2006 6:00;1.75
16/08/2006 6:00;13.2
17/08/2006 6:00;1.86
18/08/2006 6:00;1.51
19/08/2006 6:00;1.12
20/08/2006 6:00;0.165
21/08/2006 6:00;0
22/08/2006 6:00;0
23/08/2006 6:00;0.22
24/08/2006 6:00;1.33
25/08/2006 6:00;1.985
26/08/2006 6:00;0.53
27/08/2006 6:00;0.325
28/08/2006 6:00;0.06
29/08/2006 6:00;0.205
30/08/2006 6:00;0.02
31/08/2006 6:00;0.01
01/09/2006 6:00;0
02/09/2006 6:00;0
03/09/2006 6:00;0
04/09/2006 6:00;0
05/09/2006 6:00;0
06/09/2006 6:00;0
07/09/2006 6:00;0
08/09/2006 6:00;0.02
09/09/2006 6:00;0
10/09/2006 6:00;0.41
11/09/2006 6:00;1.535
12/09/2006 6:00;0.13
13/09/2006 6:00;12.41
14/09/2006 6:00;6.765
15/09/2006 6:00;2.78
16/09/2006 6:00;3.085
17/09/2006 6:00;1.795
18/09/2006 6:00;0.025
19/09/2006 6:00;0
20/09/2006 6:00;0.05
21/09/2006 6:00;5.29
22/09/2006 6:00;16.555
23/09/2006 6:00;13.035
24/09/2006 6:00;8.58
25/09/2006 6:00;0.995
26/09/2006 6:00;0.175
27/09/2006 6:00;1.475
28/09/2006 6:00;2.85
29/09/2006 6:00;2.81
30/09/2006 6:00;4.82
01/10/2006 6:00;13.54
02/10/2006 6:00;75.915
03/10/2006 6:00;12.205
04/10/2006 6:00;1.8
05/10/2006 6:00;2.265
06/10/2006 6:00;43.96
07/10/2006 6:00;4.47
08/10/2006 6:00;4.795
09/10/2006 6:00;3.435
10/10/2006 6:00;39.67
11/10/2006 6:00;2.675
12/10/2006 6:00;0
13/10/2006 6:00;0
14/10/2006 6:00;0.145
15/10/2006 6:00;3.625
16/10/2006 6:00;16.105
17/10/2006 6:00;2.855
18/10/2006 6:00;15.13
19/10/2006 6:00;31.9
20/10/2006 6:00;4.87
21/10/2006 6:00;34.545
22/10/2006 6:00;21.805
23/10/2006 6:00;4.325
24/10/2006 6:00;53.53
25/10/2006 6:00;11.23
26/10/2006 6:00;0.705
27/10/2006 6:00;0
28/10/2006 6:00;0.235
29/10/2006 6:00;0.01
30/10/2006 6:00;0.075
31/10/2006 6:00;0.145
01/11/2006 6:00;0
02/11/2006 6:00;0
03/11/2006 6:00;1.315
04/11/2006 6:00;0.52
05/11/2006 6:00;0.975
06/11/2006 6:00;0.18
07/11/2006 6:00;0.49
08/11/2006 6:00;0
09/11/2006 6:00;0
10/11/2006 6:00;0.005
11/11/2006 6:00;0
12/11/2006 6:00;0
13/11/2006 6:00;0
14/11/2006 6:00;0.06
15/11/2006 6:00;41.15
16/11/2006 6:00;8.56
17/11/2006 6:00;28.155
18/11/2006 6:00;27.415
19/11/2006 6:00;2.925
20/11/2006 6:00;5.6
21/11/2006 6:00;10.645
22/11/2006 6:00;21.14
23/11/2006 6:00;14.19
24/11/2006 6:00;45.41
25/11/2006 6:00;8.415
26/11/2006 6:00;19.865
27/11/2006 6:00;8.155
28/11/2006 6:00;4.01
29/11/2006 6:00;0.19
30/11/2006 6:00;2.815
01/12/2006 6:00;32.15
02/12/2006 6:00;6.61
03/12/2006 6:00;25.105
04/12/2006 6:00;5.8
05/12/2006 6:00;37.63
06/12/2006 6:00;27.51
07/12/2006 6:00;24.845
08/12/2006 6:00;17.36
09/12/2006 6:00;9.36
10/12/2006 6:00;0.65
11/12/2006 6:00;4.7
12/12/2006 6:00;0.795
13/12/2006 6:00;0.095
14/12/2006 6:00;0
15/12/2006 6:00;0.07
16/12/2006 6:00;6.885
17/12/2006 6:00;1.455
18/12/2006 6:00;3.725
19/12/2006 6:00;0.755
20/12/2006 6:00;0.085
21/12/2006 6:00;0
22/12/2006 6:00;0
23/12/2006 6:00;0
24/12/2006 6:00;0
25/12/2006 6:00;0
26/12/2006 6:00;0
27/12/2006 6:00;0
28/12/2006 6:00;0.655
29/12/2006 6:00;8.985
30/12/2006 6:00;13.215
31/12/2006 6:00;13.13
01/01/2007 6:00;6.555
02/01/2007 6:00;0.76
03/01/2007 6:00;5.825
04/01/2007 6:00;0.66
05/01/2007 6:00;6.15
06/01/2007 6:00;12.885
07/01/2007 6:00;4.94
08/01/2007 6:00;1.6
09/01/2007 6:00;0.95
10/01/2007 6:00;4.81
11/01/2007 6:00;0.175
12/01/2007 6:00;0.1
13/01/2007 6:00;0
14/01/2007 6:00;0
15/01/2007 6:00;0.26
16/01/2007 6:00;1.575
17/01/2007 6:00;6.37
18/01/2007 6:00;1.095
19/01/2007 6:00;0.99
20/01/2007 6:00;3.68
21/01/2007 6:00;11.005
22/01/2007 6:00;15.275
23/01/2007 6:00;8.27
24/01/2007 6:00;10.95
25/01/2007 6:00;1.565
26/01/2007 6:00;0.155
27/01/2007 6:00;0.075
28/01/2007 6:00;0
29/01/2007 6:00;2.275
30/01/2007 6:00;0.75
31/01/2007 6:00;0.165
01/02/2007 6:00;0
02/02/2007 6:00;0
03/02/2007 6:00;0
04/02/2007 6:00;0.045
05/02/2007 6:00;1.82
06/02/2007 6:00;2.56
07/02/2007 6:00;7.445
08/02/2007 6:00;12.03
09/02/2007 6:00;9.02
10/02/2007 6:00;8.115
11/02/2007 6:00;25.025
12/02/2007 6:00;1.61
13/02/2007 6:00;44.84
14/02/2007 6:00;22.305
15/02/2007 6:00;24.875
16/02/2007 6:00;31.095
17/02/2007 6:00;13.565
18/02/2007 6:00;2.585
19/02/2007 6:00;7.815
20/02/2007 6:00;3.895
21/02/2007 6:00;7.245
22/02/2007 6:00;13.32
23/02/2007 6:00;9.365
24/02/2007 6:00;4.9
25/02/2007 6:00;2.85
26/02/2007 6:00;0.225
27/02/2007 6:00;4.385
28/02/2007 6:00;0.37
01/03/2007 6:00;3.715
02/03/2007 6:00;24.63
03/03/2007 6:00;11.5
04/03/2007 6:00;14.095
05/03/2007 6:00;11.68
06/03/2007 6:00;15.395
07/03/2007 6:00;1.46
08/03/2007 6:00;0.395
09/03/2007 6:00;0.53
10/03/2007 6:00;0.01
11/03/2007 6:00;0
12/03/2007 6:00;0
13/03/2007 6:00;0
14/03/2007 6:00;0
15/03/2007 6:00;0
16/03/2007 6:00;0
17/03/2007 6:00;0
18/03/2007 6:00;1.535
19/03/2007 6:00;3.85
20/03/2007 6:00;0.89
21/03/2007 6:00;1.415
22/03/2007 6:00;3.39
23/03/2007 6:00;1.45
24/03/2007 6:00;0.035
25/03/2007 6:00;0.53
26/03/2007 6:00;2.5
27/03/2007 6:00;8.57
28/03/2007 6:00;13.2
29/03/2007 6:00;2.78
30/03/2007 6:00;10.345
31/03/2007 6:00;5.61
01/04/2007 6:00;3.68
02/04/2007 6:00;1.695
03/04/2007 6:00;1.555
04/04/2007 6:00;0.11
05/04/2007 6:00;0
06/04/2007 6:00;0.075
07/04/2007 6:00;0.02
08/04/2007 6:00;0.75
09/04/2007 6:00;0.02
10/04/2007 6:00;0.03
11/04/2007 6:00;0.035
12/04/2007 6:00;0
13/04/2007 6:00;0
14/04/2007 6:00;0.065
15/04/2007 6:00;0.18
16/04/2007 6:00;0.18
17/04/2007 6:00;0
18/04/2007 6:00;0.305
19/04/2007 6:00;1.97
20/04/2007 6:00;0.205
21/04/2007 6:00;0
22/04/2007 6:00;0
23/04/2007 6:00;0
24/04/2007 6:00;2.09
25/04/2007 6:00;0.505
26/04/2007 6:00;1.68
27/04/2007 6:00;7.105
28/04/2007 6:00;2.45
29/04/2007 6:00;10.065
30/04/2007 6:00;10.33
01/05/2007 6:00;15.725
02/05/2007 6:00;6.23
03/05/2007 6:00;0.51
04/05/2007 6:00;0
05/05/2007 6:00;0
06/05/2007 6:00;0
07/05/2007 6:00;0
08/05/2007 6:00;0
09/05/2007 6:00;0
10/05/2007 6:00;1.685
11/05/2007 6:00;3.715
12/05/2007 6:00;9.155
13/05/2007 6:00;10.485
14/05/2007 6:00;2.45
15/05/2007 6:00;0.97
16/05/2007 6:00;0.4
17/05/2007 6:00;0
18/05/2007 6:00;0.16
19/05/2007 6:00;1.825
20/05/2007 6:00;4.865
21/05/2007 6:00;1.82
22/05/2007 6:00;0.46
23/05/2007 6:00;2.415
24/05/2007 6:00;4.53
25/05/2007 6:00;9.75
26/05/2007 6:00;3.035
27/05/2007 6:00;2.66
28/05/2007 6:00;0.56
29/05/2007 6:00;5.65
30/05/2007 6:00;4.17
31/05/2007 6:00;2.925
01/06/2007 6:00;0.16
02/06/2007 6:00;0.025
03/06/2007 6:00;0
04/06/2007 6:00;0
05/06/2007 6:00;0
06/06/2007 6:00;0
07/06/2007 6:00;0
08/06/2007 6:00;0.16
09/06/2007 6:00;0.085
10/06/2007 6:00;2.09
11/06/2007 6:00;1.43
12/06/2007 6:00;0.925
13/06/2007 6:00;14.15
14/06/2007 6:00;4.27
15/06/2007 6:00;2.3
16/06/2007 6:00;15.52
17/06/2007 6:00;5.4
18/06/2007 6:00;22.175
19/06/2007 6:00;4.93
20/06/2007 6:00;1.31
21/06/2007 6:00;1.715
22/06/2007 6:00;0.12
23/06/2007 6:00;0.06
24/06/2007 6:00;4.505
25/06/2007 6:00;0.35
26/06/2007 6:00;0
27/06/2007 6:00;0
28/06/2007 6:00;0.015
29/06/2007 6:00;0.04
30/06/2007 6:00;1.615
01/07/2007 6:00;2.51
02/07/2007 6:00;1.335
03/07/2007 6:00;2.615
04/07/2007 6:00;0.13
05/07/2007 6:00;0.13
06/07/2007 6:00;0.21
07/07/2007 6:00;1.45
08/07/2007 6:00;0.905
09/07/2007 6:00;0.165
10/07/2007 6:00;0.63
11/07/2007 6:00;0.155
12/07/2007 6:00;0
13/07/2007 6:00;0.715
14/07/2007 6:00;9.095
15/07/2007 6:00;3.85
16/07/2007 6:00;3.605
17/07/2007 6:00;0.175
18/07/2007 6:00;0.355
19/07/2007 6:00;2.28
20/07/2007 6:00;0.105
21/07/2007 6:00;0.02
22/07/2007 6:00;22.13
23/07/2007 6:00;5.355
24/07/2007 6:00;0.31
25/07/2007 6:00;0.075
26/07/2007 6:00;0
27/07/2007 6:00;0.1
28/07/2007 6:00;0.08
29/07/2007 6:00;0
30/07/2007 6:00;0
31/07/2007 6:00;5.73
01/08/2007 6:00;3.46
02/08/2007 6:00;0.375
03/08/2007 6:00;0
04/08/2007 6:00;0
05/08/2007 6:00;2.475
06/08/2007 6:00;0.855
07/08/2007 6:00;0.015
08/08/2007 6:00;0
09/08/2007 6:00;0
10/08/2007 6:00;0
11/08/2007 6:00;0.01
12/08/2007 6:00;0.03
13/08/2007 6:00;0.39
14/08/2007 6:00;5.07
15/08/2007 6:00;4.795
16/08/2007 6:00;0.32
17/08/2007 6:00;0
18/08/2007 6:00;1.535
19/08/2007 6:00;0.54
20/08/2007 6:00;1.82
21/08/2007 6:00;0.81
22/08/2007 6:00;0.13
23/08/2007 6:00;0
24/08/2007 6:00;0
25/08/2007 6:00;0.245
26/08/2007 6:00;3.71
27/08/2007 6:00;0.945
28/08/2007 6:00;6.36
29/08/2007 6:00;2.09
30/08/2007 6:00;0
31/08/2007 6:00;0
01/09/2007 6:00;0
02/09/2007 6:00;0
03/09/2007 6:00;0
04/09/2007 6:00;0
05/09/2007 6:00;0
06/09/2007 6:00;0
07/09/2007 6:00;0
08/09/2007 6:00;0
09/09/2007 6:00;0
10/09/2007 6:00;0
11/09/2007 6:00;0
12/09/2007 6:00;0
13/09/2007 6:00;0
14/09/2007 6:00;0
15/09/2007 6:00;0
16/09/2007 6:00;1.4
17/09/2007 6:00;0.305
18/09/2007 6:00;0.04
19/09/2007 6:00;0
20/09/2007 6:00;0
21/09/2007 6:00;0.115
22/09/2007 6:00;0
23/09/2007 6:00;0.835
24/09/2007 6:00;2.48
25/09/2007 6:00;0.075
26/09/2007 6:00;0
27/09/2007 6:00;0
28/09/2007 6:00;0.265
29/09/2007 6:00;11.37
30/09/2007 6:00;15.695
01/10/2007 6:00;6.52
02/10/2007 6:00;0.19
03/10/2007 6:00;0.305
04/10/2007 6:00;0.08
05/10/2007 6:00;0
06/10/2007 6:00;0
07/10/2007 6:00;0
08/10/2007 6:00;0
09/10/2007 6:00;0
10/10/2007 6:00;0.005
11/10/2007 6:00;0
12/10/2007 6:00;0
13/10/2007 6:00;0.04
14/10/2007 6:00;0
15/10/2007 6:00;0
16/10/2007 6:00;5.865
17/10/2007 6:00;5.235
18/10/2007 6:00;0.01
19/10/2007 6:00;0
20/10/2007 6:00;0
21/10/2007 6:00;0
22/10/2007 6:00;0.2
23/10/2007 6:00;1.89
24/10/2007 6:00;1.445
25/10/2007 6:00;0.02
26/10/2007 6:00;0.89
27/10/2007 6:00;0
28/10/2007 6:00;2.4
29/10/2007 6:00;0.36
30/10/2007 6:00;0.015
31/10/2007 6:00;0
01/11/2007 6:00;1.63
02/11/2007 6:00;0
03/11/2007 6:00;0
04/11/2007 6:00;0
05/11/2007 6:00;0
06/11/2007 6:00;0
07/11/2007 6:00;0
08/11/2007 6:00;0
09/11/2007 6:00;0
10/11/2007 6:00;0
11/11/2007 6:00;0
12/11/2007 6:00;0
13/11/2007 6:00;0
14/11/2007 6:00;0.045
15/11/2007 6:00;0
16/11/2007 6:00;0
17/11/2007 6:00;0
18/11/2007 6:00;17.965
19/11/2007 6:00;2.555
20/11/2007 6:00;12.665
21/11/2007 6:00;9.09
22/11/2007 6:00;2.67
23/11/2007 6:00;1.64
24/11/2007 6:00;0.985
25/11/2007 6:00;0.18
26/11/2007 6:00;0
27/11/2007 6:00;0.005
28/11/2007 6:00;0.07
29/11/2007 6:00;0.33
30/11/2007 6:00;6.61
01/12/2007 6:00;2.01
02/12/2007 6:00;4.23
03/12/2007 6:00;1.855
04/12/2007 6:00;1.405
05/12/2007 6:00;0.7
06/12/2007 6:00;3
07/12/2007 6:00;1.155
08/12/2007 6:00;7.66
09/12/2007 6:00;4.435
10/12/2007 6:00;0.495
11/12/2007 6:00;0.81
12/12/2007 6:00;0
13/12/2007 6:00;0
14/12/2007 6:00;0
15/12/2007 6:00;0
16/12/2007 6:00;0
17/12/2007 6:00;0
18/12/2007 6:00;13.56
19/12/2007 6:00;3.04
20/12/2007 6:00;0.035
21/12/2007 6:00;0.02
22/12/2007 6:00;0.075
23/12/2007 6:00;0.03
24/12/2007 6:00;0
25/12/2007 6:00;23.095
26/12/2007 6:00;1.28
27/12/2007 6:00;0
28/12/2007 6:00;1.695
29/12/2007 6:00;2.835
30/12/2007 6:00;0.05
31/12/2007 6:00;0.005
01/01/2008 6:00;11.735
02/01/2008 6:00;16.48
03/01/2008 6:00;11.925
04/01/2008 6:00;5.985
05/01/2008 6:00;5.7
06/01/2008 6:00;8.965
07/01/2008 6:00;2.145
08/01/2008 6:00;9.295
09/01/2008 6:00;10.925
10/01/2008 6:00;40.55
11/01/2008 6:00;14.02
12/01/2008 6:00;6.145
13/01/2008 6:00;18.91
14/01/2008 6:00;4.125
15/01/2008 6:00;26.005
16/01/2008 6:00;3.63
17/01/2008 6:00;3.665
18/01/2008 6:00;0.71
19/01/2008 6:00;0
20/01/2008 6:00;0
21/01/2008 6:00;0.04
22/01/2008 6:00;0.015
23/01/2008 6:00;0
24/01/2008 6:00;0
25/01/2008 6:00;0
26/01/2008 6:00;0
27/01/2008 6:00;0
28/01/2008 6:00;0.005
29/01/2008 6:00;1.015
30/01/2008 6:00;1.185
31/01/2008 6:00;0.905
01/02/2008 6:00;17.86
02/02/2008 6:00;0.345
03/02/2008 6:00;15.12
04/02/2008 6:00;4.06
05/02/2008 6:00;2.6
06/02/2008 6:00;0.085
07/02/2008 6:00;0
08/02/2008 6:00;0
09/02/2008 6:00;0
10/02/2008 6:00;0
11/02/2008 6:00;0
12/02/2008 6:00;0
13/02/2008 6:00;0
14/02/2008 6:00;0
15/02/2008 6:00;0
16/02/2008 6:00;0
17/02/2008 6:00;0
18/02/2008 6:00;0.51
19/02/2008 6:00;1.14
20/02/2008 6:00;0.805
21/02/2008 6:00;0.075
22/02/2008 6:00;0
23/02/2008 6:00;0.08
24/02/2008 6:00;6.93
25/02/2008 6:00;0.815
26/02/2008 6:00;3.87
27/02/2008 6:00;0.96
28/02/2008 6:00;0.33
29/02/2008 6:00;0.235
01/03/2008 6:00;0.14
02/03/2008 6:00;1.085
03/03/2008 6:00;0.74
04/03/2008 6:00;0.31
05/03/2008 6:00;0.025
06/03/2008 6:00;0
07/03/2008 6:00;0.765
08/03/2008 6:00;3.415
09/03/2008 6:00;13.63
10/03/2008 6:00;4.39
11/03/2008 6:00;1.035
12/03/2008 6:00;0.165
13/03/2008 6:00;0.005
14/03/2008 6:00;5.62
15/03/2008 6:00;2.275
16/03/2008 6:00;0.47
17/03/2008 6:00;9.915
18/03/2008 6:00;3.895
19/03/2008 6:00;0.565
20/03/2008 6:00;0.79
21/03/2008 6:00;6.645
22/03/2008 6:00;11.085
23/03/2008 6:00;4.365
24/03/2008 6:00;3.705
25/03/2008 6:00;5.74
26/03/2008 6:00;12.925
27/03/2008 6:00;3.21
28/03/2008 6:00;1.05
29/03/2008 6:00;8
30/03/2008 6:00;8.01
31/03/2008 6:00;0.51
01/04/2008 6:00;0
02/04/2008 6:00;0
03/04/2008 6:00;0
04/04/2008 6:00;0
05/04/2008 6:00;0.005
06/04/2008 6:00;0
07/04/2008 6:00;25.125
08/04/2008 6:00;25.02
09/04/2008 6:00;21.04
10/04/2008 6:00;7.13
11/04/2008 6:00;3.05
12/04/2008 6:00;4.075
13/04/2008 6:00;4.13
14/04/2008 6:00;0.23
15/04/2008 6:00;0
16/04/2008 6:00;15.03
17/04/2008 6:00;25.775
18/04/2008 6:00;14.985
19/04/2008 6:00;7.42
20/04/2008 6:00;8.33
21/04/2008 6:00;4.765
22/04/2008 6:00;5.285
23/04/2008 6:00;3.03
24/04/2008 6:00;0.07
25/04/2008 6:00;0
26/04/2008 6:00;0
27/04/2008 6:00;3.655
28/04/2008 6:00;3.42
29/04/2008 6:00;6.475
30/04/2008 6:00;2.435
01/05/2008 6:00;1.285
02/05/2008 6:00;0.225
03/05/2008 6:00;2.82
04/05/2008 6:00;0.575
05/05/2008 6:00;0.215
06/05/2008 6:00;0.095
07/05/2008 6:00;2.9
08/05/2008 6:00;2.26
09/05/2008 6:00;0.77
10/05/2008 6:00;2.935
11/05/2008 6:00;1.875
12/05/2008 6:00;2.855
13/05/2008 6:00;2.5
14/05/2008 6:00;15.33
15/05/2008 6:00;4.225
16/05/2008 6:00;1.71
17/05/2008 6:00;2.93
18/05/2008 6:00;10.555
19/05/2008 6:00;0.545
20/05/2008 6:00;0.335
21/05/2008 6:00;1.48
22/05/2008 6:00;22.85
23/05/2008 6:00;15.58
24/05/2008 6:00;7.495
25/05/2008 6:00;7.02
26/05/2008 6:00;10.81
27/05/2008 6:00;9.76
28/05/2008 6:00;9.215
29/05/2008 6:00;10.265
30/05/2008 6:00;3.6
31/05/2008 6:00;0.13
01/06/2008 6:00;0.04
02/06/2008 6:00;2.725
03/06/2008 6:00;1.595
04/06/2008 6:00;0.28
05/06/2008 6:00;0.045
06/06/2008 6:00;0.125
07/06/2008 6:00;0.875
08/06/2008 6:00;1.375
09/06/2008 6:00;0
10/06/2008 6:00;0
11/06/2008 6:00;0
12/06/2008 6:00;0
13/06/2008 6:00;0
14/06/2008 6:00;1.61
15/06/2008 6:00;10.795
16/06/2008 6:00;2.91
17/06/2008 6:00;0.085
18/06/2008 6:00;0
19/06/2008 6:00;0.01
20/06/2008 6:00;0
21/06/2008 6:00;0.17
22/06/2008 6:00;0
23/06/2008 6:00;0.275
24/06/2008 6:00;0.32
25/06/2008 6:00;0.155
26/06/2008 6:00;0.075
27/06/2008 6:00;0
28/06/2008 6:00;0
29/06/2008 6:00;0
30/06/2008 6:00;0
01/07/2008 6:00;3.32
02/07/2008 6:00;0.4
03/07/2008 6:00;1.59
04/07/2008 6:00;4.425
05/07/2008 6:00;0.675
06/07/2008 6:00;0.815
07/07/2008 6:00;0.395
08/07/2008 6:00;0
09/07/2008 6:00;0.14
10/07/2008 6:00;13.495
11/07/2008 6:00;4.46
12/07/2008 6:00;0.32
13/07/2008 6:00;0.075
14/07/2008 6:00;0
15/07/2008 6:00;0
16/07/2008 6:00;0
17/07/2008 6:00;0
18/07/2008 6:00;0
19/07/2008 6:00;0
20/07/2008 6:00;0
21/07/2008 6:00;0
22/07/2008 6:00;0.005
23/07/2008 6:00;0.11
24/07/2008 6:00;2.64
25/07/2008 6:00;0.905
26/07/2008 6:00;0.24
27/07/2008 6:00;2.38
28/07/2008 6:00;0.43
29/07/2008 6:00;0
30/07/2008 6:00;1.55
31/07/2008 6:00;1.875
01/08/2008 6:00;0.555
02/08/2008 6:00;0.285
03/08/2008 6:00;0
04/08/2008 6:00;0
05/08/2008 6:00;0.1
06/08/2008 6:00;0.505
07/08/2008 6:00;0.695
08/08/2008 6:00;0.01
09/08/2008 6:00;0.7
10/08/2008 6:00;5.8
11/08/2008 6:00;8.025
12/08/2008 6:00;1.145
13/08/2008 6:00;0.235
14/08/2008 6:00;0.58
15/08/2008 6:00;21.935
16/08/2008 6:00;7.925
17/08/2008 6:00;1.405
18/08/2008 6:00;0.985
19/08/2008 6:00;0.1
20/08/2008 6:00;0.62
21/08/2008 6:00;0.705
22/08/2008 6:00;0.015
23/08/2008 6:00;0
24/08/2008 6:00;0.045
25/08/2008 6:00;0
26/08/2008 6:00;0
27/08/2008 6:00;0
28/08/2008 6:00;0.625
29/08/2008 6:00;8.92
30/08/2008 6:00;4.665
31/08/2008 6:00;1.41
01/09/2008 6:00;0.005
02/09/2008 6:00;10.975
03/09/2008 6:00;7.46
04/09/2008 6:00;13.735
05/09/2008 6:00;5.255
06/09/2008 6:00;4.625
07/09/2008 6:00;4.295
08/09/2008 6:00;4.26
09/09/2008 6:00;1.85
10/09/2008 6:00;4
11/09/2008 6:00;3.455
12/09/2008 6:00;0.285
13/09/2008 6:00;0
14/09/2008 6:00;0
15/09/2008 6:00;0
16/09/2008 6:00;0
17/09/2008 6:00;0.025
18/09/2008 6:00;0
19/09/2008 6:00;0.05
20/09/2008 6:00;0.805
21/09/2008 6:00;0.11
22/09/2008 6:00;0.005
23/09/2008 6:00;0
24/09/2008 6:00;0
25/09/2008 6:00;0
26/09/2008 6:00;0
27/09/2008 6:00;0
28/09/2008 6:00;0
29/09/2008 6:00;0.01
30/09/2008 6:00;0
01/10/2008 6:00;0.045
02/10/2008 6:00;0.72
03/10/2008 6:00;0.605
04/10/2008 6:00;0.09
05/10/2008 6:00;4.29
06/10/2008 6:00;31.42
07/10/2008 6:00;4.985
08/10/2008 6:00;0.245
09/10/2008 6:00;0
10/10/2008 6:00;0
11/10/2008 6:00;0
12/10/2008 6:00;0.005
13/10/2008 6:00;0
14/10/2008 6:00;0.02
15/10/2008 6:00;1.22
16/10/2008 6:00;2.94
17/10/2008 6:00;1.27
18/10/2008 6:00;0.24
19/10/2008 6:00;0.035
20/10/2008 6:00;10.48
21/10/2008 6:00;17.55
22/10/2008 6:00;0.515
23/10/2008 6:00;0
24/10/2008 6:00;0
25/10/2008 6:00;0.02
26/10/2008 6:00;2.38
27/10/2008 6:00;9.755
28/10/2008 6:00;8.25
29/10/2008 6:00;9.425
30/10/2008 6:00;8.36
31/10/2008 6:00;20.52
01/11/2008 6:00;14.785
02/11/2008 6:00;9.995
03/11/2008 6:00;15.21
04/11/2008 6:00;12.555
05/11/2008 6:00;0.955
06/11/2008 6:00;5.37
07/11/2008 6:00;1.835
08/11/2008 6:00;1.2
09/11/2008 6:00;2.57
10/11/2008 6:00;11.52
11/11/2008 6:00;3.025
12/11/2008 6:00;2.89
13/11/2008 6:00;0.265
14/11/2008 6:00;0
15/11/2008 6:00;0
16/11/2008 6:00;0
17/11/2008 6:00;0.765
18/11/2008 6:00;2.895
19/11/2008 6:00;0.155
20/11/2008 6:00;0.54
21/11/2008 6:00;1.855
22/11/2008 6:00;1.61
23/11/2008 6:00;3.48
24/11/2008 6:00;11.685
25/11/2008 6:00;5.1
26/11/2008 6:00;0.475
27/11/2008 6:00;3.705
28/11/2008 6:00;15.735
29/11/2008 6:00;18.43
30/11/2008 6:00;20.325
01/12/2008 6:00;9.63
02/12/2008 6:00;15.7
03/12/2008 6:00;6.59
04/12/2008 6:00;2.97
05/12/2008 6:00;10.515
06/12/2008 6:00;20.375
07/12/2008 6:00;4.6
08/12/2008 6:00;3.93
09/12/2008 6:00;2.77
10/12/2008 6:00;3.08
11/12/2008 6:00;16.425
12/12/2008 6:00;16.835
13/12/2008 6:00;12.125
14/12/2008 6:00;7.355
15/12/2008 6:00;2.13
16/12/2008 6:00;1.86
17/12/2008 6:00;1.355
18/12/2008 6:00;0.155
19/12/2008 6:00;0
20/12/2008 6:00;0
21/12/2008 6:00;0
22/12/2008 6:00;0
23/12/2008 6:00;0
24/12/2008 6:00;0
25/12/2008 6:00;0.005
26/12/2008 6:00;0
27/12/2008 6:00;0.955
28/12/2008 6:00;0.185
29/12/2008 6:00;0.62
30/12/2008 6:00;1.855
31/12/2008 6:00;3.045
01/01/2009 6:00;2.01
02/01/2009 6:00;7.35
03/01/2009 6:00;1.51
04/01/2009 6:00;0
05/01/2009 6:00;1.155
06/01/2009 6:00;1.065
07/01/2009 6:00;0.425
08/01/2009 6:00;1.83
09/01/2009 6:00;1.32
10/01/2009 6:00;0.06
11/01/2009 6:00;0.115
12/01/2009 6:00;12.295
13/01/2009 6:00;1.31
14/01/2009 6:00;4.26
15/01/2009 6:00;6.105
16/01/2009 6:00;2.595
17/01/2009 6:00;5.435
18/01/2009 6:00;4.85
19/01/2009 6:00;13.535
20/01/2009 6:00;8.515
21/01/2009 6:00;8.945
22/01/2009 6:00;17.51
23/01/2009 6:00;10.75
24/01/2009 6:00;16.88
25/01/2009 6:00;15.685
26/01/2009 6:00;6.085
27/01/2009 6:00;4.105
28/01/2009 6:00;11.04
29/01/2009 6:00;5.945
30/01/2009 6:00;16.055
31/01/2009 6:00;8.14
01/02/2009 6:00;3.955
02/02/2009 6:00;1.43
03/02/2009 6:00;7.21
04/02/2009 6:00;17.045
05/02/2009 6:00;13.14
06/02/2009 6:00;4.695
07/02/2009 6:00;2.94
08/02/2009 6:00;4.96
09/02/2009 6:00;10.345
10/02/2009 6:00;1.32
11/02/2009 6:00;0.355
12/02/2009 6:00;0.095
13/02/2009 6:00;0
14/02/2009 6:00;0
15/02/2009 6:00;0
16/02/2009 6:00;0
17/02/2009 6:00;0
18/02/2009 6:00;0
19/02/2009 6:00;0
20/02/2009 6:00;0
21/02/2009 6:00;0
22/02/2009 6:00;0
23/02/2009 6:00;0
24/02/2009 6:00;0
25/02/2009 6:00;0
26/02/2009 6:00;0
27/02/2009 6:00;0
28/02/2009 6:00;0.815
01/03/2009 6:00;3.62
02/03/2009 6:00;0.325
03/03/2009 6:00;7.925
04/03/2009 6:00;14.735
05/03/2009 6:00;10.995
06/03/2009 6:00;10.11
07/03/2009 6:00;3.245
08/03/2009 6:00;1.42
09/03/2009 6:00;0.055
10/03/2009 6:00;0.005
11/03/2009 6:00;0.005
12/03/2009 6:00;0
13/03/2009 6:00;0
14/03/2009 6:00;0
15/03/2009 6:00;0
16/03/2009 6:00;0
17/03/2009 6:00;0
18/03/2009 6:00;0
19/03/2009 6:00;0
20/03/2009 6:00;0
21/03/2009 6:00;0
22/03/2009 6:00;0
23/03/2009 6:00;0
24/03/2009 6:00;0
25/03/2009 6:00;0
26/03/2009 6:00;0
27/03/2009 6:00;1.92
28/03/2009 6:00;6
29/03/2009 6:00;0.24
30/03/2009 6:00;0
31/03/2009 6:00;0
01/04/2009 6:00;0.01
02/04/2009 6:00;0
03/04/2009 6:00;0.89
04/04/2009 6:00;0.845
05/04/2009 6:00;3.135
06/04/2009 6:00;7.36
07/04/2009 6:00;1.5
08/04/2009 6:00;0.405
09/04/2009 6:00;13.9
10/04/2009 6:00;6.52
11/04/2009 6:00;3.6
12/04/2009 6:00;1.77
13/04/2009 6:00;5.51
14/04/2009 6:00;6.165
15/04/2009 6:00;12.75
16/04/2009 6:00;3.05
17/04/2009 6:00;4.35
18/04/2009 6:00;7.345
19/04/2009 6:00;0.545
20/04/2009 6:00;0
21/04/2009 6:00;0
22/04/2009 6:00;0
23/04/2009 6:00;0.495
24/04/2009 6:00;3.085
25/04/2009 6:00;3.17
26/04/2009 6:00;2.06
27/04/2009 6:00;6.25
28/04/2009 6:00;1.815
29/04/2009 6:00;2.56
30/04/2009 6:00;1.295
01/05/2009 6:00;0.075
02/05/2009 6:00;0
03/05/2009 6:00;0
04/05/2009 6:00;0
05/05/2009 6:00;0
06/05/2009 6:00;0
07/05/2009 6:00;0
08/05/2009 6:00;0
09/05/2009 6:00;4.055
10/05/2009 6:00;15.35
11/05/2009 6:00;7.765
12/05/2009 6:00;2.5
13/05/2009 6:00;4.37
14/05/2009 6:00;1.095
15/05/2009 6:00;6.12
16/05/2009 6:00;6.25
17/05/2009 6:00;2.38
18/05/2009 6:00;0.085
19/05/2009 6:00;0
20/05/2009 6:00;0
21/05/2009 6:00;0
22/05/2009 6:00;0.035
23/05/2009 6:00;5.54
24/05/2009 6:00;5.255
25/05/2009 6:00;10.11
26/05/2009 6:00;0.775
27/05/2009 6:00;0
28/05/2009 6:00;0
29/05/2009 6:00;0
30/05/2009 6:00;0
31/05/2009 6:00;0
01/06/2009 6:00;0.09
02/06/2009 6:00;0.105
03/06/2009 6:00;0
04/06/2009 6:00;3.54
05/06/2009 6:00;5.31
06/06/2009 6:00;5.475
07/06/2009 6:00;21.55
08/06/2009 6:00;14.275
09/06/2009 6:00;13.145
10/06/2009 6:00;8.525
11/06/2009 6:00;0.66
12/06/2009 6:00;0
13/06/2009 6:00;0
14/06/2009 6:00;0.055
15/06/2009 6:00;0.005
16/06/2009 6:00;0
17/06/2009 6:00;0
18/06/2009 6:00;0
19/06/2009 6:00;0
20/06/2009 6:00;0
21/06/2009 6:00;0
22/06/2009 6:00;0.075
23/06/2009 6:00;0.23
24/06/2009 6:00;2.275
25/06/2009 6:00;5.355
26/06/2009 6:00;0.755
27/06/2009 6:00;3.73
28/06/2009 6:00;0.315
29/06/2009 6:00;2.56
30/06/2009 6:00;0.545
01/07/2009 6:00;0.165
02/07/2009 6:00;0.03
03/07/2009 6:00;1.97
04/07/2009 6:00;3.85
05/07/2009 6:00;3.745
06/07/2009 6:00;0.37
07/07/2009 6:00;0
08/07/2009 6:00;0
09/07/2009 6:00;0
10/07/2009 6:00;0
11/07/2009 6:00;0.68
12/07/2009 6:00;1.22
13/07/2009 6:00;0.86
14/07/2009 6:00;1.24
15/07/2009 6:00;0.29
16/07/2009 6:00;2.7
17/07/2009 6:00;0.35
18/07/2009 6:00;0.25
19/07/2009 6:00;0.105
20/07/2009 6:00;0
21/07/2009 6:00;21.665
22/07/2009 6:00;22.505
23/07/2009 6:00;3.185
24/07/2009 6:00;1.245
25/07/2009 6:00;0.065
26/07/2009 6:00;3.325
27/07/2009 6:00;1.18
28/07/2009 6:00;0
29/07/2009 6:00;0.345
30/07/2009 6:00;0
31/07/2009 6:00;6.88
01/08/2009 6:00;6.705
02/08/2009 6:00;0.2
03/08/2009 6:00;0.055
04/08/2009 6:00;0.5
05/08/2009 6:00;0.82
06/08/2009 6:00;1.695
07/08/2009 6:00;0.115
08/08/2009 6:00;0.015
09/08/2009 6:00;0.17
10/08/2009 6:00;0
11/08/2009 6:00;0
12/08/2009 6:00;0
13/08/2009 6:00;0
14/08/2009 6:00;0
15/08/2009 6:00;0
16/08/2009 6:00;0
17/08/2009 6:00;0.01
18/08/2009 6:00;0
19/08/2009 6:00;0.605
20/08/2009 6:00;3.12
21/08/2009 6:00;0.15
22/08/2009 6:00;0
23/08/2009 6:00;0.19
24/08/2009 6:00;6.875
25/08/2009 6:00;0.47
26/08/2009 6:00;0.57
27/08/2009 6:00;1.155
28/08/2009 6:00;0.69
29/08/2009 6:00;0
30/08/2009 6:00;0
31/08/2009 6:00;0.335
01/09/2009 6:00;0.08
02/09/2009 6:00;0.51
03/09/2009 6:00;0.92
04/09/2009 6:00;0.16
05/09/2009 6:00;0
06/09/2009 6:00;0
07/09/2009 6:00;0
08/09/2009 6:00;0
09/09/2009 6:00;0
10/09/2009 6:00;0
11/09/2009 6:00;0
12/09/2009 6:00;0
13/09/2009 6:00;0
14/09/2009 6:00;0
15/09/2009 6:00;0.415
16/09/2009 6:00;4.675
17/09/2009 6:00;20.915
18/09/2009 6:00;1.655
19/09/2009 6:00;5.175
20/09/2009 6:00;0.645
21/09/2009 6:00;0.025
22/09/2009 6:00;0
23/09/2009 6:00;0
24/09/2009 6:00;0
25/09/2009 6:00;0
26/09/2009 6:00;0
27/09/2009 6:00;0
28/09/2009 6:00;0
29/09/2009 6:00;0
30/09/2009 6:00;0
01/10/2009 6:00;0
02/10/2009 6:00;2.9
03/10/2009 6:00;12.625
04/10/2009 6:00;15.445
05/10/2009 6:00;22.145
06/10/2009 6:00;20.625
07/10/2009 6:00;4.18
08/10/2009 6:00;0.14
09/10/2009 6:00;1.465
10/10/2009 6:00;3.52
11/10/2009 6:00;0.68
12/10/2009 6:00;0.015
13/10/2009 6:00;0
14/10/2009 6:00;0
15/10/2009 6:00;0
16/10/2009 6:00;0
17/10/2009 6:00;0
18/10/2009 6:00;0
19/10/2009 6:00;4.78
20/10/2009 6:00;6.285
21/10/2009 6:00;13.655
22/10/2009 6:00;3.66
23/10/2009 6:00;3.755
24/10/2009 6:00;16.025
25/10/2009 6:00;0.03
26/10/2009 6:00;0
27/10/2009 6:00;0
28/10/2009 6:00;0
29/10/2009 6:00;0
30/10/2009 6:00;1.115
31/10/2009 6:00;1.855
01/11/2009 6:00;22.725
02/11/2009 6:00;1.085
03/11/2009 6:00;7.94
04/11/2009 6:00;13.03
05/11/2009 6:00;16.71
06/11/2009 6:00;8.29
07/11/2009 6:00;8.085
08/11/2009 6:00;1.08
09/11/2009 6:00;4.535
10/11/2009 6:00;2.215
11/11/2009 6:00;17.065
12/11/2009 6:00;0.825
13/11/2009 6:00;29.405
14/11/2009 6:00;10.8
15/11/2009 6:00;23.94
16/11/2009 6:00;8.105
17/11/2009 6:00;0.165
18/11/2009 6:00;0.015
19/11/2009 6:00;2.275
20/11/2009 6:00;13.56
21/11/2009 6:00;6.31
22/11/2009 6:00;1.09
23/11/2009 6:00;0.68
24/11/2009 6:00;10.925
25/11/2009 6:00;8.89
26/11/2009 6:00;3.83
27/11/2009 6:00;2.835
28/11/2009 6:00;17.605
29/11/2009 6:00;17.595
30/11/2009 6:00;4.98
01/12/2009 6:00;5.175
02/12/2009 6:00;10.2
03/12/2009 6:00;1.505
04/12/2009 6:00;1.545
05/12/2009 6:00;18.555
06/12/2009 6:00;11.715
07/12/2009 6:00;1.605
08/12/2009 6:00;1
09/12/2009 6:00;0.445
10/12/2009 6:00;0
11/12/2009 6:00;0
12/12/2009 6:00;0
13/12/2009 6:00;0
14/12/2009 6:00;0.045
15/12/2009 6:00;0.01
16/12/2009 6:00;8.295
17/12/2009 6:00;0.775
18/12/2009 6:00;0.05
19/12/2009 6:00;0.01
20/12/2009 6:00;11.13
21/12/2009 6:00;12.155
22/12/2009 6:00;8.375
23/12/2009 6:00;14.23
24/12/2009 6:00;13.805
25/12/2009 6:00;0.715
26/12/2009 6:00;0
27/12/2009 6:00;9.69
28/12/2009 6:00;16.275
29/12/2009 6:00;11.035
30/12/2009 6:00;6.585
31/12/2009 6:00;16.405
01/01/2010 6:00;5.82
02/01/2010 6:00;12.51
03/01/2010 6:00;1.04
04/01/2010 6:00;0
05/01/2010 6:00;2.24
06/01/2010 6:00;4.085
07/01/2010 6:00;6.405
08/01/2010 6:00;6.29
09/01/2010 6:00;4
10/01/2010 6:00;0.74
11/01/2010 6:00;22.675
12/01/2010 6:00;13.26
13/01/2010 6:00;19.62
14/01/2010 6:00;2.415
15/01/2010 6:00;13.68
16/01/2010 6:00;4.18
17/01/2010 6:00;1.01
18/01/2010 6:00;1.275
19/01/2010 6:00;5.325
20/01/2010 6:00;1.665
21/01/2010 6:00;1.005
22/01/2010 6:00;37.665
23/01/2010 6:00;12.115
24/01/2010 6:00;0.065
25/01/2010 6:00;2.525
26/01/2010 6:00;1.255
27/01/2010 6:00;0.005
28/01/2010 6:00;5.64
29/01/2010 6:00;4.585
30/01/2010 6:00;4.89
31/01/2010 6:00;2.625
01/02/2010 6:00;0.03
02/02/2010 6:00;0
03/02/2010 6:00;0.1
04/02/2010 6:00;20.895
05/02/2010 6:00;3.545
06/02/2010 6:00;2.19
07/02/2010 6:00;3.305
08/02/2010 6:00;6.31
09/02/2010 6:00;0.82
10/02/2010 6:00;0
11/02/2010 6:00;0
12/02/2010 6:00;0
13/02/2010 6:00;0
14/02/2010 6:00;0
15/02/2010 6:00;0
16/02/2010 6:00;0.44
17/02/2010 6:00;3.285
18/02/2010 6:00;4.88
19/02/2010 6:00;5.115
20/02/2010 6:00;5.205
21/02/2010 6:00;16.23
22/02/2010 6:00;11.85
23/02/2010 6:00;6.1
24/02/2010 6:00;13.54
25/02/2010 6:00;6.09
26/02/2010 6:00;15.825
27/02/2010 6:00;28.485
28/02/2010 6:00;4.17
01/03/2010 6:00;0.83
02/03/2010 6:00;1.14
03/03/2010 6:00;0.735
04/03/2010 6:00;0.02
05/03/2010 6:00;0
06/03/2010 6:00;1.495
07/03/2010 6:00;0.45
08/03/2010 6:00;0
09/03/2010 6:00;0
10/03/2010 6:00;0
11/03/2010 6:00;0
12/03/2010 6:00;0.26
13/03/2010 6:00;0.905
14/03/2010 6:00;0.005
15/03/2010 6:00;0
16/03/2010 6:00;0
17/03/2010 6:00;1.91
18/03/2010 6:00;10.91
19/03/2010 6:00;10.175
20/03/2010 6:00;8.88
21/03/2010 6:00;1.905
22/03/2010 6:00;0.035
23/03/2010 6:00;2.215
24/03/2010 6:00;13.515
25/03/2010 6:00;9.365
26/03/2010 6:00;7.26
27/03/2010 6:00;0.465
28/03/2010 6:00;2.77
29/03/2010 6:00;10.38
30/03/2010 6:00;8.75
31/03/2010 6:00;8
01/04/2010 6:00;8
02/04/2010 6:00;9.385
03/04/2010 6:00;9.015
04/04/2010 6:00;0.4
05/04/2010 6:00;0.015
06/04/2010 6:00;7.12
07/04/2010 6:00;0.17
08/04/2010 6:00;0
09/04/2010 6:00;0
10/04/2010 6:00;0
11/04/2010 6:00;0
12/04/2010 6:00;0
13/04/2010 6:00;0
14/04/2010 6:00;0.115
15/04/2010 6:00;5.55
16/04/2010 6:00;2.435
17/04/2010 6:00;5.105
18/04/2010 6:00;0.365
19/04/2010 6:00;0
20/04/2010 6:00;1.54
21/04/2010 6:00;5.21
22/04/2010 6:00;0.505
23/04/2010 6:00;0.055
24/04/2010 6:00;0.415
25/04/2010 6:00;0.02
26/04/2010 6:00;0
27/04/2010 6:00;0
28/04/2010 6:00;1.51
29/04/2010 6:00;0.23
30/04/2010 6:00;3.89
01/05/2010 6:00;1.015
02/05/2010 6:00;2.365
03/05/2010 6:00;1.62
04/05/2010 6:00;0.165
05/05/2010 6:00;0
06/05/2010 6:00;5.105
07/05/2010 6:00;3.94
08/05/2010 6:00;31.26
09/05/2010 6:00;26.425
10/05/2010 6:00;10.585
11/05/2010 6:00;5.67
12/05/2010 6:00;5.305
13/05/2010 6:00;2.705
14/05/2010 6:00;1.745
15/05/2010 6:00;0.135
16/05/2010 6:00;0
17/05/2010 6:00;0
18/05/2010 6:00;0
19/05/2010 6:00;0
20/05/2010 6:00;0
21/05/2010 6:00;0
22/05/2010 6:00;0
23/05/2010 6:00;0.29
24/05/2010 6:00;10.695
25/05/2010 6:00;4.095
26/05/2010 6:00;3.32
27/05/2010 6:00;0.205
28/05/2010 6:00;0.755
29/05/2010 6:00;0.38
30/05/2010 6:00;0.1
31/05/2010 6:00;0
01/06/2010 6:00;0.3
02/06/2010 6:00;0.02
03/06/2010 6:00;0.05
04/06/2010 6:00;0.085
05/06/2010 6:00;0.28
06/06/2010 6:00;0
07/06/2010 6:00;1.54
08/06/2010 6:00;33.405
09/06/2010 6:00;16.14
10/06/2010 6:00;22.565
11/06/2010 6:00;8.375
12/06/2010 6:00;0.905
13/06/2010 6:00;0.47
14/06/2010 6:00;0.13
15/06/2010 6:00;1.825
16/06/2010 6:00;0.045
17/06/2010 6:00;0
18/06/2010 6:00;0.005
19/06/2010 6:00;0.005
20/06/2010 6:00;0
21/06/2010 6:00;0
22/06/2010 6:00;0
23/06/2010 6:00;0
24/06/2010 6:00;0.05
25/06/2010 6:00;0
26/06/2010 6:00;0
27/06/2010 6:00;0
28/06/2010 6:00;0
29/06/2010 6:00;0
30/06/2010 6:00;0
01/07/2010 6:00;2.23
02/07/2010 6:00;3.69
03/07/2010 6:00;0.225
04/07/2010 6:00;0
05/07/2010 6:00;0
06/07/2010 6:00;0
07/07/2010 6:00;2.7
08/07/2010 6:00;6.115
09/07/2010 6:00;1.285
10/07/2010 6:00;0.08
11/07/2010 6:00;0
12/07/2010 6:00;1.05
13/07/2010 6:00;1.685
14/07/2010 6:00;0.46
15/07/2010 6:00;4.84
16/07/2010 6:00;0.645
17/07/2010 6:00;0
18/07/2010 6:00;0
19/07/2010 6:00;0
20/07/2010 6:00;0.855
21/07/2010 6:00;0.03
22/07/2010 6:00;0.23
23/07/2010 6:00;0
24/07/2010 6:00;0
25/07/2010 6:00;0
26/07/2010 6:00;0
27/07/2010 6:00;0
28/07/2010 6:00;0
29/07/2010 6:00;0
30/07/2010 6:00;0
31/07/2010 6:00;0.14
01/08/2010 6:00;0.01
02/08/2010 6:00;0.06
03/08/2010 6:00;0.025
04/08/2010 6:00;0.735
05/08/2010 6:00;0.01
06/08/2010 6:00;0
07/08/2010 6:00;0
08/08/2010 6:00;0
09/08/2010 6:00;0
10/08/2010 6:00;0
11/08/2010 6:00;1.185
12/08/2010 6:00;0.44
13/08/2010 6:00;0
14/08/2010 6:00;0
15/08/2010 6:00;0
16/08/2010 6:00;0.185
17/08/2010 6:00;0.745
18/08/2010 6:00;1.635
19/08/2010 6:00;0.02
20/08/2010 6:00;0
21/08/2010 6:00;0.09
22/08/2010 6:00;0.91
23/08/2010 6:00;6.04
24/08/2010 6:00;0.71
25/08/2010 6:00;0.045
26/08/2010 6:00;1.52
27/08/2010 6:00;0.1
28/08/2010 6:00;0.03
29/08/2010 6:00;0
30/08/2010 6:00;0
31/08/2010 6:00;0.18
01/09/2010 6:00;1.35
02/09/2010 6:00;0.135
03/09/2010 6:00;0.075
04/09/2010 6:00;0.155
05/09/2010 6:00;0.06
06/09/2010 6:00;16.785
07/09/2010 6:00;4.89
08/09/2010 6:00;0.385
09/09/2010 6:00;0
10/09/2010 6:00;0
11/09/2010 6:00;0.01
12/09/2010 6:00;0
13/09/2010 6:00;0
14/09/2010 6:00;0
15/09/2010 6:00;0.215
16/09/2010 6:00;0.045
17/09/2010 6:00;0.005
18/09/2010 6:00;0
19/09/2010 6:00;0
20/09/2010 6:00;0
21/09/2010 6:00;0
22/09/2010 6:00;0
23/09/2010 6:00;1.73
24/09/2010 6:00;0.565
25/09/2010 6:00;0.115
26/09/2010 6:00;0.005
27/09/2010 6:00;0
28/09/2010 6:00;0
29/09/2010 6:00;5.615
30/09/2010 6:00;0.21
01/10/2010 6:00;1.08
02/10/2010 6:00;28.535
03/10/2010 6:00;34.495
04/10/2010 6:00;1.57
05/10/2010 6:00;37.385
06/10/2010 6:00;1.895
07/10/2010 6:00;9.055
08/10/2010 6:00;37.835
09/10/2010 6:00;3.535
10/10/2010 6:00;0.295
11/10/2010 6:00;0.075
12/10/2010 6:00;0.01
13/10/2010 6:00;0
14/10/2010 6:00;0
15/10/2010 6:00;0
16/10/2010 6:00;0
17/10/2010 6:00;0
18/10/2010 6:00;0
19/10/2010 6:00;0
20/10/2010 6:00;0
21/10/2010 6:00;0
22/10/2010 6:00;1.31
23/10/2010 6:00;1.4
24/10/2010 6:00;3.265
25/10/2010 6:00;0.155
26/10/2010 6:00;0
27/10/2010 6:00;0
28/10/2010 6:00;9.23
29/10/2010 6:00;20.56
30/10/2010 6:00;17.785
31/10/2010 6:00;12.26
01/11/2010 6:00;0.585
02/11/2010 6:00;0.16
03/11/2010 6:00;0
04/11/2010 6:00;0.05
05/11/2010 6:00;0.175
06/11/2010 6:00;4.345
07/11/2010 6:00;6.985
08/11/2010 6:00;20.085
09/11/2010 6:00;12.955
10/11/2010 6:00;1.77
11/11/2010 6:00;3.6
12/11/2010 6:00;4.255
13/11/2010 6:00;43.7
14/11/2010 6:00;19.17
15/11/2010 6:00;4.425
16/11/2010 6:00;12.235
17/11/2010 6:00;8.485
18/11/2010 6:00;6.48
19/11/2010 6:00;16.925
20/11/2010 6:00;35.825
21/11/2010 6:00;17.635
22/11/2010 6:00;4.29
23/11/2010 6:00;0.295
24/11/2010 6:00;0
25/11/2010 6:00;0.66
26/11/2010 6:00;2.305
27/11/2010 6:00;8.37
28/11/2010 6:00;3.205
29/11/2010 6:00;3.875
30/11/2010 6:00;3.005
01/12/2010 6:00;5.225
02/12/2010 6:00;13.925
03/12/2010 6:00;4.06
04/12/2010 6:00;11.21
05/12/2010 6:00;24.035
06/12/2010 6:00;12.76
07/12/2010 6:00;22.385
08/12/2010 6:00;5.3
09/12/2010 6:00;1.935
10/12/2010 6:00;0.08
11/12/2010 6:00;0
12/12/2010 6:00;0.06
13/12/2010 6:00;0
14/12/2010 6:00;0
15/12/2010 6:00;0
16/12/2010 6:00;0
17/12/2010 6:00;4.57
18/12/2010 6:00;0.28
19/12/2010 6:00;2.06
20/12/2010 6:00;0.3
21/12/2010 6:00;3.6
22/12/2010 6:00;18.985
23/12/2010 6:00;6.515
24/12/2010 6:00;1.065
25/12/2010 6:00;0
26/12/2010 6:00;0
27/12/2010 6:00;1.085
28/12/2010 6:00;6.065
29/12/2010 6:00;2.1
30/12/2010 6:00;0.245
31/12/2010 6:00;0.115
01/01/2011 6:00;0
02/01/2011 6:00;0.21
03/01/2011 6:00;7.305
04/01/2011 6:00;7.865
05/01/2011 6:00;30.44
06/01/2011 6:00;11.095
07/01/2011 6:00;12.13
08/01/2011 6:00;14.225
09/01/2011 6:00;1.005
10/01/2011 6:00;0.96
11/01/2011 6:00;1.62
12/01/2011 6:00;0.3
13/01/2011 6:00;0.205
14/01/2011 6:00;1.455
15/01/2011 6:00;1.435
16/01/2011 6:00;10.985
17/01/2011 6:00;2.09
18/01/2011 6:00;1.315
19/01/2011 6:00;1.515
20/01/2011 6:00;0.07
21/01/2011 6:00;0
22/01/2011 6:00;0
23/01/2011 6:00;0.005
24/01/2011 6:00;0
25/01/2011 6:00;0
26/01/2011 6:00;9.71
27/01/2011 6:00;1.265
28/01/2011 6:00;7.82
29/01/2011 6:00;4.82
30/01/2011 6:00;3.06
31/01/2011 6:00;0.485
01/02/2011 6:00;0
02/02/2011 6:00;0
03/02/2011 6:00;0
04/02/2011 6:00;0
05/02/2011 6:00;0.02
06/02/2011 6:00;0
07/02/2011 6:00;0
08/02/2011 6:00;1.905
09/02/2011 6:00;3.155
10/02/2011 6:00;0.555
11/02/2011 6:00;9.445
12/02/2011 6:00;8.21
13/02/2011 6:00;20.915
14/02/2011 6:00;12.315
15/02/2011 6:00;14.91
16/02/2011 6:00;25.3
17/02/2011 6:00;2.945
18/02/2011 6:00;5.81
19/02/2011 6:00;0.335
20/02/2011 6:00;7.765
21/02/2011 6:00;0.925
22/02/2011 6:00;0.62
23/02/2011 6:00;0.1
24/02/2011 6:00;0
25/02/2011 6:00;0.07
26/02/2011 6:00;1.085
27/02/2011 6:00;1.16
28/02/2011 6:00;1.07
01/03/2011 6:00;1.135
02/03/2011 6:00;0.165
03/03/2011 6:00;0.025
04/03/2011 6:00;0.1
05/03/2011 6:00;0
06/03/2011 6:00;0
07/03/2011 6:00;0
08/03/2011 6:00;0
09/03/2011 6:00;0
10/03/2011 6:00;0
11/03/2011 6:00;1.92
12/03/2011 6:00;13.46
13/03/2011 6:00;15.99
14/03/2011 6:00;3.48
15/03/2011 6:00;6.255
16/03/2011 6:00;4.015
17/03/2011 6:00;0.12
18/03/2011 6:00;0
19/03/2011 6:00;0
20/03/2011 6:00;0
21/03/2011 6:00;0
22/03/2011 6:00;0.695
23/03/2011 6:00;0.19
24/03/2011 6:00;3.43
25/03/2011 6:00;0.915
26/03/2011 6:00;15.085
27/03/2011 6:00;8.575
28/03/2011 6:00;2.635
29/03/2011 6:00;9.645
30/03/2011 6:00;0.6
31/03/2011 6:00;0
01/04/2011 6:00;0.055
02/04/2011 6:00;0.14
03/04/2011 6:00;0
04/04/2011 6:00;0
05/04/2011 6:00;0
06/04/2011 6:00;0
07/04/2011 6:00;0
08/04/2011 6:00;0
09/04/2011 6:00;0.1
10/04/2011 6:00;0.1
11/04/2011 6:00;0
12/04/2011 6:00;0
13/04/2011 6:00;0
14/04/2011 6:00;0
15/04/2011 6:00;0
16/04/2011 6:00;0
17/04/2011 6:00;0
18/04/2011 6:00;1.32
19/04/2011 6:00;15.39
20/04/2011 6:00;4.825
21/04/2011 6:00;9.575
22/04/2011 6:00;28.39
23/04/2011 6:00;7.245
24/04/2011 6:00;0
25/04/2011 6:00;0
26/04/2011 6:00;0
27/04/2011 6:00;0
28/04/2011 6:00;0
29/04/2011 6:00;0.44
30/04/2011 6:00;0.625
01/05/2011 6:00;1.265
02/05/2011 6:00;0.005
03/05/2011 6:00;0
04/05/2011 6:00;0.37
05/05/2011 6:00;0
06/05/2011 6:00;0.935
07/05/2011 6:00;13.61
08/05/2011 6:00;1.15
09/05/2011 6:00;0.07
10/05/2011 6:00;0
11/05/2011 6:00;0.02
12/05/2011 6:00;0
13/05/2011 6:00;0.09
14/05/2011 6:00;0
15/05/2011 6:00;0
16/05/2011 6:00;0
17/05/2011 6:00;0
18/05/2011 6:00;0.05
19/05/2011 6:00;0.04
20/05/2011 6:00;0.035
21/05/2011 6:00;0
22/05/2011 6:00;0
23/05/2011 6:00;0.005
24/05/2011 6:00;0
25/05/2011 6:00;0
26/05/2011 6:00;0
27/05/2011 6:00;0
28/05/2011 6:00;0.05
29/05/2011 6:00;13.05
30/05/2011 6:00;2.665
31/05/2011 6:00;0.19
01/06/2011 6:00;0
02/06/2011 6:00;0
03/06/2011 6:00;0
04/06/2011 6:00;0
05/06/2011 6:00;2.04
06/06/2011 6:00;6.005
07/06/2011 6:00;0.29
08/06/2011 6:00;0
09/06/2011 6:00;0.09
10/06/2011 6:00;0
11/06/2011 6:00;0
12/06/2011 6:00;1.035
13/06/2011 6:00;0.835
14/06/2011 6:00;0.22
15/06/2011 6:00;0.12
16/06/2011 6:00;0.015
17/06/2011 6:00;3.71
18/06/2011 6:00;0.34
19/06/2011 6:00;0
20/06/2011 6:00;0.105
21/06/2011 6:00;0.915
22/06/2011 6:00;0.21
23/06/2011 6:00;0.1
24/06/2011 6:00;0
25/06/2011 6:00;0
26/06/2011 6:00;0.165
27/06/2011 6:00;0.185
28/06/2011 6:00;0.03
29/06/2011 6:00;0
30/06/2011 6:00;0
01/07/2011 6:00;0
02/07/2011 6:00;0
03/07/2011 6:00;0
04/07/2011 6:00;0.38
05/07/2011 6:00;0.32
06/07/2011 6:00;0.135
07/07/2011 6:00;1.49
08/07/2011 6:00;1.53
09/07/2011 6:00;0.575
10/07/2011 6:00;0.2
11/07/2011 6:00;2.065
12/07/2011 6:00;0.84
13/07/2011 6:00;0.03
14/07/2011 6:00;0.295
15/07/2011 6:00;0.57
16/07/2011 6:00;2.72
17/07/2011 6:00;0.46
18/07/2011 6:00;3.84
19/07/2011 6:00;0.51
20/07/2011 6:00;1.555
21/07/2011 6:00;0.435
22/07/2011 6:00;0
23/07/2011 6:00;0
24/07/2011 6:00;0.41
25/07/2011 6:00;2.62
26/07/2011 6:00;0.6
27/07/2011 6:00;0
28/07/2011 6:00;0
29/07/2011 6:00;0
30/07/2011 6:00;0
31/07/2011 6:00;0
01/08/2011 6:00;0
02/08/2011 6:00;0
03/08/2011 6:00;0.115
04/08/2011 6:00;1.635
05/08/2011 6:00;3.39
06/08/2011 6:00;1.38
07/08/2011 6:00;0.26
08/08/2011 6:00;0.07
09/08/2011 6:00;0
10/08/2011 6:00;0
11/08/2011 6:00;0
12/08/2011 6:00;0.015
13/08/2011 6:00;0.46
14/08/2011 6:00;7.715
15/08/2011 6:00;0.675
16/08/2011 6:00;0
17/08/2011 6:00;0
18/08/2011 6:00;0
19/08/2011 6:00;0
20/08/2011 6:00;0
21/08/2011 6:00;9.71
22/08/2011 6:00;7.47
23/08/2011 6:00;0.755
24/08/2011 6:00;0.08
25/08/2011 6:00;2.155
26/08/2011 6:00;0.315
27/08/2011 6:00;0.08
28/08/2011 6:00;0
29/08/2011 6:00;0
30/08/2011 6:00;4.9
31/08/2011 6:00;20.47
01/09/2011 6:00;0.68
02/09/2011 6:00;0.115
03/09/2011 6:00;9.63
04/09/2011 6:00;3.42
05/09/2011 6:00;0.05
06/09/2011 6:00;0
07/09/2011 6:00;0.125
08/09/2011 6:00;0.1
09/09/2011 6:00;1.315
10/09/2011 6:00;1.4
11/09/2011 6:00;0.945
12/09/2011 6:00;0.205
13/09/2011 6:00;0.455
14/09/2011 6:00;0.005
15/09/2011 6:00;0.14
16/09/2011 6:00;0
17/09/2011 6:00;0.07
18/09/2011 6:00;0.02
19/09/2011 6:00;0
20/09/2011 6:00;0
21/09/2011 6:00;0
22/09/2011 6:00;0
23/09/2011 6:00;0
24/09/2011 6:00;0.01
25/09/2011 6:00;0
26/09/2011 6:00;0
27/09/2011 6:00;1.425
28/09/2011 6:00;1.225
29/09/2011 6:00;0.325
30/09/2011 6:00;0
01/10/2011 6:00;0
02/10/2011 6:00;0
03/10/2011 6:00;0
04/10/2011 6:00;0
05/10/2011 6:00;0
06/10/2011 6:00;0.705
07/10/2011 6:00;0.015
08/10/2011 6:00;0
09/10/2011 6:00;0
10/10/2011 6:00;0
11/10/2011 6:00;0
12/10/2011 6:00;0
13/10/2011 6:00;0
14/10/2011 6:00;0
15/10/2011 6:00;0
16/10/2011 6:00;0.005
17/10/2011 6:00;0
18/10/2011 6:00;0.825
19/10/2011 6:00;2.675
20/10/2011 6:00;0.08
21/10/2011 6:00;0
22/10/2011 6:00;0.46
23/10/2011 6:00;55.09
24/10/2011 6:00;14.48
25/10/2011 6:00;8.255
26/10/2011 6:00;44.635
27/10/2011 6:00;6.34
28/10/2011 6:00;0.185
29/10/2011 6:00;0.01
30/10/2011 6:00;2.52
31/10/2011 6:00;17.265
01/11/2011 6:00;0.715
02/11/2011 6:00;18.65
03/11/2011 6:00;21.105
04/11/2011 6:00;13.32
05/11/2011 6:00;7.755
06/11/2011 6:00;1.5
07/11/2011 6:00;0
08/11/2011 6:00;1.735
09/11/2011 6:00;7.76
10/11/2011 6:00;17.985
11/11/2011 6:00;5.32
12/11/2011 6:00;14.275
13/11/2011 6:00;6.45
14/11/2011 6:00;1.49
15/11/2011 6:00;9.455
16/11/2011 6:00;1.065
17/11/2011 6:00;0.055
18/11/2011 6:00;6.955
19/11/2011 6:00;2.245
20/11/2011 6:00;0.235
21/11/2011 6:00;27.075
22/11/2011 6:00;18.635
23/11/2011 6:00;0.79
24/11/2011 6:00;0
25/11/2011 6:00;0.07
26/11/2011 6:00;0
27/11/2011 6:00;0.04
28/11/2011 6:00;0
29/11/2011 6:00;7.565
30/11/2011 6:00;5.09
01/12/2011 6:00;22.535
02/12/2011 6:00;5.145
03/12/2011 6:00;2.95
04/12/2011 6:00;6.365
05/12/2011 6:00;7.485
06/12/2011 6:00;1.445
07/12/2011 6:00;1.53
08/12/2011 6:00;1.04
09/12/2011 6:00;7.575
10/12/2011 6:00;1.785
11/12/2011 6:00;4.53
12/12/2011 6:00;1.82
13/12/2011 6:00;12.28
14/12/2011 6:00;4.57
15/12/2011 6:00;10.175
16/12/2011 6:00;13.06
17/12/2011 6:00;6.185
18/12/2011 6:00;1.11
19/12/2011 6:00;0.115
20/12/2011 6:00;2.895
21/12/2011 6:00;0.435
22/12/2011 6:00;0.01
23/12/2011 6:00;1.72
24/12/2011 6:00;0.06
25/12/2011 6:00;0
26/12/2011 6:00;0
27/12/2011 6:00;0
28/12/2011 6:00;0.635
29/12/2011 6:00;0.115
30/12/2011 6:00;0.315
31/12/2011 6:00;2.265
01/01/2012 6:00;13.14
02/01/2012 6:00;2.59
03/01/2012 6:00;2.365
04/01/2012 6:00;0.62
05/01/2012 6:00;0.58
06/01/2012 6:00;1.065
07/01/2012 6:00;0.055
08/01/2012 6:00;0
09/01/2012 6:00;0
10/01/2012 6:00;0
11/01/2012 6:00;0.01
12/01/2012 6:00;0
13/01/2012 6:00;0
14/01/2012 6:00;5.835
15/01/2012 6:00;3.39
16/01/2012 6:00;0.07
17/01/2012 6:00;0.45
18/01/2012 6:00;1.66
19/01/2012 6:00;1.345
20/01/2012 6:00;3.555
21/01/2012 6:00;0.565
22/01/2012 6:00;0.1
23/01/2012 6:00;0.045
24/01/2012 6:00;0
25/01/2012 6:00;3.33
26/01/2012 6:00;3.18
27/01/2012 6:00;0.19
28/01/2012 6:00;0
29/01/2012 6:00;0
30/01/2012 6:00;0
31/01/2012 6:00;4.91
01/02/2012 6:00;3.085
02/02/2012 6:00;0.135
03/02/2012 6:00;0
04/02/2012 6:00;0.235
05/02/2012 6:00;6.94
06/02/2012 6:00;2.505
07/02/2012 6:00;0.295
08/02/2012 6:00;0.005
09/02/2012 6:00;0
10/02/2012 6:00;0
11/02/2012 6:00;0
12/02/2012 6:00;0
13/02/2012 6:00;2.6
14/02/2012 6:00;1.235
15/02/2012 6:00;0.08
16/02/2012 6:00;0
17/02/2012 6:00;0
18/02/2012 6:00;0
19/02/2012 6:00;0.36
20/02/2012 6:00;0
21/02/2012 6:00;0
22/02/2012 6:00;0
23/02/2012 6:00;0
24/02/2012 6:00;0
25/02/2012 6:00;0
26/02/2012 6:00;0
27/02/2012 6:00;0
28/02/2012 6:00;0
29/02/2012 6:00;0
01/03/2012 6:00;0.485
02/03/2012 6:00;2.235
03/03/2012 6:00;2.755
04/03/2012 6:00;1.435
05/03/2012 6:00;0.155
06/03/2012 6:00;2.31
07/03/2012 6:00;1.15
08/03/2012 6:00;0.135
09/03/2012 6:00;0
10/03/2012 6:00;0.08
11/03/2012 6:00;0.08
12/03/2012 6:00;0
13/03/2012 6:00;0.025
14/03/2012 6:00;0
15/03/2012 6:00;0
16/03/2012 6:00;4.46
17/03/2012 6:00;6.01
18/03/2012 6:00;3.945
19/03/2012 6:00;0.24
20/03/2012 6:00;0
21/03/2012 6:00;0
22/03/2012 6:00;0
23/03/2012 6:00;0
24/03/2012 6:00;0
25/03/2012 6:00;0
26/03/2012 6:00;0
27/03/2012 6:00;0
28/03/2012 6:00;0
29/03/2012 6:00;0
30/03/2012 6:00;0
31/03/2012 6:00;0
01/04/2012 6:00;0
02/04/2012 6:00;0
03/04/2012 6:00;0.58
04/04/2012 6:00;2.12
05/04/2012 6:00;0.65
06/04/2012 6:00;10.47
07/04/2012 6:00;0.35
08/04/2012 6:00;0.16
09/04/2012 6:00;11.745
10/04/2012 6:00;5.33
11/04/2012 6:00;13.54
12/04/2012 6:00;7.1
13/04/2012 6:00;17.36
14/04/2012 6:00;7.235
15/04/2012 6:00;2.065
16/04/2012 6:00;0.71
17/04/2012 6:00;11.68
18/04/2012 6:00;34.55
19/04/2012 6:00;9.365
20/04/2012 6:00;5.725
21/04/2012 6:00;1.44
22/04/2012 6:00;2.305
23/04/2012 6:00;2.855
24/04/2012 6:00;18.07
25/04/2012 6:00;9.225
26/04/2012 6:00;6.295
27/04/2012 6:00;0.93
28/04/2012 6:00;1.23
29/04/2012 6:00;2.84
30/04/2012 6:00;15.62
01/05/2012 6:00;5.295
02/05/2012 6:00;7.885
03/05/2012 6:00;23.34
04/05/2012 6:00;24.145
05/05/2012 6:00;2.24
06/05/2012 6:00;0.25
07/05/2012 6:00;11.44
08/05/2012 6:00;4.315
09/05/2012 6:00;0.4
10/05/2012 6:00;0
11/05/2012 6:00;0
12/05/2012 6:00;0
13/05/2012 6:00;0
14/05/2012 6:00;0
15/05/2012 6:00;0
16/05/2012 6:00;0
17/05/2012 6:00;0
18/05/2012 6:00;0.105
19/05/2012 6:00;5.76
20/05/2012 6:00;0.7
21/05/2012 6:00;0.435
22/05/2012 6:00;0.145
23/05/2012 6:00;0
24/05/2012 6:00;0
25/05/2012 6:00;1.84
26/05/2012 6:00;1.34
27/05/2012 6:00;1.42
28/05/2012 6:00;0.04
29/05/2012 6:00;0
30/05/2012 6:00;0
31/05/2012 6:00;0.335
01/06/2012 6:00;0.475
02/06/2012 6:00;0.05
03/06/2012 6:00;0
04/06/2012 6:00;0
05/06/2012 6:00;1.495
06/06/2012 6:00;7.485
07/06/2012 6:00;1.82
08/06/2012 6:00;0.605
09/06/2012 6:00;2.595
10/06/2012 6:00;3.235
11/06/2012 6:00;4.265
12/06/2012 6:00;0.79
13/06/2012 6:00;0.335
14/06/2012 6:00;0.69
15/06/2012 6:00;13.81
16/06/2012 6:00;0.725
17/06/2012 6:00;20.535
18/06/2012 6:00;1.035
19/06/2012 6:00;1.76
20/06/2012 6:00;10.46
21/06/2012 6:00;1.43
22/06/2012 6:00;0
23/06/2012 6:00;0
24/06/2012 6:00;0
25/06/2012 6:00;0.06
26/06/2012 6:00;0
27/06/2012 6:00;0.195
28/06/2012 6:00;0.075
29/06/2012 6:00;3.405
30/06/2012 6:00;1.58
01/07/2012 6:00;0
02/07/2012 6:00;0.04
03/07/2012 6:00;1.525
04/07/2012 6:00;2.9
05/07/2012 6:00;5.485
06/07/2012 6:00;3.95
07/07/2012 6:00;2.38
08/07/2012 6:00;1.18
09/07/2012 6:00;0.46
10/07/2012 6:00;0.43
11/07/2012 6:00;0
12/07/2012 6:00;0.405
13/07/2012 6:00;4.205
14/07/2012 6:00;0.9
15/07/2012 6:00;0.04
16/07/2012 6:00;0
17/07/2012 6:00;0
18/07/2012 6:00;0
19/07/2012 6:00;0
20/07/2012 6:00;0
21/07/2012 6:00;0
22/07/2012 6:00;0
23/07/2012 6:00;0
24/07/2012 6:00;0
25/07/2012 6:00;0.035
26/07/2012 6:00;0.2
27/07/2012 6:00;0.635
28/07/2012 6:00;0.06
29/07/2012 6:00;0
30/07/2012 6:00;0
31/07/2012 6:00;0
01/08/2012 6:00;0.345
02/08/2012 6:00;0.005
03/08/2012 6:00;0.08
04/08/2012 6:00;1.995
05/08/2012 6:00;0.525
06/08/2012 6:00;0.075
07/08/2012 6:00;0
08/08/2012 6:00;0
09/08/2012 6:00;0
10/08/2012 6:00;0.03
11/08/2012 6:00;0.1
12/08/2012 6:00;0.335
13/08/2012 6:00;6.115
14/08/2012 6:00;14.14
15/08/2012 6:00;4.195
16/08/2012 6:00;0.215
17/08/2012 6:00;0.01
18/08/2012 6:00;1.1
19/08/2012 6:00;0.91
20/08/2012 6:00;0.54
21/08/2012 6:00;0.1
22/08/2012 6:00;0
23/08/2012 6:00;0.48
24/08/2012 6:00;3.585
25/08/2012 6:00;0.245
26/08/2012 6:00;0
27/08/2012 6:00;5.5
28/08/2012 6:00;0.1
29/08/2012 6:00;2.21
30/08/2012 6:00;0.12
31/08/2012 6:00;0
01/09/2012 6:00;0
02/09/2012 6:00;0
03/09/2012 6:00;0
04/09/2012 6:00;0
05/09/2012 6:00;0
06/09/2012 6:00;0
07/09/2012 6:00;0
08/09/2012 6:00;0.025
09/09/2012 6:00;0
10/09/2012 6:00;1.245
11/09/2012 6:00;0.135
12/09/2012 6:00;0
13/09/2012 6:00;0.015
14/09/2012 6:00;0.02
15/09/2012 6:00;0
16/09/2012 6:00;0
17/09/2012 6:00;0.08
18/09/2012 6:00;0.015
19/09/2012 6:00;0
20/09/2012 6:00;0.02
21/09/2012 6:00;0
22/09/2012 6:00;7.42
23/09/2012 6:00;22.725
24/09/2012 6:00;7.895
25/09/2012 6:00;9.43
26/09/2012 6:00;2.465
27/09/2012 6:00;0
28/09/2012 6:00;0
29/09/2012 6:00;0
30/09/2012 6:00;0
01/10/2012 6:00;0.525
02/10/2012 6:00;1.255
03/10/2012 6:00;0.04
04/10/2012 6:00;0.01
05/10/2012 6:00;0.14
06/10/2012 6:00;1.255
07/10/2012 6:00;1.215
08/10/2012 6:00;2.09
09/10/2012 6:00;1.985
10/10/2012 6:00;16.855
11/10/2012 6:00;3.285
12/10/2012 6:00;0.165
13/10/2012 6:00;5.74
14/10/2012 6:00;1.04
15/10/2012 6:00;23.325
16/10/2012 6:00;14.39
17/10/2012 6:00;13.765
18/10/2012 6:00;2.29
19/10/2012 6:00;1.755
20/10/2012 6:00;0
21/10/2012 6:00;0.04
22/10/2012 6:00;6.815
23/10/2012 6:00;0.105
24/10/2012 6:00;6.525
25/10/2012 6:00;0.38
26/10/2012 6:00;1.32
27/10/2012 6:00;0.27
28/10/2012 6:00;0
29/10/2012 6:00;1.475
30/10/2012 6:00;0.3
31/10/2012 6:00;5.995
01/11/2012 6:00;4.58
02/11/2012 6:00;16.46
03/11/2012 6:00;6.175
04/11/2012 6:00;6.095
05/11/2012 6:00;4.225
06/11/2012 6:00;0.115
07/11/2012 6:00;2.49
08/11/2012 6:00;5.685
09/11/2012 6:00;5.79
10/11/2012 6:00;14.405
11/11/2012 6:00;4.7
12/11/2012 6:00;0.14
13/11/2012 6:00;0
14/11/2012 6:00;0.03
15/11/2012 6:00;0.665
16/11/2012 6:00;10.36
17/11/2012 6:00;18.34
18/11/2012 6:00;0.495
19/11/2012 6:00;0.725
20/11/2012 6:00;23.85
21/11/2012 6:00;0.82
22/11/2012 6:00;0.615
23/11/2012 6:00;4.665
24/11/2012 6:00;2.4
25/11/2012 6:00;7.085
26/11/2012 6:00;11.305
27/11/2012 6:00;18.89
28/11/2012 6:00;17.465
29/11/2012 6:00;22.36
30/11/2012 6:00;14.705
01/12/2012 6:00;3
02/12/2012 6:00;0.19
03/12/2012 6:00;12.825
04/12/2012 6:00;5.135
05/12/2012 6:00;1.285
06/12/2012 6:00;6.67
07/12/2012 6:00;1.62
08/12/2012 6:00;0.025
09/12/2012 6:00;0
10/12/2012 6:00;0
11/12/2012 6:00;0
12/12/2012 6:00;9.235
13/12/2012 6:00;36.255
14/12/2012 6:00;13.49
15/12/2012 6:00;10.67
16/12/2012 6:00;3.31
17/12/2012 6:00;2.475
18/12/2012 6:00;6.75
19/12/2012 6:00;22.285
20/12/2012 6:00;7.12
21/12/2012 6:00;0.75
22/12/2012 6:00;2.31
23/12/2012 6:00;3.34
24/12/2012 6:00;13.215
25/12/2012 6:00;2.945
26/12/2012 6:00;0.805
27/12/2012 6:00;0.62
28/12/2012 6:00;9.135
29/12/2012 6:00;4.54
30/12/2012 6:00;2.165
31/12/2012 6:00;22.025
01/01/2013 6:00;2.05
02/01/2013 6:00;0.04
03/01/2013 6:00;0
04/01/2013 6:00;0
05/01/2013 6:00;0
06/01/2013 6:00;0
07/01/2013 6:00;0
08/01/2013 6:00;7.865
09/01/2013 6:00;10.13
10/01/2013 6:00;0.61
11/01/2013 6:00;4.215
12/01/2013 6:00;10.015
13/01/2013 6:00;5.655
14/01/2013 6:00;3.76
15/01/2013 6:00;14.71
16/01/2013 6:00;8.87
17/01/2013 6:00;24.94
18/01/2013 6:00;49.025
19/01/2013 6:00;24.35
20/01/2013 6:00;12.455
21/01/2013 6:00;15.605
22/01/2013 6:00;8.755
23/01/2013 6:00;3.82
24/01/2013 6:00;1.625
25/01/2013 6:00;2.905
26/01/2013 6:00;7.175
27/01/2013 6:00;16.1
28/01/2013 6:00;1.95
29/01/2013 6:00;4.24
30/01/2013 6:00;11.85
31/01/2013 6:00;6.5
01/02/2013 6:00;22.335
02/02/2013 6:00;3.73
03/02/2013 6:00;1.125
04/02/2013 6:00;2.19
05/02/2013 6:00;5.585
06/02/2013 6:00;4.92
07/02/2013 6:00;2.255
08/02/2013 6:00;0.71
09/02/2013 6:00;3.355
10/02/2013 6:00;11.705
11/02/2013 6:00;6.49
12/02/2013 6:00;10.19
13/02/2013 6:00;1.91
14/02/2013 6:00;1.135
15/02/2013 6:00;0.19
16/02/2013 6:00;0.91
17/02/2013 6:00;6.17
18/02/2013 6:00;0.235
19/02/2013 6:00;0
20/02/2013 6:00;1.41
21/02/2013 6:00;3.71
22/02/2013 6:00;10.33
23/02/2013 6:00;1.765
24/02/2013 6:00;2.295
25/02/2013 6:00;0.405
26/02/2013 6:00;4
27/02/2013 6:00;0.13
28/02/2013 6:00;0
01/03/2013 6:00;0
02/03/2013 6:00;0
03/03/2013 6:00;0
04/03/2013 6:00;0.025
05/03/2013 6:00;2.045
06/03/2013 6:00;15.625
07/03/2013 6:00;28.69
08/03/2013 6:00;4.205
09/03/2013 6:00;25.615
10/03/2013 6:00;8.425
11/03/2013 6:00;25.105
12/03/2013 6:00;12.775
13/03/2013 6:00;4.64
14/03/2013 6:00;1.515
15/03/2013 6:00;1.67
16/03/2013 6:00;14.165
17/03/2013 6:00;5.625
18/03/2013 6:00;6.12
19/03/2013 6:00;2.98
20/03/2013 6:00;6.605
21/03/2013 6:00;11.635
22/03/2013 6:00;8.13
23/03/2013 6:00;11.125
24/03/2013 6:00;6.455
25/03/2013 6:00;14.98
26/03/2013 6:00;12.5
27/03/2013 6:00;10.93
28/03/2013 6:00;17.04
29/03/2013 6:00;8.09
30/03/2013 6:00;1.35
31/03/2013 6:00;3.58
01/04/2013 6:00;8.565
02/04/2013 6:00;3.18
03/04/2013 6:00;7.18
04/04/2013 6:00;3.195
05/04/2013 6:00;1.945
06/04/2013 6:00;2.72
07/04/2013 6:00;10.885
08/04/2013 6:00;14.59
09/04/2013 6:00;4.175
10/04/2013 6:00;34.205
11/04/2013 6:00;13.27
12/04/2013 6:00;0.645
13/04/2013 6:00;0
14/04/2013 6:00;5.2
15/04/2013 6:00;0.225
16/04/2013 6:00;0
17/04/2013 6:00;0.325
18/04/2013 6:00;0.105
19/04/2013 6:00;0
20/04/2013 6:00;0
21/04/2013 6:00;0
22/04/2013 6:00;0
23/04/2013 6:00;0
24/04/2013 6:00;0
25/04/2013 6:00;0.1
26/04/2013 6:00;2.22
27/04/2013 6:00;6.755
28/04/2013 6:00;0.49
29/04/2013 6:00;0.01
30/04/2013 6:00;4.375
01/05/2013 6:00;2.555
02/05/2013 6:00;0.085
03/05/2013 6:00;0
04/05/2013 6:00;0
05/05/2013 6:00;0.02
06/05/2013 6:00;12.63
07/05/2013 6:00;3.445
08/05/2013 6:00;0.3
09/05/2013 6:00;0
10/05/2013 6:00;0
11/05/2013 6:00;0
12/05/2013 6:00;0
13/05/2013 6:00;0
14/05/2013 6:00;8.315
15/05/2013 6:00;4.32
16/05/2013 6:00;13.895
17/05/2013 6:00;16.85
18/05/2013 6:00;6.275
19/05/2013 6:00;2.885
20/05/2013 6:00;0.43
21/05/2013 6:00;0.1
22/05/2013 6:00;0.015
23/05/2013 6:00;0
24/05/2013 6:00;0
25/05/2013 6:00;0
26/05/2013 6:00;0
27/05/2013 6:00;4.51
28/05/2013 6:00;4.76
29/05/2013 6:00;6.155
30/05/2013 6:00;0.225
31/05/2013 6:00;0.66
01/06/2013 6:00;0.2
02/06/2013 6:00;0
03/06/2013 6:00;0
04/06/2013 6:00;0
05/06/2013 6:00;0
06/06/2013 6:00;0
07/06/2013 6:00;0.67
08/06/2013 6:00;2.095
09/06/2013 6:00;0.56
10/06/2013 6:00;1.175
11/06/2013 6:00;0.07
12/06/2013 6:00;6.21
13/06/2013 6:00;0.265
14/06/2013 6:00;0.085
15/06/2013 6:00;0
16/06/2013 6:00;10.98
17/06/2013 6:00;9.68
18/06/2013 6:00;9.165
19/06/2013 6:00;1.49
20/06/2013 6:00;6.97
21/06/2013 6:00;0.41
22/06/2013 6:00;0.125
23/06/2013 6:00;0
24/06/2013 6:00;0
25/06/2013 6:00;0
26/06/2013 6:00;0
27/06/2013 6:00;0
28/06/2013 6:00;0
29/06/2013 6:00;0
30/06/2013 6:00;0
01/07/2013 6:00;0
02/07/2013 6:00;0.24
03/07/2013 6:00;0.01
04/07/2013 6:00;0
05/07/2013 6:00;0
06/07/2013 6:00;0
07/07/2013 6:00;0
08/07/2013 6:00;0
09/07/2013 6:00;0
10/07/2013 6:00;0
11/07/2013 6:00;0
12/07/2013 6:00;0
13/07/2013 6:00;0
14/07/2013 6:00;0
15/07/2013 6:00;0
16/07/2013 6:00;0
17/07/2013 6:00;0
18/07/2013 6:00;0
19/07/2013 6:00;0.165
20/07/2013 6:00;0.165
21/07/2013 6:00;0.055
22/07/2013 6:00;0
23/07/2013 6:00;0.025
24/07/2013 6:00;1.415
25/07/2013 6:00;1.09
26/07/2013 6:00;0.26
27/07/2013 6:00;8.675
28/07/2013 6:00;1.305
29/07/2013 6:00;0.165
30/07/2013 6:00;0
31/07/2013 6:00;0
01/08/2013 6:00;3.02
02/08/2013 6:00;2.565
03/08/2013 6:00;0
04/08/2013 6:00;0.035
05/08/2013 6:00;2.09
06/08/2013 6:00;3.04
07/08/2013 6:00;2.9
08/08/2013 6:00;0.02
09/08/2013 6:00;0
10/08/2013 6:00;0
11/08/2013 6:00;0
12/08/2013 6:00;0.04
13/08/2013 6:00;0.075
14/08/2013 6:00;0
15/08/2013 6:00;0
16/08/2013 6:00;0
17/08/2013 6:00;0.05
18/08/2013 6:00;0.02
19/08/2013 6:00;0
20/08/2013 6:00;0
21/08/2013 6:00;0
22/08/2013 6:00;0.05
23/08/2013 6:00;0.54
24/08/2013 6:00;0.055
25/08/2013 6:00;0.015
26/08/2013 6:00;0
27/08/2013 6:00;0
28/08/2013 6:00;0
29/08/2013 6:00;0
30/08/2013 6:00;0
31/08/2013 6:00;0
01/09/2013 6:00;0
02/09/2013 6:00;0
03/09/2013 6:00;0
04/09/2013 6:00;0.44
05/09/2013 6:00;0.705
06/09/2013 6:00;0.37
07/09/2013 6:00;0.02
08/09/2013 6:00;0
09/09/2013 6:00;0.145
10/09/2013 6:00;0.1
11/09/2013 6:00;0
12/09/2013 6:00;0
13/09/2013 6:00;0
14/09/2013 6:00;0.445
15/09/2013 6:00;0.07
16/09/2013 6:00;0.38
17/09/2013 6:00;0.81
18/09/2013 6:00;0.9
19/09/2013 6:00;0.125
20/09/2013 6:00;0
21/09/2013 6:00;0
22/09/2013 6:00;0
23/09/2013 6:00;0.07
24/09/2013 6:00;3.23
25/09/2013 6:00;4.1
26/09/2013 6:00;0.575
27/09/2013 6:00;17.975
28/09/2013 6:00;12.71
29/09/2013 6:00;2.57
30/09/2013 6:00;3.09
01/10/2013 6:00;0.325
02/10/2013 6:00;16
03/10/2013 6:00;7.11
04/10/2013 6:00;5.69
05/10/2013 6:00;0.16
06/10/2013 6:00;0.025
07/10/2013 6:00;0
08/10/2013 6:00;0
09/10/2013 6:00;0
10/10/2013 6:00;0.005
11/10/2013 6:00;0
12/10/2013 6:00;0
13/10/2013 6:00;1.775
14/10/2013 6:00;20.55
15/10/2013 6:00;13.02
16/10/2013 6:00;1.99
17/10/2013 6:00;1.415
18/10/2013 6:00;21.08
19/10/2013 6:00;5.19
20/10/2013 6:00;2.825
21/10/2013 6:00;72.965
22/10/2013 6:00;15.225
23/10/2013 6:00;10.735
24/10/2013 6:00;28.59
25/10/2013 6:00;4.785
26/10/2013 6:00;2.165
27/10/2013 6:00;17.835
28/10/2013 6:00;10.095
29/10/2013 6:00;0.55
30/10/2013 6:00;0.005
31/10/2013 6:00;4.64
01/11/2013 6:00;28.54
02/11/2013 6:00;7.765
03/11/2013 6:00;14.785
04/11/2013 6:00;10.225
05/11/2013 6:00;4.72
06/11/2013 6:00;3.195
07/11/2013 6:00;29.315
08/11/2013 6:00;4.375
09/11/2013 6:00;2.515
10/11/2013 6:00;0.855
11/11/2013 6:00;0.095
12/11/2013 6:00;0.125
13/11/2013 6:00;0.44
14/11/2013 6:00;0
15/11/2013 6:00;2.835
16/11/2013 6:00;1.46
17/11/2013 6:00;3.58
18/11/2013 6:00;7.945
19/11/2013 6:00;1.95
20/11/2013 6:00;0.475
21/11/2013 6:00;3.105
22/11/2013 6:00;0.19
23/11/2013 6:00;0
24/11/2013 6:00;0.005
25/11/2013 6:00;0
26/11/2013 6:00;0
27/11/2013 6:00;0
28/11/2013 6:00;0
29/11/2013 6:00;0.01
30/11/2013 6:00;0.055
01/12/2013 6:00;0
02/12/2013 6:00;0
03/12/2013 6:00;0
04/12/2013 6:00;0
05/12/2013 6:00;0
06/12/2013 6:00;0.055
07/12/2013 6:00;0
08/12/2013 6:00;0
09/12/2013 6:00;0.02
10/12/2013 6:00;0
11/12/2013 6:00;0
12/12/2013 6:00;1.805
13/12/2013 6:00;4.15
14/12/2013 6:00;0.335
15/12/2013 6:00;0.575
16/12/2013 6:00;10.855
17/12/2013 6:00;1.69
18/12/2013 6:00;18.415
19/12/2013 6:00;6.92
20/12/2013 6:00;0.245
21/12/2013 6:00;6.715
22/12/2013 6:00;2.555
23/12/2013 6:00;46.27
24/12/2013 6:00;14.295
25/12/2013 6:00;8.41
26/12/2013 6:00;7.425
27/12/2013 6:00;19.75
28/12/2013 6:00;3.5
29/12/2013 6:00;2.45
30/12/2013 6:00;7.38
31/12/2013 6:00;11.905
01/01/2014 6:00;15.28
02/01/2014 6:00;5.37
03/01/2014 6:00;8.08
04/01/2014 6:00;14.07
05/01/2014 6:00;21.15
06/01/2014 6:00;3.845
07/01/2014 6:00;4.59
08/01/2014 6:00;19.95
09/01/2014 6:00;2.94
10/01/2014 6:00;0.08
11/01/2014 6:00;0.955
12/01/2014 6:00;10.085
13/01/2014 6:00;13.815
14/01/2014 6:00;4.485
15/01/2014 6:00;12.1
16/01/2014 6:00;9.64
17/01/2014 6:00;12.255
18/01/2014 6:00;16.42
19/01/2014 6:00;9.34
20/01/2014 6:00;0.87
21/01/2014 6:00;10.525
22/01/2014 6:00;4.335
23/01/2014 6:00;0.41
24/01/2014 6:00;3.85
25/01/2014 6:00;5.09
26/01/2014 6:00;2.94
27/01/2014 6:00;9.6
28/01/2014 6:00;12.14
29/01/2014 6:00;6.525
30/01/2014 6:00;4.86
31/01/2014 6:00;13.225
01/02/2014 6:00;9.71
02/02/2014 6:00;18.515
03/02/2014 6:00;7.19
04/02/2014 6:00;30.555
05/02/2014 6:00;8.235
06/02/2014 6:00;20.955
07/02/2014 6:00;20.695
08/02/2014 6:00;8.1
09/02/2014 6:00;18.265
10/02/2014 6:00;8.8
11/02/2014 6:00;2.695
12/02/2014 6:00;5.89
13/02/2014 6:00;4.405
14/02/2014 6:00;18.715
15/02/2014 6:00;5.95
16/02/2014 6:00;6.12
17/02/2014 6:00;4.295
18/02/2014 6:00;1.31
19/02/2014 6:00;1.78
20/02/2014 6:00;5.985
21/02/2014 6:00;4.145
22/02/2014 6:00;1.02
23/02/2014 6:00;1.42
24/02/2014 6:00;3.81
25/02/2014 6:00;8.155
26/02/2014 6:00;5.82
27/02/2014 6:00;4.15
28/02/2014 6:00;2.39
01/03/2014 6:00;18.925
02/03/2014 6:00;9.71
03/03/2014 6:00;4.075
04/03/2014 6:00;2.505
05/03/2014 6:00;0.41
06/03/2014 6:00;0.02
07/03/2014 6:00;0
08/03/2014 6:00;0
09/03/2014 6:00;0
10/03/2014 6:00;0
11/03/2014 6:00;0
12/03/2014 6:00;0
13/03/2014 6:00;0
14/03/2014 6:00;0
15/03/2014 6:00;0
16/03/2014 6:00;0
17/03/2014 6:00;0
18/03/2014 6:00;0
19/03/2014 6:00;0
20/03/2014 6:00;5.05
21/03/2014 6:00;3.825
22/03/2014 6:00;4.14
23/03/2014 6:00;1.89
24/03/2014 6:00;5.385
25/03/2014 6:00;5.59
26/03/2014 6:00;2.4
27/03/2014 6:00;0.19
28/03/2014 6:00;1.74
29/03/2014 6:00;1.4
30/03/2014 6:00;12.405
31/03/2014 6:00;7.975
01/04/2014 6:00;9.08
02/04/2014 6:00;2.34
03/04/2014 6:00;2.65
04/04/2014 6:00;1.945
05/04/2014 6:00;0.725
06/04/2014 6:00;0.63
07/04/2014 6:00;2.795
08/04/2014 6:00;0.125
09/04/2014 6:00;1.595
10/04/2014 6:00;0.48
11/04/2014 6:00;0.075
12/04/2014 6:00;0
13/04/2014 6:00;0
14/04/2014 6:00;0.02
15/04/2014 6:00;0
16/04/2014 6:00;0
17/04/2014 6:00;0
18/04/2014 6:00;0.09
19/04/2014 6:00;0.08
20/04/2014 6:00;3.985
21/04/2014 6:00;1.39
22/04/2014 6:00;12.89
23/04/2014 6:00;4.225
24/04/2014 6:00;7.545
25/04/2014 6:00;15.64
26/04/2014 6:00;1.27
27/04/2014 6:00;0.385
28/04/2014 6:00;0.665
29/04/2014 6:00;1.955
30/04/2014 6:00;0.935
01/05/2014 6:00;0.06
02/05/2014 6:00;0
03/05/2014 6:00;0
04/05/2014 6:00;0
05/05/2014 6:00;0.16
06/05/2014 6:00;1.61
07/05/2014 6:00;0.025
08/05/2014 6:00;0.48
09/05/2014 6:00;0.015
10/05/2014 6:00;0.23
11/05/2014 6:00;0
12/05/2014 6:00;0
13/05/2014 6:00;0
14/05/2014 6:00;0
15/05/2014 6:00;0
16/05/2014 6:00;0
17/05/2014 6:00;0
18/05/2014 6:00;0.315
19/05/2014 6:00;5.695
20/05/2014 6:00;6.59
21/05/2014 6:00;22.59
22/05/2014 6:00;13.345
23/05/2014 6:00;3.605
24/05/2014 6:00;0.515
25/05/2014 6:00;1.15
26/05/2014 6:00;0.06
27/05/2014 6:00;2.6
28/05/2014 6:00;2.59
29/05/2014 6:00;3.875
30/05/2014 6:00;0.09
31/05/2014 6:00;0
01/06/2014 6:00;0
02/06/2014 6:00;0
03/06/2014 6:00;1.505
04/06/2014 6:00;0.14
05/06/2014 6:00;15.825
06/06/2014 6:00;17.415
07/06/2014 6:00;13.185
08/06/2014 6:00;4.895
09/06/2014 6:00;1.69
10/06/2014 6:00;0.035
11/06/2014 6:00;0
12/06/2014 6:00;0
13/06/2014 6:00;0
14/06/2014 6:00;0
15/06/2014 6:00;0
16/06/2014 6:00;0
17/06/2014 6:00;0
18/06/2014 6:00;0
19/06/2014 6:00;0
20/06/2014 6:00;0.27
21/06/2014 6:00;4.515
22/06/2014 6:00;1.18
23/06/2014 6:00;6.775
24/06/2014 6:00;0.62
25/06/2014 6:00;0
26/06/2014 6:00;0
27/06/2014 6:00;12.335
28/06/2014 6:00;1.835
29/06/2014 6:00;0.33
30/06/2014 6:00;5.78
01/07/2014 6:00;3.315
02/07/2014 6:00;0.16
03/07/2014 6:00;0
04/07/2014 6:00;0.24
05/07/2014 6:00;20.14
06/07/2014 6:00;2.055
07/07/2014 6:00;0.67
08/07/2014 6:00;0.165
09/07/2014 6:00;0
10/07/2014 6:00;0
11/07/2014 6:00;0.005
12/07/2014 6:00;0
13/07/2014 6:00;0
14/07/2014 6:00;0
15/07/2014 6:00;0
16/07/2014 6:00;0
17/07/2014 6:00;0
18/07/2014 6:00;12.325
19/07/2014 6:00;8.535
20/07/2014 6:00;0.83
21/07/2014 6:00;0
22/07/2014 6:00;0
23/07/2014 6:00;0.03
24/07/2014 6:00;0.02
25/07/2014 6:00;0.03
26/07/2014 6:00;0
27/07/2014 6:00;0
28/07/2014 6:00;0
29/07/2014 6:00;0
30/07/2014 6:00;0
31/07/2014 6:00;0
01/08/2014 6:00;1.865
02/08/2014 6:00;6.925
03/08/2014 6:00;0.445
04/08/2014 6:00;0.09
05/08/2014 6:00;0
06/08/2014 6:00;0.605
07/08/2014 6:00;1.05
08/08/2014 6:00;6.445
09/08/2014 6:00;2.625
10/08/2014 6:00;11.105
11/08/2014 6:00;0.28
12/08/2014 6:00;0.34
13/08/2014 6:00;0.115
14/08/2014 6:00;0.05
15/08/2014 6:00;0
16/08/2014 6:00;0
17/08/2014 6:00;0
18/08/2014 6:00;0
19/08/2014 6:00;0
20/08/2014 6:00;0
21/08/2014 6:00;0
22/08/2014 6:00;0
23/08/2014 6:00;0
24/08/2014 6:00;0.05
25/08/2014 6:00;1.605
26/08/2014 6:00;3.24
27/08/2014 6:00;1.235
28/08/2014 6:00;0.125
29/08/2014 6:00;0
30/08/2014 6:00;0
31/08/2014 6:00;0
01/09/2014 6:00;0
02/09/2014 6:00;0
03/09/2014 6:00;0.095
04/09/2014 6:00;0
05/09/2014 6:00;0.115
06/09/2014 6:00;1.59
07/09/2014 6:00;8.6
08/09/2014 6:00;0.26
09/09/2014 6:00;0
10/09/2014 6:00;1.095
11/09/2014 6:00;0.825
12/09/2014 6:00;0.63
13/09/2014 6:00;0.43
14/09/2014 6:00;1.72
15/09/2014 6:00;3.345
16/09/2014 6:00;23.21
17/09/2014 6:00;14.8
18/09/2014 6:00;15.91
19/09/2014 6:00;7.8
20/09/2014 6:00;1.69
21/09/2014 6:00;0.625
22/09/2014 6:00;0.075
23/09/2014 6:00;0.065
24/09/2014 6:00;0
25/09/2014 6:00;0
26/09/2014 6:00;0
27/09/2014 6:00;0.315
28/09/2014 6:00;0
29/09/2014 6:00;0.055
30/09/2014 6:00;0
01/10/2014 6:00;0
02/10/2014 6:00;0
03/10/2014 6:00;0
04/10/2014 6:00;2.465
05/10/2014 6:00;2.46
06/10/2014 6:00;7.465
07/10/2014 6:00;3.455
08/10/2014 6:00;4.9
09/10/2014 6:00;2.34
10/10/2014 6:00;0.675
11/10/2014 6:00;1.595
12/10/2014 6:00;2.655
13/10/2014 6:00;2.655
14/10/2014 6:00;4.945
15/10/2014 6:00;6.835
16/10/2014 6:00;10.035
17/10/2014 6:00;3.99
18/10/2014 6:00;1.96
19/10/2014 6:00;0.035
20/10/2014 6:00;0
21/10/2014 6:00;0
22/10/2014 6:00;0
23/10/2014 6:00;0
24/10/2014 6:00;0
25/10/2014 6:00;0
26/10/2014 6:00;0
27/10/2014 6:00;0.17
28/10/2014 6:00;0
29/10/2014 6:00;0
30/10/2014 6:00;0
31/10/2014 6:00;7.655
01/11/2014 6:00;2.82
02/11/2014 6:00;5.065
03/11/2014 6:00;33.335
04/11/2014 6:00;11.7
05/11/2014 6:00;5.735
06/11/2014 6:00;8.03
07/11/2014 6:00;3.2
08/11/2014 6:00;18.6
09/11/2014 6:00;5.12
10/11/2014 6:00;14.615
11/11/2014 6:00;8.905
12/11/2014 6:00;14.015
13/11/2014 6:00;16.38
14/11/2014 6:00;14.365
15/11/2014 6:00;11.185
16/11/2014 6:00;10.67
17/11/2014 6:00;1.745
18/11/2014 6:00;5.375
19/11/2014 6:00;2.2
20/11/2014 6:00;2.175
21/11/2014 6:00;9.92
22/11/2014 6:00;43.63
23/11/2014 6:00;18.635
24/11/2014 6:00;0.235
25/11/2014 6:00;0
26/11/2014 6:00;0
27/11/2014 6:00;3.84
28/11/2014 6:00;1.285
29/11/2014 6:00;0.52
30/11/2014 6:00;0
01/12/2014 6:00;0.805
02/12/2014 6:00;7.195
03/12/2014 6:00;2.35
04/12/2014 6:00;7.075
05/12/2014 6:00;5.965
06/12/2014 6:00;5.395
07/12/2014 6:00;1.39
08/12/2014 6:00;2.455
09/12/2014 6:00;0.245
10/12/2014 6:00;3.015
11/12/2014 6:00;0.875
12/12/2014 6:00;23.6
13/12/2014 6:00;14.915
14/12/2014 6:00;1.71
15/12/2014 6:00;15.56
16/12/2014 6:00;9.205
17/12/2014 6:00;1.225
18/12/2014 6:00;0.07
19/12/2014 6:00;0.51
20/12/2014 6:00;0.88
21/12/2014 6:00;0.045
22/12/2014 6:00;0
23/12/2014 6:00;0
24/12/2014 6:00;0
25/12/2014 6:00;0.025
26/12/2014 6:00;0.35
27/12/2014 6:00;5.61
28/12/2014 6:00;2.77
29/12/2014 6:00;0.085
30/12/2014 6:00;0.06
31/12/2014 6:00;0
01/01/2015 6:00;0
02/01/2015 6:00;0.18
03/01/2015 6:00;0
04/01/2015 6:00;0
05/01/2015 6:00;0
06/01/2015 6:00;0
07/01/2015 6:00;0
08/01/2015 6:00;0.165
09/01/2015 6:00;0.13
10/01/2015 6:00;1.595
11/01/2015 6:00;0.24
12/01/2015 6:00;6.19
13/01/2015 6:00;11.84
14/01/2015 6:00;9.1
15/01/2015 6:00;30.94
16/01/2015 6:00;5.515
17/01/2015 6:00;6.225
18/01/2015 6:00;10.46
19/01/2015 6:00;8.23
20/01/2015 6:00;8.87
21/01/2015 6:00;10.285
22/01/2015 6:00;5.68
23/01/2015 6:00;2.895
24/01/2015 6:00;0.28
25/01/2015 6:00;0
26/01/2015 6:00;0
27/01/2015 6:00;0.215
28/01/2015 6:00;2.37
29/01/2015 6:00;20.82
30/01/2015 6:00;29.92
31/01/2015 6:00;11.43
01/02/2015 6:00;9.85
02/02/2015 6:00;13.5
03/02/2015 6:00;14.96
04/02/2015 6:00;5.855
05/02/2015 6:00;8.805
06/02/2015 6:00;4.035
07/02/2015 6:00;0.01
08/02/2015 6:00;0
09/02/2015 6:00;0
10/02/2015 6:00;0
11/02/2015 6:00;2.08
12/02/2015 6:00;1.975
13/02/2015 6:00;5.385
14/02/2015 6:00;13.21
15/02/2015 6:00;4.06
16/02/2015 6:00;6.07
17/02/2015 6:00;0.445
18/02/2015 6:00;0
19/02/2015 6:00;0.915
20/02/2015 6:00;11.76
21/02/2015 6:00;1.585
22/02/2015 6:00;5.49
23/02/2015 6:00;9.185
24/02/2015 6:00;2.385
25/02/2015 6:00;4.175
26/02/2015 6:00;6.1
27/02/2015 6:00;2.52
28/02/2015 6:00;6.1
01/03/2015 6:00;12.305
02/03/2015 6:00;10.16
03/03/2015 6:00;3.02
04/03/2015 6:00;0.065
05/03/2015 6:00;0
06/03/2015 6:00;0
07/03/2015 6:00;0
08/03/2015 6:00;0
09/03/2015 6:00;0
10/03/2015 6:00;0
11/03/2015 6:00;0
12/03/2015 6:00;1.94
13/03/2015 6:00;0.105
14/03/2015 6:00;0
15/03/2015 6:00;0
16/03/2015 6:00;0.025
17/03/2015 6:00;0.06
18/03/2015 6:00;0
19/03/2015 6:00;0
20/03/2015 6:00;0
21/03/2015 6:00;0
22/03/2015 6:00;0.305
23/03/2015 6:00;1.53
24/03/2015 6:00;2.31
25/03/2015 6:00;1.785
26/03/2015 6:00;10.35
27/03/2015 6:00;1.1
28/03/2015 6:00;0.215
29/03/2015 6:00;0.085
30/03/2015 6:00;0.365
31/03/2015 6:00;0.325
01/04/2015 6:00;0
02/04/2015 6:00;0
03/04/2015 6:00;0
04/04/2015 6:00;0
05/04/2015 6:00;0
06/04/2015 6:00;0
07/04/2015 6:00;0
08/04/2015 6:00;3.15
09/04/2015 6:00;0.965
10/04/2015 6:00;0.095
11/04/2015 6:00;0
12/04/2015 6:00;0
13/04/2015 6:00;0
14/04/2015 6:00;0
15/04/2015 6:00;7.685
16/04/2015 6:00;1.555
17/04/2015 6:00;12.795
18/04/2015 6:00;0.97
19/04/2015 6:00;0.055
20/04/2015 6:00;0.115
21/04/2015 6:00;7.8
22/04/2015 6:00;0.76
23/04/2015 6:00;1.53
24/04/2015 6:00;8.645
25/04/2015 6:00;13.575
26/04/2015 6:00;7.45
27/04/2015 6:00;1.7
28/04/2015 6:00;0.065
29/04/2015 6:00;0.855
30/04/2015 6:00;17.28
01/05/2015 6:00;9.03
02/05/2015 6:00;16.055
03/05/2015 6:00;8.325
04/05/2015 6:00;15.845
05/05/2015 6:00;1.13
06/05/2015 6:00;2.1
07/05/2015 6:00;4.44
08/05/2015 6:00;0.46
09/05/2015 6:00;0.01
10/05/2015 6:00;0
11/05/2015 6:00;0
12/05/2015 6:00;0
13/05/2015 6:00;0.95
14/05/2015 6:00;0.09
15/05/2015 6:00;0
16/05/2015 6:00;0
17/05/2015 6:00;0
18/05/2015 6:00;1.55
19/05/2015 6:00;0.475
20/05/2015 6:00;0.045
21/05/2015 6:00;0
22/05/2015 6:00;0
23/05/2015 6:00;0
24/05/2015 6:00;0
25/05/2015 6:00;0
26/05/2015 6:00;0
27/05/2015 6:00;0
28/05/2015 6:00;0
29/05/2015 6:00;0
30/05/2015 6:00;0
31/05/2015 6:00;1.69
01/06/2015 6:00;0.225
02/06/2015 6:00;0.005
03/06/2015 6:00;0
04/06/2015 6:00;0
05/06/2015 6:00;0
06/06/2015 6:00;0.015
07/06/2015 6:00;0.03
08/06/2015 6:00;0.05
09/06/2015 6:00;0.275
10/06/2015 6:00;0.18
11/06/2015 6:00;0.31
12/06/2015 6:00;0.17
13/06/2015 6:00;0.68
14/06/2015 6:00;0.325
15/06/2015 6:00;1.35
16/06/2015 6:00;0
17/06/2015 6:00;0
18/06/2015 6:00;0
19/06/2015 6:00;0.08
20/06/2015 6:00;0
21/06/2015 6:00;0
22/06/2015 6:00;0.1
23/06/2015 6:00;0
24/06/2015 6:00;0
25/06/2015 6:00;0
26/06/2015 6:00;0
27/06/2015 6:00;0
28/06/2015 6:00;0
29/06/2015 6:00;0
30/06/2015 6:00;0
01/07/2015 6:00;4.44
02/07/2015 6:00;0
03/07/2015 6:00;0.125
04/07/2015 6:00;0
05/07/2015 6:00;0
06/07/2015 6:00;0.18
07/07/2015 6:00;0.785
08/07/2015 6:00;0
09/07/2015 6:00;0.01
10/07/2015 6:00;0.325
11/07/2015 6:00;0.085
12/07/2015 6:00;0
13/07/2015 6:00;0
14/07/2015 6:00;0
15/07/2015 6:00;0
16/07/2015 6:00;0
17/07/2015 6:00;0.1
18/07/2015 6:00;0.005
19/07/2015 6:00;0.31
20/07/2015 6:00;0
21/07/2015 6:00;0.015
22/07/2015 6:00;0
23/07/2015 6:00;1.01
24/07/2015 6:00;1.35
25/07/2015 6:00;0.04
26/07/2015 6:00;0.37
27/07/2015 6:00;0
28/07/2015 6:00;2.625
29/07/2015 6:00;1.685
30/07/2015 6:00;0
31/07/2015 6:00;0.545
01/08/2015 6:00;0.62
02/08/2015 6:00;0
03/08/2015 6:00;0.215
04/08/2015 6:00;0.015
05/08/2015 6:00;0.31
06/08/2015 6:00;0.305
07/08/2015 6:00;0.09
08/08/2015 6:00;0
09/08/2015 6:00;0
10/08/2015 6:00;0
11/08/2015 6:00;0.045
12/08/2015 6:00;19.015
13/08/2015 6:00;20.895
14/08/2015 6:00;1.755
15/08/2015 6:00;1.54
16/08/2015 6:00;4.77
17/08/2015 6:00;0.71
18/08/2015 6:00;0.03
19/08/2015 6:00;0
20/08/2015 6:00;0
21/08/2015 6:00;0
22/08/2015 6:00;4.945
23/08/2015 6:00;6.3
24/08/2015 6:00;0.59
25/08/2015 6:00;1.08
26/08/2015 6:00;29.015
27/08/2015 6:00;28.45
28/08/2015 6:00;5.535
29/08/2015 6:00;2.375
30/08/2015 6:00;0.355
31/08/2015 6:00;3.59
01/09/2015 6:00;0.02
02/09/2015 6:00;0.055
03/09/2015 6:00;0.1
04/09/2015 6:00;0
05/09/2015 6:00;0
06/09/2015 6:00;0
07/09/2015 6:00;0
08/09/2015 6:00;0.065
09/09/2015 6:00;1.71
10/09/2015 6:00;0.115
11/09/2015 6:00;7.755
12/09/2015 6:00;6.685
13/09/2015 6:00;4.39
14/09/2015 6:00;9.845
15/09/2015 6:00;27.365
16/09/2015 6:00;9.79
17/09/2015 6:00;3.805
18/09/2015 6:00;0.24
19/09/2015 6:00;0
20/09/2015 6:00;0
21/09/2015 6:00;0.115
22/09/2015 6:00;0.705
23/09/2015 6:00;0.05
24/09/2015 6:00;0
25/09/2015 6:00;0
26/09/2015 6:00;0
27/09/2015 6:00;0
28/09/2015 6:00;0
29/09/2015 6:00;0
30/09/2015 6:00;0.02
01/10/2015 6:00;0
02/10/2015 6:00;0.045
03/10/2015 6:00;7.055
04/10/2015 6:00;20.1
05/10/2015 6:00;21.22
06/10/2015 6:00;1.745
07/10/2015 6:00;0.245
08/10/2015 6:00;0
09/10/2015 6:00;0.66
10/10/2015 6:00;12.17
11/10/2015 6:00;34.515
12/10/2015 6:00;0.895
13/10/2015 6:00;0
14/10/2015 6:00;0
15/10/2015 6:00;0
16/10/2015 6:00;0.02
17/10/2015 6:00;0.46
18/10/2015 6:00;5.8
19/10/2015 6:00;13.55
20/10/2015 6:00;0
21/10/2015 6:00;0
22/10/2015 6:00;0
23/10/2015 6:00;0.715
24/10/2015 6:00;1.91
25/10/2015 6:00;2.08
26/10/2015 6:00;7.09
27/10/2015 6:00;7.27
28/10/2015 6:00;14.395
29/10/2015 6:00;13.845
30/10/2015 6:00;0
31/10/2015 6:00;0.24
01/11/2015 6:00;0
02/11/2015 6:00;0.485
03/11/2015 6:00;1.48
04/11/2015 6:00;4.96
05/11/2015 6:00;4
06/11/2015 6:00;0.025
07/11/2015 6:00;0.01
08/11/2015 6:00;0.005
09/11/2015 6:00;0
10/11/2015 6:00;0
11/11/2015 6:00;0.07
12/11/2015 6:00;0.24
13/11/2015 6:00;0.085
14/11/2015 6:00;0
15/11/2015 6:00;0
16/11/2015 6:00;0.33
17/11/2015 6:00;0.11
18/11/2015 6:00;0.585
19/11/2015 6:00;0
20/11/2015 6:00;7.185
21/11/2015 6:00;8.145
22/11/2015 6:00;11.005
23/11/2015 6:00;0.38
24/11/2015 6:00;8.37
25/11/2015 6:00;0.615
26/11/2015 6:00;4.435
27/11/2015 6:00;2.435
28/11/2015 6:00;0.015
29/11/2015 6:00;0
30/11/2015 6:00;0
01/12/2015 6:00;0.035
02/12/2015 6:00;0.085
03/12/2015 6:00;4.17
04/12/2015 6:00;0.885
05/12/2015 6:00;1.405
06/12/2015 6:00;1.2
07/12/2015 6:00;6.915
08/12/2015 6:00;0
09/12/2015 6:00;0
10/12/2015 6:00;0
11/12/2015 6:00;0
12/12/2015 6:00;0
13/12/2015 6:00;14.265
14/12/2015 6:00;9.445
15/12/2015 6:00;3.79
16/12/2015 6:00;5.235
17/12/2015 6:00;9.32
18/12/2015 6:00;0.855
19/12/2015 6:00;9.545
20/12/2015 6:00;2.76
21/12/2015 6:00;0.615
22/12/2015 6:00;5.895
23/12/2015 6:00;0.885
24/12/2015 6:00;1.765
25/12/2015 6:00;0.095
26/12/2015 6:00;0
27/12/2015 6:00;2.43
28/12/2015 6:00;18.065
29/12/2015 6:00;3.775
30/12/2015 6:00;18.48
31/12/2015 6:00;0.595
01/01/2016 6:00;10.66
02/01/2016 6:00;8.06
03/01/2016 6:00;17.98
04/01/2016 6:00;17.545
05/01/2016 6:00;11.04
06/01/2016 6:00;22.09
07/01/2016 6:00;64.105
08/01/2016 6:00;11.665
09/01/2016 6:00;25.6
10/01/2016 6:00;15.175
11/01/2016 6:00;8.77
12/01/2016 6:00;0.975
13/01/2016 6:00;43.095
14/01/2016 6:00;2.58
15/01/2016 6:00;0.13
16/01/2016 6:00;0.045
17/01/2016 6:00;8.72
18/01/2016 6:00;2.88
19/01/2016 6:00;0.055
20/01/2016 6:00;0.36
21/01/2016 6:00;1.95
22/01/2016 6:00;4.435
23/01/2016 6:00;0.475
24/01/2016 6:00;5.365
25/01/2016 6:00;6.425
26/01/2016 6:00;0.16
27/01/2016 6:00;23.15
28/01/2016 6:00;9.045
29/01/2016 6:00;0.385
30/01/2016 6:00;3.955
31/01/2016 6:00;0.62
01/02/2016 6:00;0.06
02/02/2016 6:00;1.415
03/02/2016 6:00;0.045
04/02/2016 6:00;0
05/02/2016 6:00;0
06/02/2016 6:00;22.645
07/02/2016 6:00;4.325
08/02/2016 6:00;11.99
09/02/2016 6:00;20.28
10/02/2016 6:00;20.26
11/02/2016 6:00;20.04
12/02/2016 6:00;19.06
13/02/2016 6:00;18.515
14/02/2016 6:00;15.7
15/02/2016 6:00;1.33
16/02/2016 6:00;0.405
17/02/2016 6:00;17.6
18/02/2016 6:00;5.57
19/02/2016 6:00;0.33
20/02/2016 6:00;0
21/02/2016 6:00;0.075
22/02/2016 6:00;2.45
23/02/2016 6:00;5.39
24/02/2016 6:00;12.245
25/02/2016 6:00;12.26
26/02/2016 6:00;16.525
27/02/2016 6:00;20.26
28/02/2016 6:00;2.8
29/02/2016 6:00;0.09
01/03/2016 6:00;2.91
02/03/2016 6:00;1.67
03/03/2016 6:00;6.265
04/03/2016 6:00;11.92
05/03/2016 6:00;9.53
06/03/2016 6:00;10.69
07/03/2016 6:00;6.585
08/03/2016 6:00;9.14
09/03/2016 6:00;2.76
10/03/2016 6:00;0.235
11/03/2016 6:00;0.2
12/03/2016 6:00;0
13/03/2016 6:00;0
14/03/2016 6:00;0
15/03/2016 6:00;0
16/03/2016 6:00;0
17/03/2016 6:00;0.09
18/03/2016 6:00;4.805
19/03/2016 6:00;6.72
20/03/2016 6:00;2.09
21/03/2016 6:00;0.905
22/03/2016 6:00;0.41
23/03/2016 6:00;0
24/03/2016 6:00;0.225
25/03/2016 6:00;6.05
26/03/2016 6:00;10.2
27/03/2016 6:00;15.83
28/03/2016 6:00;17.54
29/03/2016 6:00;67.11
30/03/2016 6:00;47.25
31/03/2016 6:00;0.815
01/04/2016 6:00;0.005
02/04/2016 6:00;7.38
03/04/2016 6:00;5.05
04/04/2016 6:00;8.295
05/04/2016 6:00;0.01
06/04/2016 6:00;0.8
07/04/2016 6:00;0.175
08/04/2016 6:00;2.67
09/04/2016 6:00;10.05
10/04/2016 6:00;17.155
11/04/2016 6:00;17.625
12/04/2016 6:00;23.965
13/04/2016 6:00;19.555
14/04/2016 6:00;4.175
15/04/2016 6:00;24.43
16/04/2016 6:00;30.945
17/04/2016 6:00;0
18/04/2016 6:00;0.94
19/04/2016 6:00;2.645
20/04/2016 6:00;0.395
21/04/2016 6:00;2.75
22/04/2016 6:00;1.325
23/04/2016 6:00;0.93
24/04/2016 6:00;0.015
25/04/2016 6:00;0
26/04/2016 6:00;0
27/04/2016 6:00;0
28/04/2016 6:00;0.075
29/04/2016 6:00;0
30/04/2016 6:00;0
01/05/2016 6:00;0
02/05/2016 6:00;0
03/05/2016 6:00;0
04/05/2016 6:00;0
05/05/2016 6:00;4.47
06/05/2016 6:00;3.825
07/05/2016 6:00;12.5
08/05/2016 6:00;3.4
09/05/2016 6:00;7.525
10/05/2016 6:00;7.16
11/05/2016 6:00;3.71
12/05/2016 6:00;5.745
13/05/2016 6:00;8.595
14/05/2016 6:00;3.14
15/05/2016 6:00;0.24
16/05/2016 6:00;0
17/05/2016 6:00;0
18/05/2016 6:00;1.71
19/05/2016 6:00;0.695
20/05/2016 6:00;0
21/05/2016 6:00;17.57
22/05/2016 6:00;0.1
23/05/2016 6:00;0.63
24/05/2016 6:00;4.19
25/05/2016 6:00;1.465
26/05/2016 6:00;0.335
27/05/2016 6:00;12.41
28/05/2016 6:00;15.16
29/05/2016 6:00;1.76
30/05/2016 6:00;0.41
31/05/2016 6:00;0.28
01/06/2016 6:00;0
02/06/2016 6:00;0
03/06/2016 6:00;0
04/06/2016 6:00;0
05/06/2016 6:00;0.44
06/06/2016 6:00;2.275
07/06/2016 6:00;0.08
08/06/2016 6:00;0
09/06/2016 6:00;2.825
10/06/2016 6:00;0.765
11/06/2016 6:00;0
12/06/2016 6:00;2.145
13/06/2016 6:00;0.635
14/06/2016 6:00;7.895
15/06/2016 6:00;17.895
16/06/2016 6:00;7.31
17/06/2016 6:00;3.72
18/06/2016 6:00;0.67
19/06/2016 6:00;0
20/06/2016 6:00;0
21/06/2016 6:00;0
22/06/2016 6:00;0.2
23/06/2016 6:00;0.95
24/06/2016 6:00;0.35
25/06/2016 6:00;0
26/06/2016 6:00;0
27/06/2016 6:00;0
28/06/2016 6:00;0
29/06/2016 6:00;0
30/06/2016 6:00;0.18
01/07/2016 6:00;0.29
02/07/2016 6:00;0.03
03/07/2016 6:00;0
04/07/2016 6:00;0.005
05/07/2016 6:00;0
06/07/2016 6:00;0.04
07/07/2016 6:00;0
08/07/2016 6:00;0
09/07/2016 6:00;0
10/07/2016 6:00;0.015
11/07/2016 6:00;0.16
12/07/2016 6:00;0
13/07/2016 6:00;0
14/07/2016 6:00;0
15/07/2016 6:00;0
16/07/2016 6:00;0
17/07/2016 6:00;0
18/07/2016 6:00;0.095
19/07/2016 6:00;0.18
20/07/2016 6:00;0
21/07/2016 6:00;0.42
22/07/2016 6:00;0.15
23/07/2016 6:00;0
24/07/2016 6:00;0
25/07/2016 6:00;0
26/07/2016 6:00;0
27/07/2016 6:00;0
28/07/2016 6:00;0
29/07/2016 6:00;0
30/07/2016 6:00;0
31/07/2016 6:00;0
01/08/2016 6:00;0
02/08/2016 6:00;0
03/08/2016 6:00;1.125
04/08/2016 6:00;0.61
05/08/2016 6:00;0.005
06/08/2016 6:00;0
07/08/2016 6:00;0
08/08/2016 6:00;0
09/08/2016 6:00;0.01
10/08/2016 6:00;0
11/08/2016 6:00;0
12/08/2016 6:00;0
13/08/2016 6:00;0.1
14/08/2016 6:00;0.09
15/08/2016 6:00;0
16/08/2016 6:00;0.09
17/08/2016 6:00;0.275
18/08/2016 6:00;6.76
19/08/2016 6:00;2.36
20/08/2016 6:00;0
21/08/2016 6:00;0
22/08/2016 6:00;0
23/08/2016 6:00;0
24/08/2016 6:00;1.36
25/08/2016 6:00;0.815
26/08/2016 6:00;0.215
27/08/2016 6:00;0
28/08/2016 6:00;0
29/08/2016 6:00;0
30/08/2016 6:00;0
31/08/2016 6:00;0
01/09/2016 6:00;0
02/09/2016 6:00;0
03/09/2016 6:00;0
04/09/2016 6:00;0
05/09/2016 6:00;0
06/09/2016 6:00;0
07/09/2016 6:00;1.04
08/09/2016 6:00;0.02
09/09/2016 6:00;0.01
10/09/2016 6:00;1.215
11/09/2016 6:00;0.275
12/09/2016 6:00;30.21
13/09/2016 6:00;23.15
14/09/2016 6:00;12.275
15/09/2016 6:00;3.405
16/09/2016 6:00;1.395
17/09/2016 6:00;0
18/09/2016 6:00;0
19/09/2016 6:00;0
20/09/2016 6:00;0
21/09/2016 6:00;0.005
22/09/2016 6:00;0.05
23/09/2016 6:00;0
24/09/2016 6:00;17.045
25/09/2016 6:00;0
26/09/2016 6:00;0.64
27/09/2016 6:00;0.44
28/09/2016 6:00;0.02
29/09/2016 6:00;0.09
30/09/2016 6:00;0.46
01/10/2016 6:00;0
02/10/2016 6:00;0
03/10/2016 6:00;0.12
04/10/2016 6:00;1.285
05/10/2016 6:00;0.045
06/10/2016 6:00;0
07/10/2016 6:00;0.08
08/10/2016 6:00;0
09/10/2016 6:00;0
10/10/2016 6:00;0
11/10/2016 6:00;7.355
12/10/2016 6:00;4.425
13/10/2016 6:00;5.27
14/10/2016 6:00;5.34
15/10/2016 6:00;1.985
16/10/2016 6:00;3.8
17/10/2016 6:00;0.94
18/10/2016 6:00;0
19/10/2016 6:00;0
20/10/2016 6:00;0
21/10/2016 6:00;0
22/10/2016 6:00;20.225
23/10/2016 6:00;14.665
24/10/2016 6:00;0.095
25/10/2016 6:00;0
26/10/2016 6:00;0
27/10/2016 6:00;0
28/10/2016 6:00;0.09
29/10/2016 6:00;0
30/10/2016 6:00;0.09
31/10/2016 6:00;0
01/11/2016 6:00;0.095
02/11/2016 6:00;0.035
03/11/2016 6:00;3.355
04/11/2016 6:00;5.505
05/11/2016 6:00;9.72
06/11/2016 6:00;10.655
07/11/2016 6:00;9.07
08/11/2016 6:00;17.79
09/11/2016 6:00;4.62
10/11/2016 6:00;1.04
11/11/2016 6:00;2.055
12/11/2016 6:00;12.135
13/11/2016 6:00;0
14/11/2016 6:00;0
15/11/2016 6:00;0
16/11/2016 6:00;0.07
17/11/2016 6:00;1.705
18/11/2016 6:00;1.535
19/11/2016 6:00;23.54
20/11/2016 6:00;18.745
21/11/2016 6:00;5.22
22/11/2016 6:00;1.275
23/11/2016 6:00;2.825
24/11/2016 6:00;17.705
25/11/2016 6:00;0
26/11/2016 6:00;0.035
27/11/2016 6:00;0
28/11/2016 6:00;0.08
29/11/2016 6:00;0
30/11/2016 6:00;0
01/12/2016 6:00;0
02/12/2016 6:00;0
03/12/2016 6:00;0.25
04/12/2016 6:00;0
05/12/2016 6:00;0
06/12/2016 6:00;0
07/12/2016 6:00;0
08/12/2016 6:00;0
09/12/2016 6:00;0
10/12/2016 6:00;0
11/12/2016 6:00;0
12/12/2016 6:00;0.69
13/12/2016 6:00;14.91
14/12/2016 6:00;7.205
15/12/2016 6:00;14.31
16/12/2016 6:00;3.12
17/12/2016 6:00;0.2
18/12/2016 6:00;0.19
19/12/2016 6:00;0.785
20/12/2016 6:00;2.15
21/12/2016 6:00;1.64
22/12/2016 6:00;0.63
23/12/2016 6:00;0.795
24/12/2016 6:00;0.02
25/12/2016 6:00;0
26/12/2016 6:00;0
27/12/2016 6:00;0.06
28/12/2016 6:00;0
29/12/2016 6:00;0
30/12/2016 6:00;0
31/12/2016 6:00;0.005
01/01/2017 6:00;3.83
02/01/2017 6:00;0.74
03/01/2017 6:00;1.275
04/01/2017 6:00;0
05/01/2017 6:00;0
06/01/2017 6:00;0.09
07/01/2017 6:00;0
08/01/2017 6:00;0.1
09/01/2017 6:00;0.76
10/01/2017 6:00;3.97
11/01/2017 6:00;0.63
12/01/2017 6:00;3.715
13/01/2017 6:00;3.09
14/01/2017 6:00;2.74
15/01/2017 6:00;0.685
16/01/2017 6:00;0.995
17/01/2017 6:00;0.09
18/01/2017 6:00;0
19/01/2017 6:00;0
20/01/2017 6:00;0
21/01/2017 6:00;0.365
22/01/2017 6:00;0.06
23/01/2017 6:00;0
24/01/2017 6:00;0.1
25/01/2017 6:00;0.805
26/01/2017 6:00;7.76
27/01/2017 6:00;11.03
28/01/2017 6:00;4.97
29/01/2017 6:00;2.32
30/01/2017 6:00;10.41
31/01/2017 6:00;12.28
01/02/2017 6:00;13.6
02/02/2017 6:00;28.72
03/02/2017 6:00;30.63
04/02/2017 6:00;12.08
05/02/2017 6:00;2.985
06/02/2017 6:00;12.665
07/02/2017 6:00;1.44
08/02/2017 6:00;0
09/02/2017 6:00;6.015
10/02/2017 6:00;0.555
11/02/2017 6:00;0
12/02/2017 6:00;5.285
13/02/2017 6:00;12.36
14/02/2017 6:00;21.325
15/02/2017 6:00;0.925
16/02/2017 6:00;0
17/02/2017 6:00;3.35
18/02/2017 6:00;5.15
19/02/2017 6:00;0
20/02/2017 6:00;0
21/02/2017 6:00;0
22/02/2017 6:00;0.02
23/02/2017 6:00;0.955
24/02/2017 6:00;0.1
25/02/2017 6:00;0.015
26/02/2017 6:00;1.98
27/02/2017 6:00;6.48
28/02/2017 6:00;5.525
01/03/2017 6:00;14.305
02/03/2017 6:00;11.22
03/03/2017 6:00;16.275
04/03/2017 6:00;4.01
05/03/2017 6:00;4.225
06/03/2017 6:00;0.67
07/03/2017 6:00;0.23
08/03/2017 6:00;0.03
09/03/2017 6:00;0
10/03/2017 6:00;0.095
11/03/2017 6:00;3.92
12/03/2017 6:00;5.045
13/03/2017 6:00;0.325
14/03/2017 6:00;0
15/03/2017 6:00;0
16/03/2017 6:00;0
17/03/2017 6:00;0
18/03/2017 6:00;0
19/03/2017 6:00;0.01
20/03/2017 6:00;8.74
21/03/2017 6:00;11.715
22/03/2017 6:00;14.475
23/03/2017 6:00;13.85
24/03/2017 6:00;0.705
25/03/2017 6:00;2.28
26/03/2017 6:00;3.685
27/03/2017 6:00;3.155
28/03/2017 6:00;0.42
29/03/2017 6:00;0
30/03/2017 6:00;13.57
31/03/2017 6:00;10.095
01/04/2017 6:00;0.13
02/04/2017 6:00;0
03/04/2017 6:00;0
04/04/2017 6:00;0
05/04/2017 6:00;0
06/04/2017 6:00;0
07/04/2017 6:00;0
08/04/2017 6:00;0
09/04/2017 6:00;0
10/04/2017 6:00;0
11/04/2017 6:00;0
12/04/2017 6:00;0
13/04/2017 6:00;0
14/04/2017 6:00;0
15/04/2017 6:00;0
16/04/2017 6:00;0
17/04/2017 6:00;0
18/04/2017 6:00;0
19/04/2017 6:00;0
20/04/2017 6:00;0
21/04/2017 6:00;0
22/04/2017 6:00;0
23/04/2017 6:00;0
24/04/2017 6:00;0
25/04/2017 6:00;3.245
26/04/2017 6:00;0.47
27/04/2017 6:00;0
28/04/2017 6:00;0.25
29/04/2017 6:00;8.985
30/04/2017 6:00;6.56
01/05/2017 6:00;0
02/05/2017 6:00;0
03/05/2017 6:00;0
04/05/2017 6:00;2.785
05/05/2017 6:00;8.675
06/05/2017 6:00;0.285
07/05/2017 6:00;0
08/05/2017 6:00;0
09/05/2017 6:00;2.54
10/05/2017 6:00;15.745
11/05/2017 6:00;7.065
12/05/2017 6:00;8.99
13/05/2017 6:00;14.52
14/05/2017 6:00;0.93
15/05/2017 6:00;0
16/05/2017 6:00;1.765
17/05/2017 6:00;2.39
18/05/2017 6:00;0.985
19/05/2017 6:00;0.04
20/05/2017 6:00;0
21/05/2017 6:00;0
22/05/2017 6:00;0
23/05/2017 6:00;0
24/05/2017 6:00;0
25/05/2017 6:00;4.525
26/05/2017 6:00;11.265
27/05/2017 6:00;0.64
28/05/2017 6:00;3.075
29/05/2017 6:00;1.97
30/05/2017 6:00;0
31/05/2017 6:00;0
01/06/2017 6:00;0.1
02/06/2017 6:00;0.985
03/06/2017 6:00;0.09
04/06/2017 6:00;0.115
05/06/2017 6:00;3.295
06/06/2017 6:00;0.215
07/06/2017 6:00;0
08/06/2017 6:00;0.67
09/06/2017 6:00;0.19
10/06/2017 6:00;0.05
11/06/2017 6:00;0.255
12/06/2017 6:00;0
13/06/2017 6:00;0.2
14/06/2017 6:00;0
15/06/2017 6:00;0
16/06/2017 6:00;0
17/06/2017 6:00;0
18/06/2017 6:00;0
19/06/2017 6:00;0
20/06/2017 6:00;0
21/06/2017 6:00;0.17
22/06/2017 6:00;0.065
23/06/2017 6:00;0
24/06/2017 6:00;0
25/06/2017 6:00;0.015
26/06/2017 6:00;0.105
27/06/2017 6:00;10.515
28/06/2017 6:00;10.31
29/06/2017 6:00;7.26
30/06/2017 6:00;1.835
01/07/2017 6:00;0.085
02/07/2017 6:00;0
03/07/2017 6:00;0
04/07/2017 6:00;0.06
05/07/2017 6:00;0
06/07/2017 6:00;0.005
07/07/2017 6:00;0.01
08/07/2017 6:00;0.105
09/07/2017 6:00;0.945
10/07/2017 6:00;0.6
11/07/2017 6:00;0.255
12/07/2017 6:00;0.12
13/07/2017 6:00;0
14/07/2017 6:00;0
15/07/2017 6:00;0
16/07/2017 6:00;0
17/07/2017 6:00;0
18/07/2017 6:00;0.71
19/07/2017 6:00;1.285
20/07/2017 6:00;0
21/07/2017 6:00;1.065
22/07/2017 6:00;0.86
23/07/2017 6:00;1.96
24/07/2017 6:00;1.13
25/07/2017 6:00;0
26/07/2017 6:00;0.045
27/07/2017 6:00;1.725
28/07/2017 6:00;0.575
29/07/2017 6:00;1.51
30/07/2017 6:00;0.795
31/07/2017 6:00;0
01/08/2017 6:00;0
02/08/2017 6:00;0.73
03/08/2017 6:00;0.735
04/08/2017 6:00;3.22
05/08/2017 6:00;0.685
06/08/2017 6:00;0
07/08/2017 6:00;0.405
08/08/2017 6:00;1.415
09/08/2017 6:00;0.32
10/08/2017 6:00;0
11/08/2017 6:00;0
12/08/2017 6:00;0
13/08/2017 6:00;0
14/08/2017 6:00;0.185
15/08/2017 6:00;0.3
16/08/2017 6:00;0
17/08/2017 6:00;1.35
18/08/2017 6:00;0.67
19/08/2017 6:00;0
20/08/2017 6:00;0
21/08/2017 6:00;0
22/08/2017 6:00;0
23/08/2017 6:00;0.435
24/08/2017 6:00;1.62
25/08/2017 6:00;0
26/08/2017 6:00;0.3
27/08/2017 6:00;3.695
28/08/2017 6:00;1.31
29/08/2017 6:00;3.485
30/08/2017 6:00;1.91
31/08/2017 6:00;0.47
01/09/2017 6:00;0
02/09/2017 6:00;0
03/09/2017 6:00;3.09
04/09/2017 6:00;0.49
05/09/2017 6:00;0.495
06/09/2017 6:00;0.085
07/09/2017 6:00;0.1
08/09/2017 6:00;2.445
09/09/2017 6:00;2.345
10/09/2017 6:00;2.645
11/09/2017 6:00;2.615
12/09/2017 6:00;0.785
13/09/2017 6:00;3.175
14/09/2017 6:00;4.19
15/09/2017 6:00;2.28
16/09/2017 6:00;0.705
17/09/2017 6:00;6.71
18/09/2017 6:00;1.305
19/09/2017 6:00;0
20/09/2017 6:00;6.375
21/09/2017 6:00;7.295
22/09/2017 6:00;0
23/09/2017 6:00;0
24/09/2017 6:00;0.99
25/09/2017 6:00;0.1
26/09/2017 6:00;0.15
27/09/2017 6:00;0.005
28/09/2017 6:00;0.485
29/09/2017 6:00;1.475
30/09/2017 6:00;1.18
01/10/2017 6:00;0.035
02/10/2017 6:00;0.37
03/10/2017 6:00;0.195
04/10/2017 6:00;0.12
05/10/2017 6:00;0
06/10/2017 6:00;0.09
07/10/2017 6:00;0
08/10/2017 6:00;0
09/10/2017 6:00;0
10/10/2017 6:00;0
11/10/2017 6:00;0
12/10/2017 6:00;0.005
13/10/2017 6:00;0
14/10/2017 6:00;0
15/10/2017 6:00;0.315
16/10/2017 6:00;4.455
17/10/2017 6:00;8.385
18/10/2017 6:00;0.555
19/10/2017 6:00;2.525
20/10/2017 6:00;6.37
21/10/2017 6:00;0.07
22/10/2017 6:00;0
23/10/2017 6:00;0
24/10/2017 6:00;0
25/10/2017 6:00;0
26/10/2017 6:00;0
27/10/2017 6:00;0
28/10/2017 6:00;0
29/10/2017 6:00;0
30/10/2017 6:00;0
31/10/2017 6:00;0
01/11/2017 6:00;7.055
02/11/2017 6:00;14.115
03/11/2017 6:00;5.845
04/11/2017 6:00;4.225
05/11/2017 6:00;1.175
06/11/2017 6:00;0.025
07/11/2017 6:00;2.735
08/11/2017 6:00;3.135
09/11/2017 6:00;5.315
10/11/2017 6:00;1.06
11/11/2017 6:00;0.76
12/11/2017 6:00;2.615
13/11/2017 6:00;0.15
14/11/2017 6:00;0
15/11/2017 6:00;0
16/11/2017 6:00;0
17/11/2017 6:00;0
18/11/2017 6:00;0
19/11/2017 6:00;0
20/11/2017 6:00;0
21/11/2017 6:00;0
22/11/2017 6:00;15.085
23/11/2017 6:00;4.505
24/11/2017 6:00;21.085
25/11/2017 6:00;0
26/11/2017 6:00;0
27/11/2017 6:00;0
28/11/2017 6:00;1.58
29/11/2017 6:00;2.795
30/11/2017 6:00;3.365
01/12/2017 6:00;3.595
02/12/2017 6:00;0.42
03/12/2017 6:00;0
04/12/2017 6:00;0
05/12/2017 6:00;0
06/12/2017 6:00;0.165
07/12/2017 6:00;12.645
08/12/2017 6:00;10.615
09/12/2017 6:00;11.16
10/12/2017 6:00;64.97
11/12/2017 6:00;9.515
12/12/2017 6:00;1.465
13/12/2017 6:00;9.445
14/12/2017 6:00;3.415
15/12/2017 6:00;3.345
16/12/2017 6:00;2.575
17/12/2017 6:00;0.105
18/12/2017 6:00;2.29
19/12/2017 6:00;0.745
20/12/2017 6:00;0.015
21/12/2017 6:00;0
22/12/2017 6:00;0.025
23/12/2017 6:00;0
24/12/2017 6:00;0.235
25/12/2017 6:00;13.585
26/12/2017 6:00;15.475
27/12/2017 6:00;8.205
28/12/2017 6:00;7.385
29/12/2017 6:00;3.005
30/12/2017 6:00;3.47
31/12/2017 6:00;21.055
01/01/2018 6:00;7.065
02/01/2018 6:00;5.435
03/01/2018 6:00;2.01
04/01/2018 6:00;24.935
05/01/2018 6:00;5.595
06/01/2018 6:00;6.385
07/01/2018 6:00;4.205
08/01/2018 6:00;0.985
09/01/2018 6:00;5.035
10/01/2018 6:00;17.03
11/01/2018 6:00;0.28
12/01/2018 6:00;7.72
13/01/2018 6:00;9.365
14/01/2018 6:00;0.105
15/01/2018 6:00;2.095
16/01/2018 6:00;0.52
17/01/2018 6:00;0
18/01/2018 6:00;1.545
19/01/2018 6:00;0.41
20/01/2018 6:00;0.685
21/01/2018 6:00;0.92
22/01/2018 6:00;0.925
23/01/2018 6:00;0.04
24/01/2018 6:00;13.78
25/01/2018 6:00;7.32
26/01/2018 6:00;1.155
27/01/2018 6:00;0.615
28/01/2018 6:00;0.065
29/01/2018 6:00;0.06
30/01/2018 6:00;0
31/01/2018 6:00;2.72
01/02/2018 6:00;8.5
02/02/2018 6:00;2.37
03/02/2018 6:00;12.625
04/02/2018 6:00;11.08
05/02/2018 6:00;1.18
06/02/2018 6:00;12.28
07/02/2018 6:00;4.075
08/02/2018 6:00;4.785
09/02/2018 6:00;1.725
10/02/2018 6:00;2.95
11/02/2018 6:00;7.62
12/02/2018 6:00;12.76
13/02/2018 6:00;14.66
14/02/2018 6:00;2.44
15/02/2018 6:00;15.605
16/02/2018 6:00;30.37
17/02/2018 6:00;0
18/02/2018 6:00;0
19/02/2018 6:00;0.035
20/02/2018 6:00;0
21/02/2018 6:00;0
22/02/2018 6:00;0
23/02/2018 6:00;0
24/02/2018 6:00;0
25/02/2018 6:00;0
26/02/2018 6:00;0
27/02/2018 6:00;1.225
28/02/2018 6:00;26.79
01/03/2018 6:00;14.74
02/03/2018 6:00;13.06
03/03/2018 6:00;1.975
04/03/2018 6:00;11.99
05/03/2018 6:00;11.74
06/03/2018 6:00;3.36
07/03/2018 6:00;5.965
08/03/2018 6:00;11.215
09/03/2018 6:00;9.565
10/03/2018 6:00;29.98
11/03/2018 6:00;9.05
12/03/2018 6:00;4.85
13/03/2018 6:00;6.325
14/03/2018 6:00;29.97
15/03/2018 6:00;11.535
16/03/2018 6:00;8.835
17/03/2018 6:00;1.165
18/03/2018 6:00;9.705
19/03/2018 6:00;4.17
20/03/2018 6:00;0.445
21/03/2018 6:00;0.025
22/03/2018 6:00;0.935
23/03/2018 6:00;13.48
24/03/2018 6:00;8.075
25/03/2018 6:00;0.87
26/03/2018 6:00;0.665
27/03/2018 6:00;0.65
28/03/2018 6:00;9.785
29/03/2018 6:00;15.73
30/03/2018 6:00;13.615
31/03/2018 6:00;1.115
01/04/2018 6:00;15.38
02/04/2018 6:00;8.18
03/04/2018 6:00;11.88
04/04/2018 6:00;4.395
05/04/2018 6:00;9.425
06/04/2018 6:00;7.23
07/04/2018 6:00;2.885
08/04/2018 6:00;5.765
09/04/2018 6:00;13.895
10/04/2018 6:00;4.845
11/04/2018 6:00;4.335
12/04/2018 6:00;5.11
13/04/2018 6:00;1.48
14/04/2018 6:00;0.865
15/04/2018 6:00;0.34
16/04/2018 6:00;0.015
17/04/2018 6:00;0
18/04/2018 6:00;0
19/04/2018 6:00;0.095
20/04/2018 6:00;0.005
21/04/2018 6:00;0.03
22/04/2018 6:00;0.01
23/04/2018 6:00;0
24/04/2018 6:00;0.085
25/04/2018 6:00;0.835
26/04/2018 6:00;0.475
27/04/2018 6:00;0.29
28/04/2018 6:00;3.41
29/04/2018 6:00;10.565
30/04/2018 6:00;0.77
01/05/2018 6:00;2.18
02/05/2018 6:00;5.11
03/05/2018 6:00;0
04/05/2018 6:00;0
05/05/2018 6:00;0
06/05/2018 6:00;0
07/05/2018 6:00;0
08/05/2018 6:00;0.17
09/05/2018 6:00;0.78
10/05/2018 6:00;0.08
11/05/2018 6:00;3.73
12/05/2018 6:00;3.705
13/05/2018 6:00;7.395
14/05/2018 6:00;2.78
15/05/2018 6:00;0.085
16/05/2018 6:00;0
17/05/2018 6:00;0
18/05/2018 6:00;0
19/05/2018 6:00;0
20/05/2018 6:00;0
21/05/2018 6:00;0.05
22/05/2018 6:00;0.055
23/05/2018 6:00;0
24/05/2018 6:00;1.48
25/05/2018 6:00;1.685
26/05/2018 6:00;1.155
27/05/2018 6:00;0.65
28/05/2018 6:00;0.315
29/05/2018 6:00;0.075
30/05/2018 6:00;0.055
31/05/2018 6:00;3.205
01/06/2018 6:00;0.29
02/06/2018 6:00;1.405
03/06/2018 6:00;4.18
04/06/2018 6:00;8.885
05/06/2018 6:00;7.52
06/06/2018 6:00;2.12
07/06/2018 6:00;3.24
08/06/2018 6:00;10.415
09/06/2018 6:00;24.58
10/06/2018 6:00;0.18
11/06/2018 6:00;5.75
12/06/2018 6:00;0.15
13/06/2018 6:00;0
14/06/2018 6:00;1.385
15/06/2018 6:00;0.7
16/06/2018 6:00;0
17/06/2018 6:00;0.075
18/06/2018 6:00;0
19/06/2018 6:00;0
20/06/2018 6:00;0
21/06/2018 6:00;0
22/06/2018 6:00;0
23/06/2018 6:00;0
24/06/2018 6:00;0
25/06/2018 6:00;0.61
26/06/2018 6:00;0.05
27/06/2018 6:00;0
28/06/2018 6:00;0.585
29/06/2018 6:00;7.47
30/06/2018 6:00;22.22
01/07/2018 6:00;8.925
02/07/2018 6:00;3.595
03/07/2018 6:00;0.085
04/07/2018 6:00;2.145
05/07/2018 6:00;0.275
06/07/2018 6:00;0.155
07/07/2018 6:00;0.015
08/07/2018 6:00;0.005
09/07/2018 6:00;0
10/07/2018 6:00;0
11/07/2018 6:00;0
12/07/2018 6:00;0
13/07/2018 6:00;0.08
14/07/2018 6:00;1.05
15/07/2018 6:00;2.465
16/07/2018 6:00;0.085
17/07/2018 6:00;0
18/07/2018 6:00;0.04
19/07/2018 6:00;0.005
20/07/2018 6:00;0
21/07/2018 6:00;0.76
22/07/2018 6:00;0.09
23/07/2018 6:00;0
24/07/2018 6:00;0
25/07/2018 6:00;0.005
26/07/2018 6:00;0.19
27/07/2018 6:00;1.15
28/07/2018 6:00;0.38
29/07/2018 6:00;0.86
30/07/2018 6:00;1.915
31/07/2018 6:00;0.51
01/08/2018 6:00;0
02/08/2018 6:00;0
03/08/2018 6:00;0
04/08/2018 6:00;0
05/08/2018 6:00;0
06/08/2018 6:00;0.49
07/08/2018 6:00;0
08/08/2018 6:00;18.58
09/08/2018 6:00;0.02
10/08/2018 6:00;0
11/08/2018 6:00;0
12/08/2018 6:00;1.63
13/08/2018 6:00;0.38
14/08/2018 6:00;0
15/08/2018 6:00;0
16/08/2018 6:00;0.645
17/08/2018 6:00;0
18/08/2018 6:00;0
19/08/2018 6:00;0
20/08/2018 6:00;0
21/08/2018 6:00;0
22/08/2018 6:00;0
23/08/2018 6:00;0
24/08/2018 6:00;0
25/08/2018 6:00;0
26/08/2018 6:00;0
27/08/2018 6:00;0.515
28/08/2018 6:00;2.715
29/08/2018 6:00;0
30/08/2018 6:00;0
31/08/2018 6:00;0.41
01/09/2018 6:00;0
02/09/2018 6:00;0.32
03/09/2018 6:00;0.25
04/09/2018 6:00;0.045
05/09/2018 6:00;0.115
06/09/2018 6:00;0.235
07/09/2018 6:00;0
08/09/2018 6:00;0.01
09/09/2018 6:00;0.02
10/09/2018 6:00;0
11/09/2018 6:00;0.1
12/09/2018 6:00;0
13/09/2018 6:00;0
14/09/2018 6:00;0
15/09/2018 6:00;0.025
16/09/2018 6:00;0
17/09/2018 6:00;0.025
18/09/2018 6:00;0.015
19/09/2018 6:00;0.05
20/09/2018 6:00;0.935
21/09/2018 6:00;3.065
22/09/2018 6:00;0
23/09/2018 6:00;0.38
24/09/2018 6:00;0
25/09/2018 6:00;0
26/09/2018 6:00;0
27/09/2018 6:00;0.075
28/09/2018 6:00;0
29/09/2018 6:00;0
30/09/2018 6:00;0
01/10/2018 6:00;0
02/10/2018 6:00;0
03/10/2018 6:00;0
04/10/2018 6:00;0
05/10/2018 6:00;0.095
06/10/2018 6:00;2.505
07/10/2018 6:00;0
08/10/2018 6:00;0
09/10/2018 6:00;0
10/10/2018 6:00;17.405
11/10/2018 6:00;0.92
12/10/2018 6:00;9.31
13/10/2018 6:00;33.26
14/10/2018 6:00;10.435
15/10/2018 6:00;1.17
16/10/2018 6:00;0.17
17/10/2018 6:00;16.11
18/10/2018 6:00;0
19/10/2018 6:00;0
20/10/2018 6:00;0
21/10/2018 6:00;0
22/10/2018 6:00;0
23/10/2018 6:00;0
24/10/2018 6:00;0
25/10/2018 6:00;0.005
26/10/2018 6:00;0.71
27/10/2018 6:00;15.225
28/10/2018 6:00;10.495
29/10/2018 6:00;13.315
30/10/2018 6:00;12.575
31/10/2018 6:00;2.1
01/11/2018 6:00;4.535
02/11/2018 6:00;0.42
03/11/2018 6:00;2.94
04/11/2018 6:00;40.855
05/11/2018 6:00;4.03
06/11/2018 6:00;42.82
07/11/2018 6:00;2.535
08/11/2018 6:00;15.105
09/11/2018 6:00;49.105
10/11/2018 6:00;3.815
11/11/2018 6:00;1.71
12/11/2018 6:00;0.55
13/11/2018 6:00;0.005
14/11/2018 6:00;0
15/11/2018 6:00;0.055
16/11/2018 6:00;0
17/11/2018 6:00;0
18/11/2018 6:00;0.005
19/11/2018 6:00;9.835
20/11/2018 6:00;4.72
21/11/2018 6:00;12.045
22/11/2018 6:00;14.875
23/11/2018 6:00;5.78
24/11/2018 6:00;54.89
25/11/2018 6:00;16.415
26/11/2018 6:00;0.31
27/11/2018 6:00;0.025
28/11/2018 6:00;19.705
29/11/2018 6:00;0.99
30/11/2018 6:00;0.2
01/12/2018 6:00;0.705
02/12/2018 6:00;13.77
03/12/2018 6:00;9.355
04/12/2018 6:00;0.005
05/12/2018 6:00;1.465
06/12/2018 6:00;0
07/12/2018 6:00;2.915
08/12/2018 6:00;0.11
09/12/2018 6:00;0.06
10/12/2018 6:00;0.005
11/12/2018 6:00;1.895
12/12/2018 6:00;13.605
13/12/2018 6:00;4.94
14/12/2018 6:00;5.365
15/12/2018 6:00;12.465
16/12/2018 6:00;7.405
17/12/2018 6:00;1.89
18/12/2018 6:00;39.83
19/12/2018 6:00;3.295
20/12/2018 6:00;3.595
21/12/2018 6:00;4.735
22/12/2018 6:00;0.285
23/12/2018 6:00;0
24/12/2018 6:00;0.005
25/12/2018 6:00;0.035
26/12/2018 6:00;0.27
27/12/2018 6:00;0.285
28/12/2018 6:00;0
29/12/2018 6:00;0.09
30/12/2018 6:00;0
31/12/2018 6:00;0
01/01/2019 6:00;0
02/01/2019 6:00;0.005
03/01/2019 6:00;0
04/01/2019 6:00;0.1
05/01/2019 6:00;0
06/01/2019 6:00;0
07/01/2019 6:00;0
08/01/2019 6:00;0
09/01/2019 6:00;0
10/01/2019 6:00;0.08
11/01/2019 6:00;0
12/01/2019 6:00;0
13/01/2019 6:00;0
14/01/2019 6:00;0
15/01/2019 6:00;0.135
16/01/2019 6:00;6.28
17/01/2019 6:00;3.845
18/01/2019 6:00;6.49
19/01/2019 6:00;25.61
20/01/2019 6:00;6.58
21/01/2019 6:00;2.26
22/01/2019 6:00;11.17
23/01/2019 6:00;11.045
24/01/2019 6:00;10.65
25/01/2019 6:00;1.14
26/01/2019 6:00;2.45
27/01/2019 6:00;3.835
28/01/2019 6:00;4.135
29/01/2019 6:00;5.82
30/01/2019 6:00;25.635
31/01/2019 6:00;12.64
01/02/2019 6:00;19.385
02/02/2019 6:00;2.695
03/02/2019 6:00;0.585
04/02/2019 6:00;1.04
05/02/2019 6:00;0.105
06/02/2019 6:00;4.48
07/02/2019 6:00;0.405
08/02/2019 6:00;3.295
09/02/2019 6:00;13.17
10/02/2019 6:00;4.245
11/02/2019 6:00;0
12/02/2019 6:00;0
13/02/2019 6:00;0.035
14/02/2019 6:00;0
15/02/2019 6:00;0
16/02/2019 6:00;0
17/02/2019 6:00;21.185
18/02/2019 6:00;0.73
19/02/2019 6:00;0
20/02/2019 6:00;0
21/02/2019 6:00;0
22/02/2019 6:00;0
23/02/2019 6:00;0
24/02/2019 6:00;0
25/02/2019 6:00;0
26/02/2019 6:00;0
27/02/2019 6:00;0.615
28/02/2019 6:00;0.02
01/03/2019 6:00;0.025
02/03/2019 6:00;0.5
03/03/2019 6:00;14.435
04/03/2019 6:00;1.99
05/03/2019 6:00;29.64
06/03/2019 6:00;13.375
07/03/2019 6:00;4.53
08/03/2019 6:00;0.035
09/03/2019 6:00;0.275
10/03/2019 6:00;1.39
11/03/2019 6:00;0.005
12/03/2019 6:00;5.715
13/03/2019 6:00;1.07
14/03/2019 6:00;0
15/03/2019 6:00;0
16/03/2019 6:00;4.76
17/03/2019 6:00;2.18
18/03/2019 6:00;0.015
19/03/2019 6:00;0
20/03/2019 6:00;0
21/03/2019 6:00;0
22/03/2019 6:00;0
23/03/2019 6:00;0
24/03/2019 6:00;0
25/03/2019 6:00;0
26/03/2019 6:00;0
27/03/2019 6:00;0
28/03/2019 6:00;0
29/03/2019 6:00;0
30/03/2019 6:00;0
31/03/2019 6:00;0.435
01/04/2019 6:00;0.05
02/04/2019 6:00;0.795
03/04/2019 6:00;3.625
04/04/2019 6:00;13.28
05/04/2019 6:00;16.305
06/04/2019 6:00;11.52
07/04/2019 6:00;10.895
08/04/2019 6:00;10.25
09/04/2019 6:00;9.04
10/04/2019 6:00;0.05
11/04/2019 6:00;0.005
12/04/2019 6:00;0
13/04/2019 6:00;0.12
14/04/2019 6:00;2.295
15/04/2019 6:00;3.485
16/04/2019 6:00;0.01
17/04/2019 6:00;4.535
18/04/2019 6:00;0.985
19/04/2019 6:00;0.795
20/04/2019 6:00;0
21/04/2019 6:00;0
22/04/2019 6:00;4.915
23/04/2019 6:00;16.65
24/04/2019 6:00;15.065
25/04/2019 6:00;14.225
26/04/2019 6:00;1.065
27/04/2019 6:00;0.735
28/04/2019 6:00;0
29/04/2019 6:00;0
30/04/2019 6:00;0
01/05/2019 6:00;0.1
02/05/2019 6:00;0
03/05/2019 6:00;0
04/05/2019 6:00;0
05/05/2019 6:00;0.09
06/05/2019 6:00;1.37
07/05/2019 6:00;6.54
08/05/2019 6:00;7.025
09/05/2019 6:00;22.195
10/05/2019 6:00;0.245
11/05/2019 6:00;0.015
12/05/2019 6:00;0
13/05/2019 6:00;0
14/05/2019 6:00;0
15/05/2019 6:00;0.24
16/05/2019 6:00;2.025
17/05/2019 6:00;3.775
18/05/2019 6:00;0.595
19/05/2019 6:00;0
20/05/2019 6:00;0
21/05/2019 6:00;0
22/05/2019 6:00;0.055
23/05/2019 6:00;0.01
24/05/2019 6:00;0
25/05/2019 6:00;0
26/05/2019 6:00;0.68
27/05/2019 6:00;0.735
28/05/2019 6:00;0
29/05/2019 6:00;0
30/05/2019 6:00;0
31/05/2019 6:00;0
01/06/2019 6:00;0
02/06/2019 6:00;3.995
03/06/2019 6:00;5.355
04/06/2019 6:00;7.875
05/06/2019 6:00;5.055
06/06/2019 6:00;28.79
07/06/2019 6:00;0.45
08/06/2019 6:00;0.215
09/06/2019 6:00;0
10/06/2019 6:00;1.365
11/06/2019 6:00;1.505
12/06/2019 6:00;1.19
13/06/2019 6:00;0.285
14/06/2019 6:00;3.35
15/06/2019 6:00;0.3
16/06/2019 6:00;0
17/06/2019 6:00;2.505
18/06/2019 6:00;10.345
19/06/2019 6:00;3.36
20/06/2019 6:00;0.105
21/06/2019 6:00;0
22/06/2019 6:00;1.365
23/06/2019 6:00;0
24/06/2019 6:00;0
25/06/2019 6:00;2.77
26/06/2019 6:00;2.425
27/06/2019 6:00;0.005
28/06/2019 6:00;0
29/06/2019 6:00;0
30/06/2019 6:00;0.465
01/07/2019 6:00;0.17
02/07/2019 6:00;0.09
03/07/2019 6:00;0.09
04/07/2019 6:00;0
05/07/2019 6:00;0.005
06/07/2019 6:00;0
07/07/2019 6:00;0
08/07/2019 6:00;0
09/07/2019 6:00;0
10/07/2019 6:00;0
11/07/2019 6:00;0
12/07/2019 6:00;0
13/07/2019 6:00;0.34
14/07/2019 6:00;0
15/07/2019 6:00;0
16/07/2019 6:00;0
17/07/2019 6:00;0
18/07/2019 6:00;0
19/07/2019 6:00;0.025
20/07/2019 6:00;0.01
21/07/2019 6:00;0
22/07/2019 6:00;0.04
23/07/2019 6:00;0
24/07/2019 6:00;0.3
25/07/2019 6:00;0.905
26/07/2019 6:00;2.84
27/07/2019 6:00;5.035
28/07/2019 6:00;0.435
29/07/2019 6:00;1.995
30/07/2019 6:00;0.075
31/07/2019 6:00;0
01/08/2019 6:00;0
02/08/2019 6:00;0
03/08/2019 6:00;0
04/08/2019 6:00;0.305
05/08/2019 6:00;0
06/08/2019 6:00;0.2
07/08/2019 6:00;4.3
08/08/2019 6:00;13.965
09/08/2019 6:00;0.415
10/08/2019 6:00;0.29
11/08/2019 6:00;5.02
12/08/2019 6:00;0.46
13/08/2019 6:00;0
14/08/2019 6:00;0.105
15/08/2019 6:00;0.005
16/08/2019 6:00;0.215
17/08/2019 6:00;11.53
18/08/2019 6:00;3.62
19/08/2019 6:00;0
20/08/2019 6:00;0
21/08/2019 6:00;0
22/08/2019 6:00;0
23/08/2019 6:00;0
24/08/2019 6:00;0.05
25/08/2019 6:00;0
26/08/2019 6:00;0.095
27/08/2019 6:00;0
28/08/2019 6:00;0
29/08/2019 6:00;0
30/08/2019 6:00;0
31/08/2019 6:00;0.81
01/09/2019 6:00;0.575
02/09/2019 6:00;0
03/09/2019 6:00;0
04/09/2019 6:00;0.07
05/09/2019 6:00;0.01
06/09/2019 6:00;0
07/09/2019 6:00;0
08/09/2019 6:00;0
09/09/2019 6:00;1.26
10/09/2019 6:00;0.1
11/09/2019 6:00;0
12/09/2019 6:00;0
13/09/2019 6:00;0
14/09/2019 6:00;0
15/09/2019 6:00;0.045
16/09/2019 6:00;0.045
17/09/2019 6:00;3.52
18/09/2019 6:00;0.005
19/09/2019 6:00;0.045
20/09/2019 6:00;1.06
21/09/2019 6:00;4.51
22/09/2019 6:00;0.73
23/09/2019 6:00;17.22
24/09/2019 6:00;2.48
25/09/2019 6:00;0.035
26/09/2019 6:00;3.1
27/09/2019 6:00;1.75
28/09/2019 6:00;0.52
29/09/2019 6:00;4.29
30/09/2019 6:00;1.375
01/10/2019 6:00;0.675
02/10/2019 6:00;0.015
03/10/2019 6:00;0.22
04/10/2019 6:00;0.155
05/10/2019 6:00;1.195
06/10/2019 6:00;0.39
07/10/2019 6:00;0.895
08/10/2019 6:00;3.26
09/10/2019 6:00;0.1
10/10/2019 6:00;0
11/10/2019 6:00;0
12/10/2019 6:00;13.745
13/10/2019 6:00;25.125
14/10/2019 6:00;16.325
15/10/2019 6:00;17.86
16/10/2019 6:00;31.325
17/10/2019 6:00;3.545
18/10/2019 6:00;12.66
19/10/2019 6:00;11.65
20/10/2019 6:00;6.76
21/10/2019 6:00;3.32
22/10/2019 6:00;1.015
23/10/2019 6:00;2.245
24/10/2019 6:00;4.74
25/10/2019 6:00;0.3
26/10/2019 6:00;0.29
27/10/2019 6:00;0.845
28/10/2019 6:00;3.375
29/10/2019 6:00;4.095
30/10/2019 6:00;2.12
31/10/2019 6:00;4.55
01/11/2019 6:00;11.615
02/11/2019 6:00;8.74
03/11/2019 6:00;14.64
04/11/2019 6:00;13.245
05/11/2019 6:00;7.395
06/11/2019 6:00;11.95
07/11/2019 6:00;19.76
08/11/2019 6:00;8.23
09/11/2019 6:00;2.945
10/11/2019 6:00;20.795
11/11/2019 6:00;2.145
12/11/2019 6:00;36.25
13/11/2019 6:00;12.005
14/11/2019 6:00;11.11
15/11/2019 6:00;13.49
16/11/2019 6:00;6.54
17/11/2019 6:00;7.84
18/11/2019 6:00;1.84
19/11/2019 6:00;1.915
20/11/2019 6:00;8
21/11/2019 6:00;16.49
22/11/2019 6:00;32.585
23/11/2019 6:00;4.06
24/11/2019 6:00;7.02
25/11/2019 6:00;2.455
26/11/2019 6:00;15.58
27/11/2019 6:00;5.03
28/11/2019 6:00;15.06
29/11/2019 6:00;5.995
30/11/2019 6:00;9.365
01/12/2019 6:00;2.46
02/12/2019 6:00;0.005
03/12/2019 6:00;0
04/12/2019 6:00;0
05/12/2019 6:00;0.04
06/12/2019 6:00;0.175
07/12/2019 6:00;2.01
08/12/2019 6:00;4.165
09/12/2019 6:00;0.015
10/12/2019 6:00;10.46
11/12/2019 6:00;10.19
12/12/2019 6:00;24.81
13/12/2019 6:00;2.555
14/12/2019 6:00;26.685
15/12/2019 6:00;10.95
16/12/2019 6:00;8.92
17/12/2019 6:00;2.005
18/12/2019 6:00;60.39
19/12/2019 6:00;30.825
20/12/2019 6:00;6.8
21/12/2019 6:00;18.84
22/12/2019 6:00;5
23/12/2019 6:00;1.76
24/12/2019 6:00;0.15
25/12/2019 6:00;0.515
26/12/2019 6:00;0
27/12/2019 6:00;0
28/12/2019 6:00;0
29/12/2019 6:00;0
30/12/2019 6:00;0.065
31/12/2019 6:00;0.09
01/01/2020 6:00;0
02/01/2020 6:00;0.685
03/01/2020 6:00;0.14
04/01/2020 6:00;0.1
05/01/2020 6:00;0.005
06/01/2020 6:00;0.12
07/01/2020 6:00;0.1
08/01/2020 6:00;0.645
09/01/2020 6:00;1.9
10/01/2020 6:00;0.4
11/01/2020 6:00;0.025
12/01/2020 6:00;1.455
13/01/2020 6:00;6.485
14/01/2020 6:00;13.025
15/01/2020 6:00;5.785
16/01/2020 6:00;60.62
17/01/2020 6:00;1.405
18/01/2020 6:00;11.14
19/01/2020 6:00;0.935
20/01/2020 6:00;0.925
21/01/2020 6:00;0.015
22/01/2020 6:00;1.465
23/01/2020 6:00;0.19
24/01/2020 6:00;0
25/01/2020 6:00;0.205
26/01/2020 6:00;6.31
27/01/2020 6:00;9.46
28/01/2020 6:00;7.055
29/01/2020 6:00;31.525
30/01/2020 6:00;2.93
31/01/2020 6:00;10.415
01/02/2020 6:00;2.305
02/02/2020 6:00;0
03/02/2020 6:00;0
04/02/2020 6:00;0
05/02/2020 6:00;0
06/02/2020 6:00;0
07/02/2020 6:00;2.045
08/02/2020 6:00;0.77
09/02/2020 6:00;3.765
10/02/2020 6:00;0.115
11/02/2020 6:00;4.38
12/02/2020 6:00;2.56
13/02/2020 6:00;1.92
14/02/2020 6:00;0.045
15/02/2020 6:00;1.915
16/02/2020 6:00;9.805
17/02/2020 6:00;0.76
18/02/2020 6:00;0.41
19/02/2020 6:00;0
20/02/2020 6:00;0.08
21/02/2020 6:00;0.085
22/02/2020 6:00;0.07
23/02/2020 6:00;0.1
24/02/2020 6:00;3.5
25/02/2020 6:00;5.01
26/02/2020 6:00;1
27/02/2020 6:00;0.015
28/02/2020 6:00;16.555
29/02/2020 6:00;5
01/03/2020 6:00;35.42
02/03/2020 6:00;9.635
03/03/2020 6:00;3.35
04/03/2020 6:00;17.155
05/03/2020 6:00;12.78
06/03/2020 6:00;2.765
07/03/2020 6:00;1.34
08/03/2020 6:00;0.815
09/03/2020 6:00;0
10/03/2020 6:00;0.1
11/03/2020 6:00;0.03
12/03/2020 6:00;0.065
13/03/2020 6:00;0
14/03/2020 6:00;0
15/03/2020 6:00;11.665
16/03/2020 6:00;1.43
17/03/2020 6:00;0.095
18/03/2020 6:00;0
19/03/2020 6:00;3.405
20/03/2020 6:00;12.575
21/03/2020 6:00;0.69
22/03/2020 6:00;0.875
23/03/2020 6:00;0
24/03/2020 6:00;0
25/03/2020 6:00;0
26/03/2020 6:00;0
27/03/2020 6:00;0
28/03/2020 6:00;0
29/03/2020 6:00;0
30/03/2020 6:00;0
31/03/2020 6:00;5.865
01/04/2020 6:00;0.865
02/04/2020 6:00;0.005
03/04/2020 6:00;0
04/04/2020 6:00;3.65
05/04/2020 6:00;9.59
06/04/2020 6:00;0.49
07/04/2020 6:00;2.87
08/04/2020 6:00;3.28
09/04/2020 6:00;6.85
10/04/2020 6:00;4.775
11/04/2020 6:00;0.16
12/04/2020 6:00;2.965
13/04/2020 6:00;0.44
14/04/2020 6:00;6.635
15/04/2020 6:00;9.295
16/04/2020 6:00;12.375
17/04/2020 6:00;5.56
18/04/2020 6:00;5.63
19/04/2020 6:00;0.24
20/04/2020 6:00;3.185
21/04/2020 6:00;2
22/04/2020 6:00;0.74
23/04/2020 6:00;0.31
24/04/2020 6:00;0.035
25/04/2020 6:00;0.42
26/04/2020 6:00;1.02
27/04/2020 6:00;4.245
28/04/2020 6:00;2.95
29/04/2020 6:00;11.045
30/04/2020 6:00;10.035
01/05/2020 6:00;4.725
02/05/2020 6:00;1.58
03/05/2020 6:00;0.205
04/05/2020 6:00;5.68
05/05/2020 6:00;3.605
06/05/2020 6:00;1.6
07/05/2020 6:00;0.125
08/05/2020 6:00;0
09/05/2020 6:00;1.55
10/05/2020 6:00;0.915
11/05/2020 6:00;0.01
12/05/2020 6:00;5.35
13/05/2020 6:00;1.81
14/05/2020 6:00;0.23
15/05/2020 6:00;0.07
16/05/2020 6:00;0
17/05/2020 6:00;0
18/05/2020 6:00;0
19/05/2020 6:00;0
20/05/2020 6:00;0
21/05/2020 6:00;0.145
22/05/2020 6:00;2.13
23/05/2020 6:00;0
24/05/2020 6:00;0
25/05/2020 6:00;0
26/05/2020 6:00;0.01
27/05/2020 6:00;0
28/05/2020 6:00;0
29/05/2020 6:00;0.005
30/05/2020 6:00;0.035
31/05/2020 6:00;2.45
01/06/2020 6:00;0.36
02/06/2020 6:00;0.225
03/06/2020 6:00;0.17
04/06/2020 6:00;0.12
05/06/2020 6:00;0.02
06/06/2020 6:00;0.39
07/06/2020 6:00;0
08/06/2020 6:00;0
09/06/2020 6:00;0
10/06/2020 6:00;3.23
11/06/2020 6:00;15.95
12/06/2020 6:00;9.74
13/06/2020 6:00;2.495
14/06/2020 6:00;0.55
15/06/2020 6:00;2.6
16/06/2020 6:00;1.34
17/06/2020 6:00;0.15
18/06/2020 6:00;0
19/06/2020 6:00;0
20/06/2020 6:00;0.24
21/06/2020 6:00;2.17
22/06/2020 6:00;0.19
23/06/2020 6:00;0.555
24/06/2020 6:00;0
25/06/2020 6:00;0
26/06/2020 6:00;1.6
27/06/2020 6:00;2.075
28/06/2020 6:00;1.11
29/06/2020 6:00;0.1
30/06/2020 6:00;1.19
01/07/2020 6:00;0.475
02/07/2020 6:00;1.875
03/07/2020 6:00;0
04/07/2020 6:00;0.1
05/07/2020 6:00;0.135
06/07/2020 6:00;0
07/07/2020 6:00;0
08/07/2020 6:00;0
09/07/2020 6:00;0.42
10/07/2020 6:00;0.1
11/07/2020 6:00;0
12/07/2020 6:00;0
13/07/2020 6:00;0
14/07/2020 6:00;0.065
15/07/2020 6:00;0
16/07/2020 6:00;0
17/07/2020 6:00;0
18/07/2020 6:00;0
19/07/2020 6:00;0
20/07/2020 6:00;0
21/07/2020 6:00;0
22/07/2020 6:00;0
23/07/2020 6:00;0
24/07/2020 6:00;0
25/07/2020 6:00;0.11
26/07/2020 6:00;0
27/07/2020 6:00;0.035
28/07/2020 6:00;0.31
29/07/2020 6:00;0
30/07/2020 6:00;0.005
31/07/2020 6:00;0
01/08/2020 6:00;0
02/08/2020 6:00;0
03/08/2020 6:00;0.635
04/08/2020 6:00;0.12
05/08/2020 6:00;0
06/08/2020 6:00;0
07/08/2020 6:00;0
08/08/2020 6:00;0
09/08/2020 6:00;0
10/08/2020 6:00;0.53
11/08/2020 6:00;37.015
12/08/2020 6:00;13.14
13/08/2020 6:00;0.025
14/08/2020 6:00;3.99
15/08/2020 6:00;4
16/08/2020 6:00;8.135
17/08/2020 6:00;1.605
18/08/2020 6:00;6.02
19/08/2020 6:00;12.48
20/08/2020 6:00;4.54
21/08/2020 6:00;0.72
22/08/2020 6:00;0
23/08/2020 6:00;0
24/08/2020 6:00;0
25/08/2020 6:00;0.17
26/08/2020 6:00;0.065
27/08/2020 6:00;1.185
28/08/2020 6:00;5.54
29/08/2020 6:00;2.475
30/08/2020 6:00;0.035
31/08/2020 6:00;0
01/09/2020 6:00;0
02/09/2020 6:00;0
03/09/2020 6:00;0
04/09/2020 6:00;0.02
05/09/2020 6:00;0.065
06/09/2020 6:00;0
07/09/2020 6:00;0
08/09/2020 6:00;0
09/09/2020 6:00;0
10/09/2020 6:00;0
11/09/2020 6:00;0
12/09/2020 6:00;0
13/09/2020 6:00;0.22
14/09/2020 6:00;0.075
15/09/2020 6:00;0.025
16/09/2020 6:00;0.08
17/09/2020 6:00;25.665
18/09/2020 6:00;2.15
19/09/2020 6:00;0.905
20/09/2020 6:00;10.78
21/09/2020 6:00;0.85
22/09/2020 6:00;5.65
23/09/2020 6:00;3.095
24/09/2020 6:00;1.9
25/09/2020 6:00;0.52
26/09/2020 6:00;7.135
27/09/2020 6:00;0.945
28/09/2020 6:00;0
29/09/2020 6:00;0
30/09/2020 6:00;4.2
01/10/2020 6:00;14.51
02/10/2020 6:00;13.645
03/10/2020 6:00;5.93
04/10/2020 6:00;6.225
05/10/2020 6:00;0.885
06/10/2020 6:00;2.525
07/10/2020 6:00;0.075
08/10/2020 6:00;0.02
09/10/2020 6:00;0.31
10/10/2020 6:00;0
11/10/2020 6:00;0.005
12/10/2020 6:00;3.85
13/10/2020 6:00;2.97
14/10/2020 6:00;2.63
15/10/2020 6:00;0.405
16/10/2020 6:00;0.1
17/10/2020 6:00;0.09
18/10/2020 6:00;0.325
19/10/2020 6:00;11.28
20/10/2020 6:00;9.995
21/10/2020 6:00;6.765
22/10/2020 6:00;9.78
23/10/2020 6:00;2.265
24/10/2020 6:00;23.17
25/10/2020 6:00;21.81
26/10/2020 6:00;3.89
27/10/2020 6:00;9.33
28/10/2020 6:00;0.71
29/10/2020 6:00;0
30/10/2020 6:00;0.545
31/10/2020 6:00;4.205
01/11/2020 6:00;5.5
02/11/2020 6:00;5.535
03/11/2020 6:00;2.515
04/11/2020 6:00;1.07
05/11/2020 6:00;0.105
06/11/2020 6:00;2.6
07/11/2020 6:00;12.38
08/11/2020 6:00;10.83
09/11/2020 6:00;5.185
10/11/2020 6:00;0.46
11/11/2020 6:00;8.92
12/11/2020 6:00;0.355
13/11/2020 6:00;0.09
14/11/2020 6:00;4.105
15/11/2020 6:00;9.015
16/11/2020 6:00;0.015
17/11/2020 6:00;2.01
18/11/2020 6:00;8.585
19/11/2020 6:00;0
20/11/2020 6:00;0.065
21/11/2020 6:00;0
22/11/2020 6:00;0.02
23/11/2020 6:00;0
24/11/2020 6:00;19.245
25/11/2020 6:00;9.76
26/11/2020 6:00;0.58
27/11/2020 6:00;0.06
28/11/2020 6:00;0.115
29/11/2020 6:00;0.09
30/11/2020 6:00;0
01/12/2020 6:00;0.07
02/12/2020 6:00;0
03/12/2020 6:00;14.985
04/12/2020 6:00;20.395
05/12/2020 6:00;11.36
06/12/2020 6:00;7.62
07/12/2020 6:00;14.95
08/12/2020 6:00;5.87
09/12/2020 6:00;12.845
10/12/2020 6:00;25.07
11/12/2020 6:00;5.69
12/12/2020 6:00;1.465
13/12/2020 6:00;2.49
14/12/2020 6:00;9.675
15/12/2020 6:00;43.79
16/12/2020 6:00;12.89
17/12/2020 6:00;0.345
18/12/2020 6:00;11.84
19/12/2020 6:00;4.07
20/12/2020 6:00;8.14
21/12/2020 6:00;3.485
22/12/2020 6:00;11.46
23/12/2020 6:00;5.98
24/12/2020 6:00;6.115
25/12/2020 6:00;0.635
26/12/2020 6:00;0.02
27/12/2020 6:00;11.84
28/12/2020 6:00;11.605
29/12/2020 6:00;5.92
30/12/2020 6:00;14.795
31/12/2020 6:00;14.275
01/01/2021 6:00;15.15
02/01/2021 6:00;10.66
03/01/2021 6:00;9.315
04/01/2021 6:00;4.035
05/01/2021 6:00;2.3
06/01/2021 6:00;0.405
07/01/2021 6:00;0.445
08/01/2021 6:00;2.235
09/01/2021 6:00;1.48
10/01/2021 6:00;0.11
11/01/2021 6:00;0
12/01/2021 6:00;0
13/01/2021 6:00;0.05
14/01/2021 6:00;0.865
15/01/2021 6:00;0.09
16/01/2021 6:00;0.125
17/01/2021 6:00;0.375
18/01/2021 6:00;0.045
19/01/2021 6:00;18.035
20/01/2021 6:00;20.795
21/01/2021 6:00;22.105
22/01/2021 6:00;9.685
23/01/2021 6:00;10.865
24/01/2021 6:00;15.205
25/01/2021 6:00;5.775
26/01/2021 6:00;0.54
27/01/2021 6:00;0.595
28/01/2021 6:00;3.655
29/01/2021 6:00;10.615
30/01/2021 6:00;13.245
31/01/2021 6:00;3.66
01/02/2021 6:00;5.025
02/02/2021 6:00;18.26
03/02/2021 6:00;7.96
04/02/2021 6:00;7.495
05/02/2021 6:00;3.53
06/02/2021 6:00;1.08
07/02/2021 6:00;18.54
08/02/2021 6:00;16.145
09/02/2021 6:00;13.105
10/02/2021 6:00;6.69
11/02/2021 6:00;40.245
12/02/2021 6:00;4.105
13/02/2021 6:00;1.38
14/02/2021 6:00;0.255
15/02/2021 6:00;13
16/02/2021 6:00;2.725
17/02/2021 6:00;14.265
18/02/2021 6:00;2.905
19/02/2021 6:00;35.06
20/02/2021 6:00;23.01
21/02/2021 6:00;3.56
22/02/2021 6:00;0.395
23/02/2021 6:00;2.58
24/02/2021 6:00;14.47
25/02/2021 6:00;7.885
26/02/2021 6:00;0.265
27/02/2021 6:00;0
28/02/2021 6:00;0
01/03/2021 6:00;0.865
02/03/2021 6:00;1.45
03/03/2021 6:00;0.56
04/03/2021 6:00;0
05/03/2021 6:00;0
06/03/2021 6:00;0
07/03/2021 6:00;0
08/03/2021 6:00;0
09/03/2021 6:00;0
10/03/2021 6:00;1.395
11/03/2021 6:00;7.155
12/03/2021 6:00;3.44
13/03/2021 6:00;2.415
14/03/2021 6:00;0.565
15/03/2021 6:00;0
16/03/2021 6:00;0
17/03/2021 6:00;0
18/03/2021 6:00;0
19/03/2021 6:00;0.205
20/03/2021 6:00;0
21/03/2021 6:00;0
22/03/2021 6:00;0
23/03/2021 6:00;0
24/03/2021 6:00;0
25/03/2021 6:00;0.09
26/03/2021 6:00;1.09
27/03/2021 6:00;0
28/03/2021 6:00;0
29/03/2021 6:00;0
30/03/2021 6:00;0
31/03/2021 6:00;0.015
01/04/2021 6:00;12.275
02/04/2021 6:00;0.41
03/04/2021 6:00;0
04/04/2021 6:00;0
05/04/2021 6:00;0
06/04/2021 6:00;0
07/04/2021 6:00;0
08/04/2021 6:00;0.005
09/04/2021 6:00;0.815
10/04/2021 6:00;7.11
11/04/2021 6:00;0.065
12/04/2021 6:00;0.195
13/04/2021 6:00;0.195
14/04/2021 6:00;0
15/04/2021 6:00;0
16/04/2021 6:00;0
17/04/2021 6:00;0
18/04/2021 6:00;0
19/04/2021 6:00;2.88
20/04/2021 6:00;2.14
21/04/2021 6:00;3.56
22/04/2021 6:00;0.365
23/04/2021 6:00;7.785
24/04/2021 6:00;17.69
25/04/2021 6:00;14.73
26/04/2021 6:00;0.47
27/04/2021 6:00;0.34
28/04/2021 6:00;0.285
29/04/2021 6:00;0.815
30/04/2021 6:00;0.425
01/05/2021 6:00;0.1
02/05/2021 6:00;0.075
03/05/2021 6:00;0
04/05/2021 6:00;0.695
05/05/2021 6:00;0.625
06/05/2021 6:00;0.425
07/05/2021 6:00;0
08/05/2021 6:00;11.675
09/05/2021 6:00;6.505
10/05/2021 6:00;9.65
11/05/2021 6:00;9.44
12/05/2021 6:00;8.82
13/05/2021 6:00;7.075
14/05/2021 6:00;18.075
15/05/2021 6:00;21.44
16/05/2021 6:00;0.045
17/05/2021 6:00;4.745
18/05/2021 6:00;0.83
19/05/2021 6:00;0.01
20/05/2021 6:00;2.87
21/05/2021 6:00;2.825
22/05/2021 6:00;0.26
23/05/2021 6:00;4.935
24/05/2021 6:00;0.54
25/05/2021 6:00;0
26/05/2021 6:00;0
27/05/2021 6:00;0
28/05/2021 6:00;0
29/05/2021 6:00;0
30/05/2021 6:00;0
31/05/2021 6:00;0
01/06/2021 6:00;1.495
02/06/2021 6:00;4.435
03/06/2021 6:00;0.425
04/06/2021 6:00;0
05/06/2021 6:00;0
06/06/2021 6:00;0
07/06/2021 6:00;0
08/06/2021 6:00;0
09/06/2021 6:00;0
10/06/2021 6:00;0
11/06/2021 6:00;0
12/06/2021 6:00;0
13/06/2021 6:00;1.955
14/06/2021 6:00;0
15/06/2021 6:00;0
16/06/2021 6:00;12.645
17/06/2021 6:00;46.12
18/06/2021 6:00;6.24
19/06/2021 6:00;3.115
20/06/2021 6:00;12.785
21/06/2021 6:00;10.59
22/06/2021 6:00;3.25
23/06/2021 6:00;0.18
24/06/2021 6:00;0
25/06/2021 6:00;0
26/06/2021 6:00;1.88
27/06/2021 6:00;0.36
28/06/2021 6:00;0.005
29/06/2021 6:00;0
30/06/2021 6:00;0
01/07/2021 6:00;0
02/07/2021 6:00;2.05
03/07/2021 6:00;0.94
04/07/2021 6:00;2.45
05/07/2021 6:00;8.525
06/07/2021 6:00;3.355
07/07/2021 6:00;0.53
08/07/2021 6:00;0
09/07/2021 6:00;0
10/07/2021 6:00;0
11/07/2021 6:00;0.775
12/07/2021 6:00;0.86
13/07/2021 6:00;0.06
14/07/2021 6:00;0
15/07/2021 6:00;0
16/07/2021 6:00;0
17/07/2021 6:00;0
18/07/2021 6:00;0.08
19/07/2021 6:00;0.145
20/07/2021 6:00;0.41
21/07/2021 6:00;0.26
22/07/2021 6:00;0.81
23/07/2021 6:00;5.425
24/07/2021 6:00;0.99
25/07/2021 6:00;0
26/07/2021 6:00;0.13
27/07/2021 6:00;0.01
28/07/2021 6:00;0
29/07/2021 6:00;1.275
30/07/2021 6:00;0.42
31/07/2021 6:00;0.05
01/08/2021 6:00;2.88
02/08/2021 6:00;0.12
03/08/2021 6:00;6.845
04/08/2021 6:00;0.655
05/08/2021 6:00;0.78
06/08/2021 6:00;1.145
07/08/2021 6:00;0.65
08/08/2021 6:00;0.1
09/08/2021 6:00;0
10/08/2021 6:00;0
11/08/2021 6:00;0
12/08/2021 6:00;0
13/08/2021 6:00;0
14/08/2021 6:00;0
15/08/2021 6:00;0
16/08/2021 6:00;0
17/08/2021 6:00;0
18/08/2021 6:00;0
19/08/2021 6:00;0
20/08/2021 6:00;0.16
21/08/2021 6:00;0.075
22/08/2021 6:00;0
23/08/2021 6:00;0
24/08/2021 6:00;0
25/08/2021 6:00;0
26/08/2021 6:00;0
27/08/2021 6:00;0.06
28/08/2021 6:00;0.09
29/08/2021 6:00;0
30/08/2021 6:00;0
31/08/2021 6:00;0.07
01/09/2021 6:00;0.425
02/09/2021 6:00;0
03/09/2021 6:00;0
04/09/2021 6:00;0
05/09/2021 6:00;0
06/09/2021 6:00;19.175
07/09/2021 6:00;14.375
08/09/2021 6:00;6.625
09/09/2021 6:00;5.61
10/09/2021 6:00;1.56
11/09/2021 6:00;0.125
12/09/2021 6:00;1.295
13/09/2021 6:00;6.7
14/09/2021 6:00;0.14
15/09/2021 6:00;0.045
16/09/2021 6:00;0
17/09/2021 6:00;5.685
18/09/2021 6:00;0.125
19/09/2021 6:00;1.005
20/09/2021 6:00;0.05
21/09/2021 6:00;0.005
22/09/2021 6:00;0
23/09/2021 6:00;0
24/09/2021 6:00;8.975
25/09/2021 6:00;0.07
26/09/2021 6:00;6.705
27/09/2021 6:00;1.625
28/09/2021 6:00;1.2
29/09/2021 6:00;1.805
30/09/2021 6:00;0
01/10/2021 6:00;3.085
02/10/2021 6:00;38.28
03/10/2021 6:00;0.525
04/10/2021 6:00;4.755
05/10/2021 6:00;0.66
06/10/2021 6:00;0.12
07/10/2021 6:00;0
08/10/2021 6:00;0
09/10/2021 6:00;0
10/10/2021 6:00;0
11/10/2021 6:00;0
12/10/2021 6:00;0.02
13/10/2021 6:00;0
14/10/2021 6:00;0
15/10/2021 6:00;0.1
16/10/2021 6:00;7.19
17/10/2021 6:00;0.73
18/10/2021 6:00;0.035
19/10/2021 6:00;4.76
20/10/2021 6:00;1.37
21/10/2021 6:00;0.67
22/10/2021 6:00;0.17
23/10/2021 6:00;1.22
24/10/2021 6:00;7.015
25/10/2021 6:00;0.055
26/10/2021 6:00;0.035
27/10/2021 6:00;0.005
28/10/2021 6:00;20.24
29/10/2021 6:00;15.95
30/10/2021 6:00;3.625
31/10/2021 6:00;5.58
01/11/2021 6:00;7.095
02/11/2021 6:00;16.485
03/11/2021 6:00;13.05
04/11/2021 6:00;10.125
05/11/2021 6:00;0.07
06/11/2021 6:00;0.405
07/11/2021 6:00;0.01
08/11/2021 6:00;0.025
09/11/2021 6:00;0
10/11/2021 6:00;0.01
11/11/2021 6:00;0.03
12/11/2021 6:00;0.005
13/11/2021 6:00;0
14/11/2021 6:00;0.01
15/11/2021 6:00;0.005
16/11/2021 6:00;0
17/11/2021 6:00;0
18/11/2021 6:00;0
19/11/2021 6:00;0.015
20/11/2021 6:00;0
21/11/2021 6:00;2.955
22/11/2021 6:00;8.895
23/11/2021 6:00;0.205
24/11/2021 6:00;6.58
25/11/2021 6:00;8.015
26/11/2021 6:00;8.625
27/11/2021 6:00;7.775
28/11/2021 6:00;13.52
29/11/2021 6:00;2.21
30/11/2021 6:00;0.93
01/12/2021 6:00;9.44
02/12/2021 6:00;3.855
03/12/2021 6:00;8.425
04/12/2021 6:00;6.87
05/12/2021 6:00;2.475
06/12/2021 6:00;15.79
07/12/2021 6:00;24.885
08/12/2021 6:00;10.63
09/12/2021 6:00;6.19
10/12/2021 6:00;2.855
11/12/2021 6:00;0.78
12/12/2021 6:00;0.01
13/12/2021 6:00;0
14/12/2021 6:00;0.02
15/12/2021 6:00;0
16/12/2021 6:00;0
17/12/2021 6:00;0
18/12/2021 6:00;0
19/12/2021 6:00;0.065
20/12/2021 6:00;3.15
21/12/2021 6:00;0.65
22/12/2021 6:00;5.795
23/12/2021 6:00;10.065
24/12/2021 6:00;9.335
25/12/2021 6:00;4.49
26/12/2021 6:00;8.91
27/12/2021 6:00;7.265
28/12/2021 6:00;3.785
29/12/2021 6:00;0.875
30/12/2021 6:00;0.065
31/12/2021 6:00;0
01/01/2022 6:00;2.255
02/01/2022 6:00;0.33
03/01/2022 6:00;34.185
04/01/2022 6:00;7.92
05/01/2022 6:00;5.955
06/01/2022 6:00;2.815
07/01/2022 6:00;0.47
08/01/2022 6:00;5.045
09/01/2022 6:00;4.59
10/01/2022 6:00;3.115
11/01/2022 6:00;0.025
12/01/2022 6:00;0
13/01/2022 6:00;0
14/01/2022 6:00;0
15/01/2022 6:00;0
16/01/2022 6:00;0.03
17/01/2022 6:00;0
18/01/2022 6:00;0
19/01/2022 6:00;0
20/01/2022 6:00;0
21/01/2022 6:00;0
22/01/2022 6:00;0
23/01/2022 6:00;0
24/01/2022 6:00;0
25/01/2022 6:00;0
26/01/2022 6:00;0
27/01/2022 6:00;0
28/01/2022 6:00;0
29/01/2022 6:00;0
30/01/2022 6:00;0
31/01/2022 6:00;0
01/02/2022 6:00;0
02/02/2022 6:00;0.02
03/02/2022 6:00;1.61
04/02/2022 6:00;4.455
05/02/2022 6:00;0.09
06/02/2022 6:00;0
07/02/2022 6:00;0
08/02/2022 6:00;0
09/02/2022 6:00;0.06
10/02/2022 6:00;5.955
11/02/2022 6:00;0
12/02/2022 6:00;1.34
13/02/2022 6:00;18.89
14/02/2022 6:00;2.19
15/02/2022 6:00;1.155
16/02/2022 6:00;0.845
17/02/2022 6:00;2.39
18/02/2022 6:00;7.425
19/02/2022 6:00;0.605
20/02/2022 6:00;1.505
21/02/2022 6:00;1.545
22/02/2022 6:00;0.09
23/02/2022 6:00;0
24/02/2022 6:00;0
25/02/2022 6:00;0
26/02/2022 6:00;0.025
27/02/2022 6:00;1.255
28/02/2022 6:00;0
01/03/2022 6:00;13.68
02/03/2022 6:00;18.55
03/03/2022 6:00;13.185
04/03/2022 6:00;0.355
05/03/2022 6:00;0.11
06/03/2022 6:00;1.125
07/03/2022 6:00;4.27
08/03/2022 6:00;1.66
09/03/2022 6:00;21.51
10/03/2022 6:00;15.155
11/03/2022 6:00;5.585
12/03/2022 6:00;6.525
13/03/2022 6:00;10.875
14/03/2022 6:00;0
15/03/2022 6:00;0.375
16/03/2022 6:00;0.93
17/03/2022 6:00;0
18/03/2022 6:00;0
19/03/2022 6:00;0
20/03/2022 6:00;0.035
21/03/2022 6:00;0.005
22/03/2022 6:00;5.49
23/03/2022 6:00;2.07
24/03/2022 6:00;0
25/03/2022 6:00;0.085
26/03/2022 6:00;0
27/03/2022 6:00;0.225
28/03/2022 6:00;0.945
29/03/2022 6:00;0
30/03/2022 6:00;5.46
31/03/2022 6:00;7.715
01/04/2022 6:00;0.14
02/04/2022 6:00;0.01
03/04/2022 6:00;0.13
04/04/2022 6:00;0
05/04/2022 6:00;0
06/04/2022 6:00;0.18
07/04/2022 6:00;13.575
08/04/2022 6:00;9.32
09/04/2022 6:00;0.075
10/04/2022 6:00;1.48
11/04/2022 6:00;8.755
12/04/2022 6:00;5.285
13/04/2022 6:00;1.36
14/04/2022 6:00;0
15/04/2022 6:00;0.07
16/04/2022 6:00;0.1
17/04/2022 6:00;0.91
18/04/2022 6:00;1.63
19/04/2022 6:00;7.29
20/04/2022 6:00;1.925
21/04/2022 6:00;6.16
22/04/2022 6:00;4.075
23/04/2022 6:00;0.095
24/04/2022 6:00;0.83
25/04/2022 6:00;0.465
26/04/2022 6:00;3.16
27/04/2022 6:00;13.205
28/04/2022 6:00;0
29/04/2022 6:00;0
30/04/2022 6:00;0
01/05/2022 6:00;0
02/05/2022 6:00;0.155
03/05/2022 6:00;0.115
04/05/2022 6:00;0
05/05/2022 6:00;0
06/05/2022 6:00;0
07/05/2022 6:00;0
08/05/2022 6:00;0
09/05/2022 6:00;0
10/05/2022 6:00;0
11/05/2022 6:00;0
12/05/2022 6:00;0
13/05/2022 6:00;0
14/05/2022 6:00;0.35
15/05/2022 6:00;4.615
16/05/2022 6:00;5.96
17/05/2022 6:00;4.49
18/05/2022 6:00;0.325
19/05/2022 6:00;0
20/05/2022 6:00;0
21/05/2022 6:00;2.65
22/05/2022 6:00;3.325
23/05/2022 6:00;1.48
24/05/2022 6:00;2.56
25/05/2022 6:00;0.005
26/05/2022 6:00;0
27/05/2022 6:00;0
28/05/2022 6:00;0.015
29/05/2022 6:00;0.055
30/05/2022 6:00;0.38
31/05/2022 6:00;13.005
01/06/2022 6:00;5.42
02/06/2022 6:00;1.65
03/06/2022 6:00;2.555
04/06/2022 6:00;0.355
05/06/2022 6:00;1.325
06/06/2022 6:00;1.42
07/06/2022 6:00;2.01
08/06/2022 6:00;1.575
09/06/2022 6:00;0.1
10/06/2022 6:00;0.015
11/06/2022 6:00;0
12/06/2022 6:00;0.005
13/06/2022 6:00;0
14/06/2022 6:00;0
15/06/2022 6:00;1.595
16/06/2022 6:00;2
17/06/2022 6:00;0.555
18/06/2022 6:00;1.79
19/06/2022 6:00;12.585
20/06/2022 6:00;8.31
21/06/2022 6:00;3.745
22/06/2022 6:00;0.585
23/06/2022 6:00;0.13
24/06/2022 6:00;11.61
25/06/2022 6:00;0.455
26/06/2022 6:00;0.45
27/06/2022 6:00;0
28/06/2022 6:00;0.865
29/06/2022 6:00;0.145
30/06/2022 6:00;0.04
01/07/2022 6:00;0
02/07/2022 6:00;0
03/07/2022 6:00;0
04/07/2022 6:00;0
05/07/2022 6:00;0
06/07/2022 6:00;0
07/07/2022 6:00;0
08/07/2022 6:00;0
09/07/2022 6:00;0
10/07/2022 6:00;0
11/07/2022 6:00;0
12/07/2022 6:00;0
13/07/2022 6:00;0
14/07/2022 6:00;1.57
15/07/2022 6:00;0.055
16/07/2022 6:00;0
17/07/2022 6:00;0
18/07/2022 6:00;0.635
19/07/2022 6:00;0.38
20/07/2022 6:00;0
21/07/2022 6:00;0
22/07/2022 6:00;0
23/07/2022 6:00;0
24/07/2022 6:00;0.04
25/07/2022 6:00;0
26/07/2022 6:00;0
27/07/2022 6:00;0
28/07/2022 6:00;0.14
29/07/2022 6:00;0.125
30/07/2022 6:00;0
31/07/2022 6:00;0
01/08/2022 6:00;0
02/08/2022 6:00;0.075
03/08/2022 6:00;0.19
04/08/2022 6:00;0.03
05/08/2022 6:00;0
06/08/2022 6:00;0
07/08/2022 6:00;0
08/08/2022 6:00;0.035
09/08/2022 6:00;0.005
10/08/2022 6:00;1.445
11/08/2022 6:00;0.03
12/08/2022 6:00;0.005
13/08/2022 6:00;0
14/08/2022 6:00;0
15/08/2022 6:00;4.135
16/08/2022 6:00;5.27
17/08/2022 6:00;2.415
18/08/2022 6:00;0
19/08/2022 6:00;0
20/08/2022 6:00;0
21/08/2022 6:00;0.135
22/08/2022 6:00;0
23/08/2022 6:00;0.08
24/08/2022 6:00;3.55
25/08/2022 6:00;0.39
26/08/2022 6:00;0.085
27/08/2022 6:00;0
28/08/2022 6:00;0
29/08/2022 6:00;0
30/08/2022 6:00;0
31/08/2022 6:00;0.225
01/09/2022 6:00;3.335
02/09/2022 6:00;0.75
03/09/2022 6:00;0.68
04/09/2022 6:00;29.55
05/09/2022 6:00;13.255
06/09/2022 6:00;1.435
07/09/2022 6:00;1.7
08/09/2022 6:00;3.625
09/09/2022 6:00;0
10/09/2022 6:00;0
11/09/2022 6:00;0.04
12/09/2022 6:00;9.235
13/09/2022 6:00;11.76
14/09/2022 6:00;2.59
15/09/2022 6:00;0.08
16/09/2022 6:00;0.005
17/09/2022 6:00;0
18/09/2022 6:00;0
19/09/2022 6:00;0
20/09/2022 6:00;0.055
21/09/2022 6:00;0
22/09/2022 6:00;0
23/09/2022 6:00;1.645
24/09/2022 6:00;1.095
25/09/2022 6:00;0.185
26/09/2022 6:00;0.745
27/09/2022 6:00;2.845
28/09/2022 6:00;12.015
29/09/2022 6:00;6
30/09/2022 6:00;0.19
01/10/2022 6:00;0.01
02/10/2022 6:00;0
03/10/2022 6:00;0
04/10/2022 6:00;0
05/10/2022 6:00;2.57
06/10/2022 6:00;0
07/10/2022 6:00;0
08/10/2022 6:00;0
09/10/2022 6:00;3.335
10/10/2022 6:00;0.595
11/10/2022 6:00;0
12/10/2022 6:00;0
13/10/2022 6:00;0.255
14/10/2022 6:00;0.22
15/10/2022 6:00;45.92
16/10/2022 6:00;8.085
17/10/2022 6:00;0.535
18/10/2022 6:00;27.18
19/10/2022 6:00;12.025
20/10/2022 6:00;6.765
21/10/2022 6:00;16.92
22/10/2022 6:00;34.415
23/10/2022 6:00;11.005
24/10/2022 6:00;4.56
25/10/2022 6:00;8.1
26/10/2022 6:00;28.32
27/10/2022 6:00;12.35
28/10/2022 6:00;34.525
29/10/2022 6:00;8.345
30/10/2022 6:00;9.69
31/10/2022 6:00;3.35
01/11/2022 6:00;1.02
02/11/2022 6:00;3.415
03/11/2022 6:00;1.875
04/11/2022 6:00;0.075
05/11/2022 6:00;11.525
06/11/2022 6:00;4.645
07/11/2022 6:00;6.91
08/11/2022 6:00;4.905
09/11/2022 6:00;1.275
10/11/2022 6:00;0.045
11/11/2022 6:00;0.1
12/11/2022 6:00;0
13/11/2022 6:00;21.02
14/11/2022 6:00;12.54
15/11/2022 6:00;7.2
16/11/2022 6:00;4.655
17/11/2022 6:00;12.27
18/11/2022 6:00;6.675
19/11/2022 6:00;10.54
20/11/2022 6:00;15.24
21/11/2022 6:00;17.08
22/11/2022 6:00;21.345
23/11/2022 6:00;5.525
24/11/2022 6:00;3.555
25/11/2022 6:00;0.445
26/11/2022 6:00;6.355
27/11/2022 6:00;20.225
28/11/2022 6:00;1.89
29/11/2022 6:00;7.595
30/11/2022 6:00;6.745
01/12/2022 6:00;0.015
02/12/2022 6:00;0.06
03/12/2022 6:00;0
04/12/2022 6:00;0.135
05/12/2022 6:00;0
06/12/2022 6:00;0.065
07/12/2022 6:00;4.37
08/12/2022 6:00;4.26
09/12/2022 6:00;0.005
10/12/2022 6:00;0.065
11/12/2022 6:00;16.685
12/12/2022 6:00;10.505
13/12/2022 6:00;2.39
14/12/2022 6:00;8.5
15/12/2022 6:00;3.255
16/12/2022 6:00;0.245
17/12/2022 6:00;0
18/12/2022 6:00;15.855
19/12/2022 6:00;62.41
20/12/2022 6:00;7.065
21/12/2022 6:00;3.345
22/12/2022 6:00;2.955
23/12/2022 6:00;62.385
24/12/2022 6:00;28.71
25/12/2022 6:00;6.52
26/12/2022 6:00;0.105
27/12/2022 6:00;0.46
28/12/2022 6:00;6.31
29/12/2022 6:00;9.305
30/12/2022 6:00;4.44
